2026-05-06T10:25:43.8325494Z Establishing user namespace if not established already.
2026-05-06T10:25:43.8326924Z Establishing network if not established already.
2026-05-06T10:25:43.8328401Z Mounting volumes.
2026-05-06T10:25:43.8330184Z Nested mountpoint 
2026-05-06T10:25:43.9545206Z Nested mountpoint volatile/logs
2026-05-06T10:25:44.0166046Z Nested mountpoint 
2026-05-06T10:25:44.0440354Z Nested mountpoint 
2026-05-06T10:25:44.0937942Z Nested mountpoint 
2026-05-06T10:25:44.6758443Z State: Starting, Action: CreatingContainer, LastError: ContainerTimeout, LastErrorTimestamp: 05/06/2026 10:21:37, LastErrorDetails: Container did not start within expected time limit of 230s. Please inspect your container logs for more details., Details: Finished pulling container image and mounting volumes for ekioba-frontend-ccan-20260502. Allocatinng the rest of the container resources to finish container creation., DetailsLevel: INFO
2026-05-06T10:25:44.6775107Z Creating container.
2026-05-06T10:25:44.6844711Z Creating pipes for streaming container io.
2026-05-06T10:25:44.6857257Z Creating stdout named pipe at /podr/container/pipe/5ceb8e2cf4ee_ekioba-frontend-ccan-20260502/stdout_e0053430a47444548271115f1f004687.
2026-05-06T10:25:44.6940684Z Successfully created stdout named pipe at: /podr/container/pipe/5ceb8e2cf4ee_ekioba-frontend-ccan-20260502/stdout_e0053430a47444548271115f1f004687.
2026-05-06T10:25:44.6952447Z Opening named pipe /podr/container/pipe/5ceb8e2cf4ee_ekioba-frontend-ccan-20260502/stdout_e0053430a47444548271115f1f004687 for reading in non-blocking mode.
2026-05-06T10:25:44.6963809Z Successfully opened named pipe: /podr/container/pipe/5ceb8e2cf4ee_ekioba-frontend-ccan-20260502/stdout_e0053430a47444548271115f1f004687.
2026-05-06T10:25:44.7039790Z Successfully removed non-blocking flag from /podr/container/pipe/5ceb8e2cf4ee_ekioba-frontend-ccan-20260502/stdout_e0053430a47444548271115f1f004687.
2026-05-06T10:25:44.7047691Z Creating stderr named pipe at /podr/container/pipe/5ceb8e2cf4ee_ekioba-frontend-ccan-20260502/stderr_e6a0514cc8eb48f999bc80c7458afa4f.
2026-05-06T10:25:44.7058964Z Successfully created stderr named pipe at: /podr/container/pipe/5ceb8e2cf4ee_ekioba-frontend-ccan-20260502/stderr_e6a0514cc8eb48f999bc80c7458afa4f.
2026-05-06T10:25:44.7065824Z Opening named pipe /podr/container/pipe/5ceb8e2cf4ee_ekioba-frontend-ccan-20260502/stderr_e6a0514cc8eb48f999bc80c7458afa4f for reading in non-blocking mode.
2026-05-06T10:25:44.7135673Z Successfully opened named pipe: /podr/container/pipe/5ceb8e2cf4ee_ekioba-frontend-ccan-20260502/stderr_e6a0514cc8eb48f999bc80c7458afa4f.
2026-05-06T10:25:44.7138472Z Successfully removed non-blocking flag from /podr/container/pipe/5ceb8e2cf4ee_ekioba-frontend-ccan-20260502/stderr_e6a0514cc8eb48f999bc80c7458afa4f.
2026-05-06T10:25:44.7142449Z Creating container with image: appsvc/python:3.12_20260203.2.tuxprod from registry: 10.1.0.4:13209 and fully qualified image name: 10.1.0.4:13209/appsvc/python:3.12_20260203.2.tuxprod
2026-05-06T10:25:45.8978830Z Starting container: 5ceb8e2cf4ee_ekioba-frontend-ccan-20260502.
2026-05-06T10:25:45.9895663Z Starting watchers and probes.
2026-05-06T10:25:45.9920948Z Starting metrics collection.
2026-05-06T10:25:45.9989287Z Container is running.
2026-05-06T10:25:45.9995241Z State: Starting, Action: CreatingContainer, LastError: ContainerTimeout, LastErrorTimestamp: 05/06/2026 10:21:37, LastErrorDetails: Container did not start within expected time limit of 230s. Please inspect your container logs for more details., Details: Container ekioba-frontend-ccan-20260502 successfully created and is running., DetailsLevel: INFO
2026-05-06T10:25:46.2869322Z Container start method finished after 3228 ms.
2026-05-06T10:25:46.3448191Z State: Starting, Action: InitiatingSiteWarmUpProbe, LastError: ContainerTimeout, LastErrorTimestamp: 05/06/2026 10:21:37, LastErrorDetails: Container did not start within expected time limit of 230s. Please inspect your container logs for more details., Details: Container ekioba-frontend-ccan-20260502 successfully created and is running., DetailsLevel: INFO
2026-05-06T10:25:46.3448599Z State: Starting, Action: WaitingForSiteWarmUpProbeSuccess, LastError: ContainerTimeout, LastErrorTimestamp: 05/06/2026 10:21:37, LastErrorDetails: Container did not start within expected time limit of 230s. Please inspect your container logs for more details., Details: Pinging warmup path to ensure container is ready to receive requests., DetailsLevel: INFO
2026-05-06T10:26:45.5081014Z Container has finished running with exit code: 1.
2026-05-06T10:26:45.5144477Z Container is terminating. Grace period: 5 seconds.
2026-05-06T10:26:45.5276796Z Stop and delete container. Retry count = 0
2026-05-06T10:26:45.5326787Z Stopping container: 5ceb8e2cf4ee_ekioba-frontend-ccan-20260502.
2026-05-06T10:26:45.6685471Z Deleting container: 5ceb8e2cf4ee_ekioba-frontend-ccan-20260502. Retry count = 0
2026-05-06T10:26:46.6951342Z Container spec TerminationMessagePolicy  path 
2026-05-06T10:26:46.6970702Z Container is terminated. Total time elapsed: 1173 ms.
2026-05-06T10:26:46.7039364Z Site container: ekioba-frontend-ccan-20260502 terminated during site startup.
2026-05-06T10:26:46.7048125Z State: Stopping, Action: CancellingStartup, LastError: ContainerTimeout, LastErrorTimestamp: 05/06/2026 10:21:37, LastErrorDetails: Container did not start within expected time limit of 230s. Please inspect your container logs for more details., Details: Site container: ekioba-frontend-ccan-20260502 terminated during site startup. Cancelling site startup., DetailsLevel: ERR
2026-05-06T10:26:47.9630187Z Site startup probe failed after 61.5381011 seconds.
2026-05-06T10:26:48.6119727Z State: Stopping, Action: CancellingStartup, LastError: ContainerTimeout, LastErrorTimestamp: 05/06/2026 10:26:48, LastErrorDetails: Container did not start within expected time limit of 230s. Please inspect your container logs for more details., Details: Site container: ekioba-frontend-ccan-20260502 terminated during site startup. Cancelling site startup., DetailsLevel: ERR
2026-05-06T10:26:48.6835957Z Failed to start site. Revert by stopping site.
2026-05-06T10:26:48.7068228Z State: Stopping, Action: StoppingSite, LastError: ContainerTimeout, LastErrorTimestamp: 05/06/2026 10:26:48, LastErrorDetails: Container did not start within expected time limit of 230s. Please inspect your container logs for more details., Details: Site container: ekioba-frontend-ccan-20260502 terminated during site startup. Cancelling site startup., DetailsLevel: ERR
2026-05-06T10:26:48.7251213Z State: Stopping, Action: StoppingSiteContainers, LastError: ContainerTimeout, LastErrorTimestamp: 05/06/2026 10:26:48, LastErrorDetails: Container did not start within expected time limit of 230s. Please inspect your container logs for more details., Details: Site container: ekioba-frontend-ccan-20260502 terminated during site startup. Cancelling site startup., DetailsLevel: ERR
2026-05-06T10:26:48.7251530Z Site: ekioba-frontend-ccan-20260502 stopped.
2026-05-06T10:26:48.7351283Z State: Stopping, Action: UnmountingVolumes, LastError: ContainerTimeout, LastErrorTimestamp: 05/06/2026 10:26:48, LastErrorDetails: Container did not start within expected time limit of 230s. Please inspect your container logs for more details., Details: Site container: ekioba-frontend-ccan-20260502 terminated during site startup. Cancelling site startup., DetailsLevel: ERR
2026-05-06T10:26:49.5599778Z State: Stopping, Action: StoppingSiteNetworks, LastError: ContainerTimeout, LastErrorTimestamp: 05/06/2026 10:26:48, LastErrorDetails: Container did not start within expected time limit of 230s. Please inspect your container logs for more details., Details: Site container: ekioba-frontend-ccan-20260502 terminated during site startup. Cancelling site startup., DetailsLevel: ERR
2026-05-06T10:26:49.9314624Z Site: ekioba-frontend-ccan-20260502 will be blocked for 4 minutes till 05/06/2026 10:30:49
2026-05-06T10:26:49.9317947Z State: Blocked, Action: StoppingSiteNetworks, LastError: ContainerTimeout, LastErrorTimestamp: 05/06/2026 10:26:48, LastErrorDetails: Container did not start within expected time limit of 230s. Please inspect your container logs for more details., Details: Site: ekioba-frontend-ccan-20260502 will be blocked for 4 minutes till 05/06/2026 10:30:49, DetailsLevel: WARN
2026-05-06T10:26:49.9489029Z State: Stopped, Action: None, LastError: ContainerTimeout, LastErrorTimestamp: 05/06/2026 10:26:48, LastErrorDetails: Container did not start within expected time limit of 230s. Please inspect your container logs for more details., Details: Site stopped at 05/06/2026 10:26:49 (UTC), DetailsLevel: WARN
2026-05-06T10:26:50.3422569Z State: Stopped, Action: None, LastError: ContainerTimeout, LastErrorTimestamp: 05/06/2026 10:26:48, LastErrorDetails: Container did not start within expected time limit of 230s. Please inspect your container logs for more details., Details: Site stopped at 05/06/2026 10:26:49 (UTC), DetailsLevel: WARN
2026-05-06T10:26:50.8688309Z State: Blocked, Action: None, LastError: ContainerTimeout, LastErrorTimestamp: 05/06/2026 10:26:48, LastErrorDetails: Container did not start within expected time limit of 230s. Please inspect your container logs for more details., Details: Site is blocked due to multiple, consecutive cold start failures. Site scheduled to be unblocked at 05/06/2026 10:30:49, DetailsLevel: WARN
2026-05-06T10:26:50.8689895Z Start site prohibitted because the site is being blocked.
2026-05-06T10:26:59.3145487Z State: Blocked, Action: None, LastError: ContainerTimeout, LastErrorTimestamp: 05/06/2026 10:26:48, LastErrorDetails: Container did not start within expected time limit of 230s. Please inspect your container logs for more details., Details: Site is blocked due to multiple, consecutive cold start failures. Site scheduled to be unblocked at 05/06/2026 10:30:49, DetailsLevel: WARN
2026-05-06T10:26:59.3146200Z Start site prohibitted because the site is being blocked.
2026-05-06T10:27:25.6597807Z State: Blocked, Action: None, LastError: ContainerTimeout, LastErrorTimestamp: 05/06/2026 10:26:48, LastErrorDetails: Container did not start within expected time limit of 230s. Please inspect your container logs for more details., Details: Site is blocked due to multiple, consecutive cold start failures. Site scheduled to be unblocked at 05/06/2026 10:30:49, DetailsLevel: WARN
2026-05-06T10:27:25.6599074Z Start site prohibitted because the site is being blocked.
2026-05-06T10:27:54.2605599Z State: Blocked, Action: None, LastError: ContainerTimeout, LastErrorTimestamp: 05/06/2026 10:26:48, LastErrorDetails: Container did not start within expected time limit of 230s. Please inspect your container logs for more details., Details: Site is blocked due to multiple, consecutive cold start failures. Site scheduled to be unblocked at 05/06/2026 10:30:49, DetailsLevel: WARN
2026-05-06T10:27:54.2606197Z Start site prohibitted because the site is being blocked.
2026-05-06T10:28:04.5476273Z State: Blocked, Action: None, LastError: ContainerTimeout, LastErrorTimestamp: 05/06/2026 10:26:48, LastErrorDetails: Container did not start within expected time limit of 230s. Please inspect your container logs for more details., Details: Site is blocked due to multiple, consecutive cold start failures. Site scheduled to be unblocked at 05/06/2026 10:30:49, DetailsLevel: WARN
2026-05-06T10:28:04.5476791Z Start site prohibitted because the site is being blocked.
2026-05-06T10:28:26.4843271Z State: Blocked, Action: None, LastError: ContainerTimeout, LastErrorTimestamp: 05/06/2026 10:26:48, LastErrorDetails: Container did not start within expected time limit of 230s. Please inspect your container logs for more details., Details: Site is blocked due to multiple, consecutive cold start failures. Site scheduled to be unblocked at 05/06/2026 10:30:49, DetailsLevel: WARN
2026-05-06T10:28:26.4843937Z Start site prohibitted because the site is being blocked.
2026-05-06T10:28:42.1012093Z State: Blocked, Action: None, LastError: ContainerTimeout, LastErrorTimestamp: 05/06/2026 10:26:48, LastErrorDetails: Container did not start within expected time limit of 230s. Please inspect your container logs for more details., Details: Site is blocked due to multiple, consecutive cold start failures. Site scheduled to be unblocked at 05/06/2026 10:30:49, DetailsLevel: WARN
2026-05-06T10:28:42.1012555Z Start site prohibitted because the site is being blocked.
2026-05-06T10:28:47.6806816Z State: Blocked, Action: None, LastError: ContainerTimeout, LastErrorTimestamp: 05/06/2026 10:26:48, LastErrorDetails: Container did not start within expected time limit of 230s. Please inspect your container logs for more details., Details: Site is blocked due to multiple, consecutive cold start failures. Site scheduled to be unblocked at 05/06/2026 10:30:49, DetailsLevel: WARN
2026-05-06T10:28:47.6807121Z Start site prohibitted because the site is being blocked.
2026-05-06T10:29:03.2877924Z State: Blocked, Action: None, LastError: ContainerTimeout, LastErrorTimestamp: 05/06/2026 10:26:48, LastErrorDetails: Container did not start within expected time limit of 230s. Please inspect your container logs for more details., Details: Site is blocked due to multiple, consecutive cold start failures. Site scheduled to be unblocked at 05/06/2026 10:30:49, DetailsLevel: WARN
2026-05-06T10:29:03.2878327Z Start site prohibitted because the site is being blocked.
2026-05-06T10:29:22.3471152Z State: Blocked, Action: None, LastError: ContainerTimeout, LastErrorTimestamp: 05/06/2026 10:26:48, LastErrorDetails: Container did not start within expected time limit of 230s. Please inspect your container logs for more details., Details: Site is blocked due to multiple, consecutive cold start failures. Site scheduled to be unblocked at 05/06/2026 10:30:49, DetailsLevel: WARN
2026-05-06T10:29:22.3471426Z Start site prohibitted because the site is being blocked.
2026-05-06T10:29:23.9194908Z State: Blocked, Action: None, LastError: ContainerTimeout, LastErrorTimestamp: 05/06/2026 10:26:48, LastErrorDetails: Container did not start within expected time limit of 230s. Please inspect your container logs for more details., Details: Site is blocked due to multiple, consecutive cold start failures. Site scheduled to be unblocked at 05/06/2026 10:30:49, DetailsLevel: WARN
2026-05-06T10:29:23.9195816Z Start site prohibitted because the site is being blocked.
2026-05-06T10:30:06.5239343Z State: Blocked, Action: None, LastError: ContainerTimeout, LastErrorTimestamp: 05/06/2026 10:26:48, LastErrorDetails: Container did not start within expected time limit of 230s. Please inspect your container logs for more details., Details: Site is blocked due to multiple, consecutive cold start failures. Site scheduled to be unblocked at 05/06/2026 10:30:49, DetailsLevel: WARN
2026-05-06T10:30:06.5246211Z Start site prohibitted because the site is being blocked.
2026-05-06T10:30:26.2900428Z State: Blocked, Action: None, LastError: ContainerTimeout, LastErrorTimestamp: 05/06/2026 10:26:48, LastErrorDetails: Container did not start within expected time limit of 230s. Please inspect your container logs for more details., Details: Site is blocked due to multiple, consecutive cold start failures. Site scheduled to be unblocked at 05/06/2026 10:30:49, DetailsLevel: WARN
2026-05-06T10:30:26.2901545Z Start site prohibitted because the site is being blocked.
2026-05-06T10:30:33.3920236Z State: Blocked, Action: None, LastError: ContainerTimeout, LastErrorTimestamp: 05/06/2026 10:26:48, LastErrorDetails: Container did not start within expected time limit of 230s. Please inspect your container logs for more details., Details: Site is blocked due to multiple, consecutive cold start failures. Site scheduled to be unblocked at 05/06/2026 10:30:49, DetailsLevel: WARN
2026-05-06T10:30:33.3921343Z Start site prohibitted because the site is being blocked.
2026-05-06T10:30:41.5505458Z State: Blocked, Action: None, LastError: ContainerTimeout, LastErrorTimestamp: 05/06/2026 10:26:48, LastErrorDetails: Container did not start within expected time limit of 230s. Please inspect your container logs for more details., Details: Site is blocked due to multiple, consecutive cold start failures. Site scheduled to be unblocked at 05/06/2026 10:30:49, DetailsLevel: WARN
2026-05-06T10:30:41.5506125Z Start site prohibitted because the site is being blocked.
2026-05-06T10:30:45.4949054Z State: Blocked, Action: None, LastError: ContainerTimeout, LastErrorTimestamp: 05/06/2026 10:26:48, LastErrorDetails: Container did not start within expected time limit of 230s. Please inspect your container logs for more details., Details: Site is blocked due to multiple, consecutive cold start failures. Site scheduled to be unblocked at 05/06/2026 10:30:49, DetailsLevel: WARN
2026-05-06T10:30:45.4950235Z Start site prohibitted because the site is being blocked.
2026-05-06T10:30:47.8758757Z State: Blocked, Action: None, LastError: ContainerTimeout, LastErrorTimestamp: 05/06/2026 10:26:48, LastErrorDetails: Container did not start within expected time limit of 230s. Please inspect your container logs for more details., Details: Site is blocked due to multiple, consecutive cold start failures. Site scheduled to be unblocked at 05/06/2026 10:30:49, DetailsLevel: WARN
2026-05-06T10:30:47.8761411Z Start site prohibitted because the site is being blocked.
2026-05-06T10:30:49.9376912Z Site: ekioba-frontend-ccan-20260502 is unblocked.
2026-05-06T10:30:51.0400739Z State: Starting, Action: EstablishingSiteNetworks, LastError: ContainerTimeout, LastErrorTimestamp: 05/06/2026 10:26:48, LastErrorDetails: Container did not start within expected time limit of 230s. Please inspect your container logs for more details., Details: Site is blocked due to multiple, consecutive cold start failures. Site scheduled to be unblocked at 05/06/2026 10:30:49, DetailsLevel: WARN
2026-05-06T10:30:52.9143469Z State: Starting, Action: StartingSiteContainers, LastError: ContainerTimeout, LastErrorTimestamp: 05/06/2026 10:26:48, LastErrorDetails: Container did not start within expected time limit of 230s. Please inspect your container logs for more details., Details: Site is blocked due to multiple, consecutive cold start failures. Site scheduled to be unblocked at 05/06/2026 10:30:49, DetailsLevel: WARN
2026-05-06T10:30:52.9144868Z Container start method called.
2026-05-06T10:30:52.9145645Z State: Starting, Action: PullingImage, LastError: ContainerTimeout, LastErrorTimestamp: 05/06/2026 10:26:48, LastErrorDetails: Container did not start within expected time limit of 230s. Please inspect your container logs for more details., Details: Pulling image 10.1.0.4:13209/appsvc/python:3.12_20260203.2.tuxprod for ekioba-frontend-ccan-20260502., DetailsLevel: INFO
2026-05-06T10:30:52.9146898Z Establishing network.
2026-05-06T10:30:52.9148306Z Pulling image: appsvc/python:3.12_20260203.2.tuxprod.
2026-05-06T10:30:53.1893941Z Container is starting.
2026-05-06T10:30:53.1901850Z State: Starting, Action: MountingVolumes, LastError: ContainerTimeout, LastErrorTimestamp: 05/06/2026 10:26:48, LastErrorDetails: Container did not start within expected time limit of 230s. Please inspect your container logs for more details., Details: Mounting volumes for ekioba-frontend-ccan-20260502., DetailsLevel: INFO
2026-05-06T10:30:53.1908005Z Establishing user namespace if not established already.
2026-05-06T10:30:53.1915128Z Establishing network if not established already.
2026-05-06T10:30:53.1917468Z Mounting volumes.
2026-05-06T10:30:53.2402143Z Nested mountpoint 
2026-05-06T10:30:53.2700758Z Nested mountpoint volatile/logs
2026-05-06T10:30:53.2821252Z Nested mountpoint 
2026-05-06T10:30:53.3026330Z Nested mountpoint 
2026-05-06T10:30:53.3045352Z Nested mountpoint 
2026-05-06T10:30:53.8249320Z State: Starting, Action: CreatingContainer, LastError: ContainerTimeout, LastErrorTimestamp: 05/06/2026 10:26:48, LastErrorDetails: Container did not start within expected time limit of 230s. Please inspect your container logs for more details., Details: Finished pulling container image and mounting volumes for ekioba-frontend-ccan-20260502. Allocatinng the rest of the container resources to finish container creation., DetailsLevel: INFO
2026-05-06T10:30:53.8257186Z Creating container.
2026-05-06T10:30:53.8265293Z Creating pipes for streaming container io.
2026-05-06T10:30:53.8533571Z Creating stdout named pipe at /podr/container/pipe/8e3a043a3471_ekioba-frontend-ccan-20260502/stdout_f86cf331a4464dc9aef366297aae340c.
2026-05-06T10:30:53.8848509Z Successfully created stdout named pipe at: /podr/container/pipe/8e3a043a3471_ekioba-frontend-ccan-20260502/stdout_f86cf331a4464dc9aef366297aae340c.
2026-05-06T10:30:53.8855571Z Opening named pipe /podr/container/pipe/8e3a043a3471_ekioba-frontend-ccan-20260502/stdout_f86cf331a4464dc9aef366297aae340c for reading in non-blocking mode.
2026-05-06T10:30:53.8857257Z Successfully opened named pipe: /podr/container/pipe/8e3a043a3471_ekioba-frontend-ccan-20260502/stdout_f86cf331a4464dc9aef366297aae340c.
2026-05-06T10:30:53.8858527Z Successfully removed non-blocking flag from /podr/container/pipe/8e3a043a3471_ekioba-frontend-ccan-20260502/stdout_f86cf331a4464dc9aef366297aae340c.
2026-05-06T10:30:53.8949603Z Creating stderr named pipe at /podr/container/pipe/8e3a043a3471_ekioba-frontend-ccan-20260502/stderr_016990e1705445af8a169e7a8c2c6c4e.
2026-05-06T10:30:53.8951460Z Successfully created stderr named pipe at: /podr/container/pipe/8e3a043a3471_ekioba-frontend-ccan-20260502/stderr_016990e1705445af8a169e7a8c2c6c4e.
2026-05-06T10:30:53.8952609Z Opening named pipe /podr/container/pipe/8e3a043a3471_ekioba-frontend-ccan-20260502/stderr_016990e1705445af8a169e7a8c2c6c4e for reading in non-blocking mode.
2026-05-06T10:30:53.8953859Z Successfully opened named pipe: /podr/container/pipe/8e3a043a3471_ekioba-frontend-ccan-20260502/stderr_016990e1705445af8a169e7a8c2c6c4e.
2026-05-06T10:30:53.8954915Z Successfully removed non-blocking flag from /podr/container/pipe/8e3a043a3471_ekioba-frontend-ccan-20260502/stderr_016990e1705445af8a169e7a8c2c6c4e.
2026-05-06T10:30:53.8956495Z Creating container with image: appsvc/python:3.12_20260203.2.tuxprod from registry: 10.1.0.4:13209 and fully qualified image name: 10.1.0.4:13209/appsvc/python:3.12_20260203.2.tuxprod
2026-05-06T10:30:54.9629391Z Starting container: 8e3a043a3471_ekioba-frontend-ccan-20260502.
2026-05-06T10:30:55.0873956Z Starting watchers and probes.
2026-05-06T10:30:55.0892332Z Starting metrics collection.
2026-05-06T10:30:55.0895578Z Container is running.
2026-05-06T10:30:55.0897239Z State: Starting, Action: CreatingContainer, LastError: ContainerTimeout, LastErrorTimestamp: 05/06/2026 10:26:48, LastErrorDetails: Container did not start within expected time limit of 230s. Please inspect your container logs for more details., Details: Container ekioba-frontend-ccan-20260502 successfully created and is running., DetailsLevel: INFO
2026-05-06T10:30:55.3235565Z Container start method finished after 2408 ms.
2026-05-06T10:30:55.3248918Z State: Starting, Action: InitiatingSiteWarmUpProbe, LastError: ContainerTimeout, LastErrorTimestamp: 05/06/2026 10:26:48, LastErrorDetails: Container did not start within expected time limit of 230s. Please inspect your container logs for more details., Details: Container ekioba-frontend-ccan-20260502 successfully created and is running., DetailsLevel: INFO
2026-05-06T10:30:55.3249675Z State: Starting, Action: WaitingForSiteWarmUpProbeSuccess, LastError: ContainerTimeout, LastErrorTimestamp: 05/06/2026 10:26:48, LastErrorDetails: Container did not start within expected time limit of 230s. Please inspect your container logs for more details., Details: Pinging warmup path to ensure container is ready to receive requests., DetailsLevel: INFO
2026-05-06T10:31:52.8366832Z Container has finished running with exit code: 1.
2026-05-06T10:31:52.8385107Z Container is terminating. Grace period: 5 seconds.
2026-05-06T10:31:52.8509779Z Stop and delete container. Retry count = 0
2026-05-06T10:31:52.8520135Z Stopping container: 8e3a043a3471_ekioba-frontend-ccan-20260502.
2026-05-06T10:31:52.9942666Z Deleting container: 8e3a043a3471_ekioba-frontend-ccan-20260502. Retry count = 0
2026-05-06T10:31:54.2826514Z Container spec TerminationMessagePolicy  path 
2026-05-06T10:31:54.3316912Z Container is terminated. Total time elapsed: 1483 ms.
2026-05-06T10:31:54.3328103Z Site container: ekioba-frontend-ccan-20260502 terminated during site startup.
2026-05-06T10:31:54.3345850Z State: Stopping, Action: CancellingStartup, LastError: ContainerTimeout, LastErrorTimestamp: 05/06/2026 10:26:48, LastErrorDetails: Container did not start within expected time limit of 230s. Please inspect your container logs for more details., Details: Site container: ekioba-frontend-ccan-20260502 terminated during site startup. Cancelling site startup., DetailsLevel: ERR
2026-05-06T10:31:55.6590755Z Site startup probe failed after 60.3143439 seconds.
2026-05-06T10:31:56.4365824Z State: Stopping, Action: CancellingStartup, LastError: ContainerTimeout, LastErrorTimestamp: 05/06/2026 10:31:56, LastErrorDetails: Container did not start within expected time limit of 230s. Please inspect your container logs for more details., Details: Site container: ekioba-frontend-ccan-20260502 terminated during site startup. Cancelling site startup., DetailsLevel: ERR
2026-05-06T10:31:56.4854179Z Failed to start site. Revert by stopping site.
2026-05-06T10:31:56.4858170Z State: Stopping, Action: StoppingSite, LastError: ContainerTimeout, LastErrorTimestamp: 05/06/2026 10:31:56, LastErrorDetails: Container did not start within expected time limit of 230s. Please inspect your container logs for more details., Details: Site container: ekioba-frontend-ccan-20260502 terminated during site startup. Cancelling site startup., DetailsLevel: ERR
2026-05-06T10:31:56.4863120Z State: Stopping, Action: StoppingSiteContainers, LastError: ContainerTimeout, LastErrorTimestamp: 05/06/2026 10:31:56, LastErrorDetails: Container did not start within expected time limit of 230s. Please inspect your container logs for more details., Details: Site container: ekioba-frontend-ccan-20260502 terminated during site startup. Cancelling site startup., DetailsLevel: ERR
2026-05-06T10:31:56.4863294Z Site: ekioba-frontend-ccan-20260502 stopped.
2026-05-06T10:31:56.5055538Z State: Stopping, Action: UnmountingVolumes, LastError: ContainerTimeout, LastErrorTimestamp: 05/06/2026 10:31:56, LastErrorDetails: Container did not start within expected time limit of 230s. Please inspect your container logs for more details., Details: Site container: ekioba-frontend-ccan-20260502 terminated during site startup. Cancelling site startup., DetailsLevel: ERR
2026-05-06T10:31:57.4228322Z State: Stopping, Action: StoppingSiteNetworks, LastError: ContainerTimeout, LastErrorTimestamp: 05/06/2026 10:31:56, LastErrorDetails: Container did not start within expected time limit of 230s. Please inspect your container logs for more details., Details: Site container: ekioba-frontend-ccan-20260502 terminated during site startup. Cancelling site startup., DetailsLevel: ERR
2026-05-06T10:31:58.0169527Z Site: ekioba-frontend-ccan-20260502 will be blocked for 4 minutes till 05/06/2026 10:35:57
2026-05-06T10:31:58.0181027Z State: Blocked, Action: StoppingSiteNetworks, LastError: ContainerTimeout, LastErrorTimestamp: 05/06/2026 10:31:56, LastErrorDetails: Container did not start within expected time limit of 230s. Please inspect your container logs for more details., Details: Site: ekioba-frontend-ccan-20260502 will be blocked for 4 minutes till 05/06/2026 10:35:57, DetailsLevel: WARN
2026-05-06T10:31:58.0665601Z State: Stopped, Action: None, LastError: ContainerTimeout, LastErrorTimestamp: 05/06/2026 10:31:56, LastErrorDetails: Container did not start within expected time limit of 230s. Please inspect your container logs for more details., Details: Site stopped at 05/06/2026 10:31:58 (UTC), DetailsLevel: WARN
2026-05-06T10:31:58.4014566Z State: Stopped, Action: None, LastError: ContainerTimeout, LastErrorTimestamp: 05/06/2026 10:31:56, LastErrorDetails: Container did not start within expected time limit of 230s. Please inspect your container logs for more details., Details: Site stopped at 05/06/2026 10:31:58 (UTC), DetailsLevel: WARN
2026-05-06T10:32:10.2671559Z State: Blocked, Action: None, LastError: ContainerTimeout, LastErrorTimestamp: 05/06/2026 10:31:56, LastErrorDetails: Container did not start within expected time limit of 230s. Please inspect your container logs for more details., Details: Site is blocked due to multiple, consecutive cold start failures. Site scheduled to be unblocked at 05/06/2026 10:35:57, DetailsLevel: WARN
2026-05-06T10:32:10.2672685Z Start site prohibitted because the site is being blocked.
2026-05-06T10:32:37.4592382Z State: Blocked, Action: None, LastError: ContainerTimeout, LastErrorTimestamp: 05/06/2026 10:31:56, LastErrorDetails: Container did not start within expected time limit of 230s. Please inspect your container logs for more details., Details: Site is blocked due to multiple, consecutive cold start failures. Site scheduled to be unblocked at 05/06/2026 10:35:57, DetailsLevel: WARN
2026-05-06T10:32:37.4594356Z Start site prohibitted because the site is being blocked.
2026-05-06T10:32:39.6023503Z State: Blocked, Action: None, LastError: ContainerTimeout, LastErrorTimestamp: 05/06/2026 10:31:56, LastErrorDetails: Container did not start within expected time limit of 230s. Please inspect your container logs for more details., Details: Site is blocked due to multiple, consecutive cold start failures. Site scheduled to be unblocked at 05/06/2026 10:35:57, DetailsLevel: WARN
2026-05-06T10:32:39.6107484Z Start site prohibitted because the site is being blocked.
2026-05-06T10:32:44.3668741Z State: Blocked, Action: None, LastError: ContainerTimeout, LastErrorTimestamp: 05/06/2026 10:31:56, LastErrorDetails: Container did not start within expected time limit of 230s. Please inspect your container logs for more details., Details: Site is blocked due to multiple, consecutive cold start failures. Site scheduled to be unblocked at 05/06/2026 10:35:57, DetailsLevel: WARN
2026-05-06T10:32:44.3670402Z Start site prohibitted because the site is being blocked.
2026-05-06T10:32:51.7473087Z State: Blocked, Action: None, LastError: ContainerTimeout, LastErrorTimestamp: 05/06/2026 10:31:56, LastErrorDetails: Container did not start within expected time limit of 230s. Please inspect your container logs for more details., Details: Site is blocked due to multiple, consecutive cold start failures. Site scheduled to be unblocked at 05/06/2026 10:35:57, DetailsLevel: WARN
2026-05-06T10:32:51.7473886Z Start site prohibitted because the site is being blocked.
2026-05-06T10:32:52.8069705Z State: Blocked, Action: None, LastError: ContainerTimeout, LastErrorTimestamp: 05/06/2026 10:31:56, LastErrorDetails: Container did not start within expected time limit of 230s. Please inspect your container logs for more details., Details: Site is blocked due to multiple, consecutive cold start failures. Site scheduled to be unblocked at 05/06/2026 10:35:57, DetailsLevel: WARN
2026-05-06T10:32:52.8071082Z Start site prohibitted because the site is being blocked.
2026-05-06T10:32:53.9485522Z State: Blocked, Action: None, LastError: ContainerTimeout, LastErrorTimestamp: 05/06/2026 10:31:56, LastErrorDetails: Container did not start within expected time limit of 230s. Please inspect your container logs for more details., Details: Site is blocked due to multiple, consecutive cold start failures. Site scheduled to be unblocked at 05/06/2026 10:35:57, DetailsLevel: WARN
2026-05-06T10:32:53.9561957Z Start site prohibitted because the site is being blocked.
2026-05-06T10:32:57.7883257Z State: Blocked, Action: None, LastError: ContainerTimeout, LastErrorTimestamp: 05/06/2026 10:31:56, LastErrorDetails: Container did not start within expected time limit of 230s. Please inspect your container logs for more details., Details: Site is blocked due to multiple, consecutive cold start failures. Site scheduled to be unblocked at 05/06/2026 10:35:57, DetailsLevel: WARN
2026-05-06T10:32:57.7884526Z Start site prohibitted because the site is being blocked.
2026-05-06T10:33:02.2892451Z State: Blocked, Action: None, LastError: ContainerTimeout, LastErrorTimestamp: 05/06/2026 10:31:56, LastErrorDetails: Container did not start within expected time limit of 230s. Please inspect your container logs for more details., Details: Site is blocked due to multiple, consecutive cold start failures. Site scheduled to be unblocked at 05/06/2026 10:35:57, DetailsLevel: WARN
2026-05-06T10:33:02.2893481Z Start site prohibitted because the site is being blocked.
2026-05-06T10:33:27.4385618Z State: Blocked, Action: None, LastError: ContainerTimeout, LastErrorTimestamp: 05/06/2026 10:31:56, LastErrorDetails: Container did not start within expected time limit of 230s. Please inspect your container logs for more details., Details: Site is blocked due to multiple, consecutive cold start failures. Site scheduled to be unblocked at 05/06/2026 10:35:57, DetailsLevel: WARN
2026-05-06T10:33:27.4385973Z Start site prohibitted because the site is being blocked.
2026-05-06T10:33:29.1380462Z State: Blocked, Action: None, LastError: ContainerTimeout, LastErrorTimestamp: 05/06/2026 10:31:56, LastErrorDetails: Container did not start within expected time limit of 230s. Please inspect your container logs for more details., Details: Site is blocked due to multiple, consecutive cold start failures. Site scheduled to be unblocked at 05/06/2026 10:35:57, DetailsLevel: WARN
2026-05-06T10:33:29.1380988Z Start site prohibitted because the site is being blocked.
2026-05-06T10:33:51.0334111Z State: Blocked, Action: None, LastError: ContainerTimeout, LastErrorTimestamp: 05/06/2026 10:31:56, LastErrorDetails: Container did not start within expected time limit of 230s. Please inspect your container logs for more details., Details: Site is blocked due to multiple, consecutive cold start failures. Site scheduled to be unblocked at 05/06/2026 10:35:57, DetailsLevel: WARN
2026-05-06T10:33:51.0335011Z Start site prohibitted because the site is being blocked.
2026-05-06T10:34:09.1540650Z State: Blocked, Action: None, LastError: ContainerTimeout, LastErrorTimestamp: 05/06/2026 10:31:56, LastErrorDetails: Container did not start within expected time limit of 230s. Please inspect your container logs for more details., Details: Site is blocked due to multiple, consecutive cold start failures. Site scheduled to be unblocked at 05/06/2026 10:35:57, DetailsLevel: WARN
2026-05-06T10:34:09.1541883Z Start site prohibitted because the site is being blocked.
2026-05-06T10:34:28.3834731Z State: Blocked, Action: None, LastError: ContainerTimeout, LastErrorTimestamp: 05/06/2026 10:31:56, LastErrorDetails: Container did not start within expected time limit of 230s. Please inspect your container logs for more details., Details: Site is blocked due to multiple, consecutive cold start failures. Site scheduled to be unblocked at 05/06/2026 10:35:57, DetailsLevel: WARN
2026-05-06T10:34:28.3836257Z Start site prohibitted because the site is being blocked.
2026-05-06T10:34:35.1371410Z State: Blocked, Action: None, LastError: ContainerTimeout, LastErrorTimestamp: 05/06/2026 10:31:56, LastErrorDetails: Container did not start within expected time limit of 230s. Please inspect your container logs for more details., Details: Site is blocked due to multiple, consecutive cold start failures. Site scheduled to be unblocked at 05/06/2026 10:35:57, DetailsLevel: WARN
2026-05-06T10:34:35.1372423Z Start site prohibitted because the site is being blocked.
2026-05-06T10:34:42.4088393Z State: Blocked, Action: None, LastError: ContainerTimeout, LastErrorTimestamp: 05/06/2026 10:31:56, LastErrorDetails: Container did not start within expected time limit of 230s. Please inspect your container logs for more details., Details: Site is blocked due to multiple, consecutive cold start failures. Site scheduled to be unblocked at 05/06/2026 10:35:57, DetailsLevel: WARN
2026-05-06T10:34:42.4088720Z Start site prohibitted because the site is being blocked.
2026-05-06T10:34:49.9902939Z State: Blocked, Action: None, LastError: ContainerTimeout, LastErrorTimestamp: 05/06/2026 10:31:56, LastErrorDetails: Container did not start within expected time limit of 230s. Please inspect your container logs for more details., Details: Site is blocked due to multiple, consecutive cold start failures. Site scheduled to be unblocked at 05/06/2026 10:35:57, DetailsLevel: WARN
2026-05-06T10:34:49.9904997Z Start site prohibitted because the site is being blocked.
2026-05-06T10:35:03.4377407Z State: Blocked, Action: None, LastError: ContainerTimeout, LastErrorTimestamp: 05/06/2026 10:31:56, LastErrorDetails: Container did not start within expected time limit of 230s. Please inspect your container logs for more details., Details: Site is blocked due to multiple, consecutive cold start failures. Site scheduled to be unblocked at 05/06/2026 10:35:57, DetailsLevel: WARN
2026-05-06T10:35:03.4441559Z Start site prohibitted because the site is being blocked.
2026-05-06T10:35:43.4884061Z State: Blocked, Action: None, LastError: ContainerTimeout, LastErrorTimestamp: 05/06/2026 10:31:56, LastErrorDetails: Container did not start within expected time limit of 230s. Please inspect your container logs for more details., Details: Site is blocked due to multiple, consecutive cold start failures. Site scheduled to be unblocked at 05/06/2026 10:35:57, DetailsLevel: WARN
2026-05-06T10:35:43.4884378Z Start site prohibitted because the site is being blocked.
2026-05-06T10:35:44.0733168Z State: Blocked, Action: None, LastError: ContainerTimeout, LastErrorTimestamp: 05/06/2026 10:31:56, LastErrorDetails: Container did not start within expected time limit of 230s. Please inspect your container logs for more details., Details: Site is blocked due to multiple, consecutive cold start failures. Site scheduled to be unblocked at 05/06/2026 10:35:57, DetailsLevel: WARN
2026-05-06T10:35:44.0734567Z Start site prohibitted because the site is being blocked.
2026-05-06T10:35:51.9350841Z State: Blocked, Action: None, LastError: ContainerTimeout, LastErrorTimestamp: 05/06/2026 10:31:56, LastErrorDetails: Container did not start within expected time limit of 230s. Please inspect your container logs for more details., Details: Site is blocked due to multiple, consecutive cold start failures. Site scheduled to be unblocked at 05/06/2026 10:35:57, DetailsLevel: WARN
2026-05-06T10:35:51.9351965Z Start site prohibitted because the site is being blocked.
2026-05-06T10:35:57.9934754Z Site: ekioba-frontend-ccan-20260502 is unblocked.
2026-05-06T10:35:59.9023140Z State: Starting, Action: EstablishingSiteNetworks, LastError: ContainerTimeout, LastErrorTimestamp: 05/06/2026 10:31:56, LastErrorDetails: Container did not start within expected time limit of 230s. Please inspect your container logs for more details., Details: Site is blocked due to multiple, consecutive cold start failures. Site scheduled to be unblocked at 05/06/2026 10:35:57, DetailsLevel: WARN
2026-05-06T10:36:01.8847346Z State: Starting, Action: StartingSiteContainers, LastError: ContainerTimeout, LastErrorTimestamp: 05/06/2026 10:31:56, LastErrorDetails: Container did not start within expected time limit of 230s. Please inspect your container logs for more details., Details: Site is blocked due to multiple, consecutive cold start failures. Site scheduled to be unblocked at 05/06/2026 10:35:57, DetailsLevel: WARN
2026-05-06T10:36:01.8942645Z Container start method called.
2026-05-06T10:36:01.9147032Z State: Starting, Action: PullingImage, LastError: ContainerTimeout, LastErrorTimestamp: 05/06/2026 10:31:56, LastErrorDetails: Container did not start within expected time limit of 230s. Please inspect your container logs for more details., Details: Pulling image 10.1.0.4:13209/appsvc/python:3.12_20260203.2.tuxprod for ekioba-frontend-ccan-20260502., DetailsLevel: INFO
2026-05-06T10:36:01.9321580Z Establishing network.
2026-05-06T10:36:01.9335371Z Pulling image: appsvc/python:3.12_20260203.2.tuxprod.
2026-05-06T10:36:02.2335757Z Container is starting.
2026-05-06T10:36:02.2336644Z State: Starting, Action: MountingVolumes, LastError: ContainerTimeout, LastErrorTimestamp: 05/06/2026 10:31:56, LastErrorDetails: Container did not start within expected time limit of 230s. Please inspect your container logs for more details., Details: Mounting volumes for ekioba-frontend-ccan-20260502., DetailsLevel: INFO
2026-05-06T10:36:02.2337689Z Establishing user namespace if not established already.
2026-05-06T10:36:02.2338763Z Establishing network if not established already.
2026-05-06T10:36:02.2521686Z Mounting volumes.
2026-05-06T10:36:02.2807587Z Nested mountpoint 
2026-05-06T10:36:02.4138482Z Nested mountpoint volatile/logs
2026-05-06T10:36:02.5500503Z Nested mountpoint 
2026-05-06T10:36:02.7001692Z Nested mountpoint 
2026-05-06T10:36:02.7815957Z Nested mountpoint 
2026-05-06T10:36:03.7229875Z State: Starting, Action: CreatingContainer, LastError: ContainerTimeout, LastErrorTimestamp: 05/06/2026 10:31:56, LastErrorDetails: Container did not start within expected time limit of 230s. Please inspect your container logs for more details., Details: Finished pulling container image and mounting volumes for ekioba-frontend-ccan-20260502. Allocatinng the rest of the container resources to finish container creation., DetailsLevel: INFO
2026-05-06T10:36:03.7232359Z Creating container.
2026-05-06T10:36:03.7340167Z Creating pipes for streaming container io.
2026-05-06T10:36:03.7405404Z Creating stdout named pipe at /podr/container/pipe/181e3304a4dd_ekioba-frontend-ccan-20260502/stdout_a38afa7b4e124d2ba3db42b68aa07515.
2026-05-06T10:36:03.7507297Z Successfully created stdout named pipe at: /podr/container/pipe/181e3304a4dd_ekioba-frontend-ccan-20260502/stdout_a38afa7b4e124d2ba3db42b68aa07515.
2026-05-06T10:36:03.7518041Z Opening named pipe /podr/container/pipe/181e3304a4dd_ekioba-frontend-ccan-20260502/stdout_a38afa7b4e124d2ba3db42b68aa07515 for reading in non-blocking mode.
2026-05-06T10:36:03.7521755Z Successfully opened named pipe: /podr/container/pipe/181e3304a4dd_ekioba-frontend-ccan-20260502/stdout_a38afa7b4e124d2ba3db42b68aa07515.
2026-05-06T10:36:03.7524243Z Successfully removed non-blocking flag from /podr/container/pipe/181e3304a4dd_ekioba-frontend-ccan-20260502/stdout_a38afa7b4e124d2ba3db42b68aa07515.
2026-05-06T10:36:03.7529573Z Creating stderr named pipe at /podr/container/pipe/181e3304a4dd_ekioba-frontend-ccan-20260502/stderr_e4be448f74c54b9c888ec1e1e9cf8c1b.
2026-05-06T10:36:03.7539180Z Successfully created stderr named pipe at: /podr/container/pipe/181e3304a4dd_ekioba-frontend-ccan-20260502/stderr_e4be448f74c54b9c888ec1e1e9cf8c1b.
2026-05-06T10:36:03.7606493Z Opening named pipe /podr/container/pipe/181e3304a4dd_ekioba-frontend-ccan-20260502/stderr_e4be448f74c54b9c888ec1e1e9cf8c1b for reading in non-blocking mode.
2026-05-06T10:36:03.7608787Z Successfully opened named pipe: /podr/container/pipe/181e3304a4dd_ekioba-frontend-ccan-20260502/stderr_e4be448f74c54b9c888ec1e1e9cf8c1b.
2026-05-06T10:36:03.7610515Z Successfully removed non-blocking flag from /podr/container/pipe/181e3304a4dd_ekioba-frontend-ccan-20260502/stderr_e4be448f74c54b9c888ec1e1e9cf8c1b.
2026-05-06T10:36:03.7629313Z Creating container with image: appsvc/python:3.12_20260203.2.tuxprod from registry: 10.1.0.4:13209 and fully qualified image name: 10.1.0.4:13209/appsvc/python:3.12_20260203.2.tuxprod
2026-05-06T10:36:05.1661141Z Starting container: 181e3304a4dd_ekioba-frontend-ccan-20260502.
2026-05-06T10:36:05.3247624Z Starting watchers and probes.
2026-05-06T10:36:05.3254041Z Starting metrics collection.
2026-05-06T10:36:05.4132338Z Container is running.
2026-05-06T10:36:05.4135168Z State: Starting, Action: CreatingContainer, LastError: ContainerTimeout, LastErrorTimestamp: 05/06/2026 10:31:56, LastErrorDetails: Container did not start within expected time limit of 230s. Please inspect your container logs for more details., Details: Container ekioba-frontend-ccan-20260502 successfully created and is running., DetailsLevel: INFO
2026-05-06T10:36:05.9877692Z Container start method finished after 4036 ms.
2026-05-06T10:36:05.9993866Z State: Starting, Action: InitiatingSiteWarmUpProbe, LastError: ContainerTimeout, LastErrorTimestamp: 05/06/2026 10:31:56, LastErrorDetails: Container did not start within expected time limit of 230s. Please inspect your container logs for more details., Details: Container ekioba-frontend-ccan-20260502 successfully created and is running., DetailsLevel: INFO
2026-05-06T10:36:05.9994890Z State: Starting, Action: WaitingForSiteWarmUpProbeSuccess, LastError: ContainerTimeout, LastErrorTimestamp: 05/06/2026 10:31:56, LastErrorDetails: Container did not start within expected time limit of 230s. Please inspect your container logs for more details., Details: Pinging warmup path to ensure container is ready to receive requests., DetailsLevel: INFO
2026-05-06T10:37:04.7183567Z Container has finished running with exit code: 1.
2026-05-06T10:37:04.7185927Z Container is terminating. Grace period: 5 seconds.
2026-05-06T10:37:04.7272855Z Stop and delete container. Retry count = 0
2026-05-06T10:37:04.7275249Z Stopping container: 181e3304a4dd_ekioba-frontend-ccan-20260502.
2026-05-06T10:37:04.9552911Z Deleting container: 181e3304a4dd_ekioba-frontend-ccan-20260502. Retry count = 0
2026-05-06T10:37:06.2956348Z Container spec TerminationMessagePolicy  path 
2026-05-06T10:37:06.3262603Z Container is terminated. Total time elapsed: 1598 ms.
2026-05-06T10:37:06.3323447Z Site container: ekioba-frontend-ccan-20260502 terminated during site startup.
2026-05-06T10:37:06.3332401Z State: Stopping, Action: CancellingStartup, LastError: ContainerTimeout, LastErrorTimestamp: 05/06/2026 10:31:56, LastErrorDetails: Container did not start within expected time limit of 230s. Please inspect your container logs for more details., Details: Site container: ekioba-frontend-ccan-20260502 terminated during site startup. Cancelling site startup., DetailsLevel: ERR
2026-05-06T10:37:07.3231268Z Site startup probe failed after 61.2853574 seconds.
2026-05-06T10:37:08.7241667Z State: Stopping, Action: CancellingStartup, LastError: ContainerTimeout, LastErrorTimestamp: 05/06/2026 10:37:08, LastErrorDetails: Container did not start within expected time limit of 230s. Please inspect your container logs for more details., Details: Site container: ekioba-frontend-ccan-20260502 terminated during site startup. Cancelling site startup., DetailsLevel: ERR
2026-05-06T10:37:08.7853771Z Failed to start site. Revert by stopping site.
2026-05-06T10:37:08.7936190Z State: Stopping, Action: StoppingSite, LastError: ContainerTimeout, LastErrorTimestamp: 05/06/2026 10:37:08, LastErrorDetails: Container did not start within expected time limit of 230s. Please inspect your container logs for more details., Details: Site container: ekioba-frontend-ccan-20260502 terminated during site startup. Cancelling site startup., DetailsLevel: ERR
2026-05-06T10:37:08.8740772Z State: Stopping, Action: StoppingSiteContainers, LastError: ContainerTimeout, LastErrorTimestamp: 05/06/2026 10:37:08, LastErrorDetails: Container did not start within expected time limit of 230s. Please inspect your container logs for more details., Details: Site container: ekioba-frontend-ccan-20260502 terminated during site startup. Cancelling site startup., DetailsLevel: ERR
2026-05-06T10:37:08.8741189Z Site: ekioba-frontend-ccan-20260502 stopped.
2026-05-06T10:37:08.8946291Z State: Stopping, Action: UnmountingVolumes, LastError: ContainerTimeout, LastErrorTimestamp: 05/06/2026 10:37:08, LastErrorDetails: Container did not start within expected time limit of 230s. Please inspect your container logs for more details., Details: Site container: ekioba-frontend-ccan-20260502 terminated during site startup. Cancelling site startup., DetailsLevel: ERR
2026-05-06T10:37:10.5419049Z State: Stopping, Action: StoppingSiteNetworks, LastError: ContainerTimeout, LastErrorTimestamp: 05/06/2026 10:37:08, LastErrorDetails: Container did not start within expected time limit of 230s. Please inspect your container logs for more details., Details: Site container: ekioba-frontend-ccan-20260502 terminated during site startup. Cancelling site startup., DetailsLevel: ERR
2026-05-06T10:37:11.8376782Z Site: ekioba-frontend-ccan-20260502 will be blocked for 4 minutes till 05/06/2026 10:41:11
2026-05-06T10:37:11.8379509Z State: Blocked, Action: StoppingSiteNetworks, LastError: ContainerTimeout, LastErrorTimestamp: 05/06/2026 10:37:08, LastErrorDetails: Container did not start within expected time limit of 230s. Please inspect your container logs for more details., Details: Site: ekioba-frontend-ccan-20260502 will be blocked for 4 minutes till 05/06/2026 10:41:11, DetailsLevel: WARN
2026-05-06T10:37:11.8392958Z State: Stopped, Action: None, LastError: ContainerTimeout, LastErrorTimestamp: 05/06/2026 10:37:08, LastErrorDetails: Container did not start within expected time limit of 230s. Please inspect your container logs for more details., Details: Site stopped at 05/06/2026 10:37:11 (UTC), DetailsLevel: WARN
2026-05-06T10:37:12.3948276Z State: Stopped, Action: None, LastError: ContainerTimeout, LastErrorTimestamp: 05/06/2026 10:37:08, LastErrorDetails: Container did not start within expected time limit of 230s. Please inspect your container logs for more details., Details: Site stopped at 05/06/2026 10:37:11 (UTC), DetailsLevel: WARN
2026-05-06T10:37:18.8653581Z State: Blocked, Action: None, LastError: ContainerTimeout, LastErrorTimestamp: 05/06/2026 10:37:08, LastErrorDetails: Container did not start within expected time limit of 230s. Please inspect your container logs for more details., Details: Site is blocked due to multiple, consecutive cold start failures. Site scheduled to be unblocked at 05/06/2026 10:41:11, DetailsLevel: WARN
2026-05-06T10:37:18.8654086Z Start site prohibitted because the site is being blocked.
2026-05-06T10:37:57.8458201Z State: Blocked, Action: None, LastError: ContainerTimeout, LastErrorTimestamp: 05/06/2026 10:37:08, LastErrorDetails: Container did not start within expected time limit of 230s. Please inspect your container logs for more details., Details: Site is blocked due to multiple, consecutive cold start failures. Site scheduled to be unblocked at 05/06/2026 10:41:11, DetailsLevel: WARN
2026-05-06T10:37:57.8459446Z Start site prohibitted because the site is being blocked.
2026-05-06T10:37:59.2233460Z State: Blocked, Action: None, LastError: ContainerTimeout, LastErrorTimestamp: 05/06/2026 10:37:08, LastErrorDetails: Container did not start within expected time limit of 230s. Please inspect your container logs for more details., Details: Site is blocked due to multiple, consecutive cold start failures. Site scheduled to be unblocked at 05/06/2026 10:41:11, DetailsLevel: WARN
2026-05-06T10:37:59.2234118Z Start site prohibitted because the site is being blocked.
2026-05-06T10:38:16.4038621Z State: Blocked, Action: None, LastError: ContainerTimeout, LastErrorTimestamp: 05/06/2026 10:37:08, LastErrorDetails: Container did not start within expected time limit of 230s. Please inspect your container logs for more details., Details: Site is blocked due to multiple, consecutive cold start failures. Site scheduled to be unblocked at 05/06/2026 10:41:11, DetailsLevel: WARN
2026-05-06T10:38:16.4041498Z Start site prohibitted because the site is being blocked.
2026-05-06T10:38:29.6398465Z State: Blocked, Action: None, LastError: ContainerTimeout, LastErrorTimestamp: 05/06/2026 10:37:08, LastErrorDetails: Container did not start within expected time limit of 230s. Please inspect your container logs for more details., Details: Site is blocked due to multiple, consecutive cold start failures. Site scheduled to be unblocked at 05/06/2026 10:41:11, DetailsLevel: WARN
2026-05-06T10:38:29.6399249Z Start site prohibitted because the site is being blocked.
2026-05-06T10:38:48.6458148Z State: Blocked, Action: None, LastError: ContainerTimeout, LastErrorTimestamp: 05/06/2026 10:37:08, LastErrorDetails: Container did not start within expected time limit of 230s. Please inspect your container logs for more details., Details: Site is blocked due to multiple, consecutive cold start failures. Site scheduled to be unblocked at 05/06/2026 10:41:11, DetailsLevel: WARN
2026-05-06T10:38:48.6458517Z Start site prohibitted because the site is being blocked.
2026-05-06T10:39:09.7172784Z State: Blocked, Action: None, LastError: ContainerTimeout, LastErrorTimestamp: 05/06/2026 10:37:08, LastErrorDetails: Container did not start within expected time limit of 230s. Please inspect your container logs for more details., Details: Site is blocked due to multiple, consecutive cold start failures. Site scheduled to be unblocked at 05/06/2026 10:41:11, DetailsLevel: WARN
2026-05-06T10:39:09.7173123Z Start site prohibitted because the site is being blocked.
2026-05-06T10:39:11.6964185Z State: Blocked, Action: None, LastError: ContainerTimeout, LastErrorTimestamp: 05/06/2026 10:37:08, LastErrorDetails: Container did not start within expected time limit of 230s. Please inspect your container logs for more details., Details: Site is blocked due to multiple, consecutive cold start failures. Site scheduled to be unblocked at 05/06/2026 10:41:11, DetailsLevel: WARN
2026-05-06T10:39:11.6971796Z Start site prohibitted because the site is being blocked.
2026-05-06T10:39:19.4399899Z State: Blocked, Action: None, LastError: ContainerTimeout, LastErrorTimestamp: 05/06/2026 10:37:08, LastErrorDetails: Container did not start within expected time limit of 230s. Please inspect your container logs for more details., Details: Site is blocked due to multiple, consecutive cold start failures. Site scheduled to be unblocked at 05/06/2026 10:41:11, DetailsLevel: WARN
2026-05-06T10:39:19.4400957Z Start site prohibitted because the site is being blocked.
2026-05-06T10:40:05.0656551Z State: Blocked, Action: None, LastError: ContainerTimeout, LastErrorTimestamp: 05/06/2026 10:37:08, LastErrorDetails: Container did not start within expected time limit of 230s. Please inspect your container logs for more details., Details: Site is blocked due to multiple, consecutive cold start failures. Site scheduled to be unblocked at 05/06/2026 10:41:11, DetailsLevel: WARN
2026-05-06T10:40:05.0722432Z Start site prohibitted because the site is being blocked.
2026-05-06T10:40:20.2360240Z State: Blocked, Action: None, LastError: ContainerTimeout, LastErrorTimestamp: 05/06/2026 10:37:08, LastErrorDetails: Container did not start within expected time limit of 230s. Please inspect your container logs for more details., Details: Site is blocked due to multiple, consecutive cold start failures. Site scheduled to be unblocked at 05/06/2026 10:41:11, DetailsLevel: WARN
2026-05-06T10:40:20.2362194Z Start site prohibitted because the site is being blocked.
2026-05-06T10:40:26.2055306Z State: Blocked, Action: None, LastError: ContainerTimeout, LastErrorTimestamp: 05/06/2026 10:37:08, LastErrorDetails: Container did not start within expected time limit of 230s. Please inspect your container logs for more details., Details: Site is blocked due to multiple, consecutive cold start failures. Site scheduled to be unblocked at 05/06/2026 10:41:11, DetailsLevel: WARN
2026-05-06T10:40:26.2056032Z Start site prohibitted because the site is being blocked.
2026-05-06T10:40:40.8702083Z State: Blocked, Action: None, LastError: ContainerTimeout, LastErrorTimestamp: 05/06/2026 10:37:08, LastErrorDetails: Container did not start within expected time limit of 230s. Please inspect your container logs for more details., Details: Site is blocked due to multiple, consecutive cold start failures. Site scheduled to be unblocked at 05/06/2026 10:41:11, DetailsLevel: WARN
2026-05-06T10:40:40.8703288Z Start site prohibitted because the site is being blocked.
2026-05-06T10:40:47.7545077Z State: Blocked, Action: None, LastError: ContainerTimeout, LastErrorTimestamp: 05/06/2026 10:37:08, LastErrorDetails: Container did not start within expected time limit of 230s. Please inspect your container logs for more details., Details: Site is blocked due to multiple, consecutive cold start failures. Site scheduled to be unblocked at 05/06/2026 10:41:11, DetailsLevel: WARN
2026-05-06T10:40:47.7546212Z Start site prohibitted because the site is being blocked.
2026-05-06T10:41:11.8391829Z Site: ekioba-frontend-ccan-20260502 is unblocked.
2026-05-06T10:41:14.1184669Z State: Starting, Action: EstablishingSiteNetworks, LastError: ContainerTimeout, LastErrorTimestamp: 05/06/2026 10:37:08, LastErrorDetails: Container did not start within expected time limit of 230s. Please inspect your container logs for more details., Details: Site is blocked due to multiple, consecutive cold start failures. Site scheduled to be unblocked at 05/06/2026 10:41:11, DetailsLevel: WARN
2026-05-06T10:41:15.9143374Z State: Starting, Action: StartingSiteContainers, LastError: ContainerTimeout, LastErrorTimestamp: 05/06/2026 10:37:08, LastErrorDetails: Container did not start within expected time limit of 230s. Please inspect your container logs for more details., Details: Site is blocked due to multiple, consecutive cold start failures. Site scheduled to be unblocked at 05/06/2026 10:41:11, DetailsLevel: WARN
2026-05-06T10:41:15.9145113Z Container start method called.
2026-05-06T10:41:15.9146027Z State: Starting, Action: PullingImage, LastError: ContainerTimeout, LastErrorTimestamp: 05/06/2026 10:37:08, LastErrorDetails: Container did not start within expected time limit of 230s. Please inspect your container logs for more details., Details: Pulling image 10.1.0.4:13209/appsvc/python:3.12_20260203.2.tuxprod for ekioba-frontend-ccan-20260502., DetailsLevel: INFO
2026-05-06T10:41:15.9147374Z Establishing network.
2026-05-06T10:41:15.9148949Z Pulling image: appsvc/python:3.12_20260203.2.tuxprod.
2026-05-06T10:41:16.1283523Z Container is starting.
2026-05-06T10:41:16.1284360Z State: Starting, Action: MountingVolumes, LastError: ContainerTimeout, LastErrorTimestamp: 05/06/2026 10:37:08, LastErrorDetails: Container did not start within expected time limit of 230s. Please inspect your container logs for more details., Details: Mounting volumes for ekioba-frontend-ccan-20260502., DetailsLevel: INFO
2026-05-06T10:41:16.1286109Z Establishing user namespace if not established already.
2026-05-06T10:41:16.1287846Z Establishing network if not established already.
2026-05-06T10:41:16.1289385Z Mounting volumes.
2026-05-06T10:41:16.1299065Z Nested mountpoint 
2026-05-06T10:41:16.2316925Z Nested mountpoint volatile/logs
2026-05-06T10:41:16.2704770Z Nested mountpoint 
2026-05-06T10:41:16.2713146Z Nested mountpoint 
2026-05-06T10:41:16.2782199Z Nested mountpoint 
2026-05-06T10:41:17.1201526Z State: Starting, Action: CreatingContainer, LastError: ContainerTimeout, LastErrorTimestamp: 05/06/2026 10:37:08, LastErrorDetails: Container did not start within expected time limit of 230s. Please inspect your container logs for more details., Details: Finished pulling container image and mounting volumes for ekioba-frontend-ccan-20260502. Allocatinng the rest of the container resources to finish container creation., DetailsLevel: INFO
2026-05-06T10:41:17.1273242Z Creating container.
2026-05-06T10:41:17.1281356Z Creating pipes for streaming container io.
2026-05-06T10:41:17.1288331Z Creating stdout named pipe at /podr/container/pipe/dd223ced6c97_ekioba-frontend-ccan-20260502/stdout_53367808f6bd4263a20aaacf04ed13b8.
2026-05-06T10:41:17.1361922Z Successfully created stdout named pipe at: /podr/container/pipe/dd223ced6c97_ekioba-frontend-ccan-20260502/stdout_53367808f6bd4263a20aaacf04ed13b8.
2026-05-06T10:41:17.1364330Z Opening named pipe /podr/container/pipe/dd223ced6c97_ekioba-frontend-ccan-20260502/stdout_53367808f6bd4263a20aaacf04ed13b8 for reading in non-blocking mode.
2026-05-06T10:41:17.1369022Z Successfully opened named pipe: /podr/container/pipe/dd223ced6c97_ekioba-frontend-ccan-20260502/stdout_53367808f6bd4263a20aaacf04ed13b8.
2026-05-06T10:41:17.1370797Z Successfully removed non-blocking flag from /podr/container/pipe/dd223ced6c97_ekioba-frontend-ccan-20260502/stdout_53367808f6bd4263a20aaacf04ed13b8.
2026-05-06T10:41:17.1470478Z Creating stderr named pipe at /podr/container/pipe/dd223ced6c97_ekioba-frontend-ccan-20260502/stderr_f63b2d5d63d84b439ca9e696d71ce22a.
2026-05-06T10:41:17.1480703Z Successfully created stderr named pipe at: /podr/container/pipe/dd223ced6c97_ekioba-frontend-ccan-20260502/stderr_f63b2d5d63d84b439ca9e696d71ce22a.
2026-05-06T10:41:17.1488485Z Opening named pipe /podr/container/pipe/dd223ced6c97_ekioba-frontend-ccan-20260502/stderr_f63b2d5d63d84b439ca9e696d71ce22a for reading in non-blocking mode.
2026-05-06T10:41:17.1560683Z Successfully opened named pipe: /podr/container/pipe/dd223ced6c97_ekioba-frontend-ccan-20260502/stderr_f63b2d5d63d84b439ca9e696d71ce22a.
2026-05-06T10:41:17.1564766Z Successfully removed non-blocking flag from /podr/container/pipe/dd223ced6c97_ekioba-frontend-ccan-20260502/stderr_f63b2d5d63d84b439ca9e696d71ce22a.
2026-05-06T10:41:17.1569234Z Creating container with image: appsvc/python:3.12_20260203.2.tuxprod from registry: 10.1.0.4:13209 and fully qualified image name: 10.1.0.4:13209/appsvc/python:3.12_20260203.2.tuxprod
2026-05-06T10:41:18.4418117Z Starting container: dd223ced6c97_ekioba-frontend-ccan-20260502.
2026-05-06T10:41:18.5664752Z Starting watchers and probes.
2026-05-06T10:41:18.5747183Z Starting metrics collection.
2026-05-06T10:41:18.5756523Z Container is running.
2026-05-06T10:41:18.5758051Z State: Starting, Action: CreatingContainer, LastError: ContainerTimeout, LastErrorTimestamp: 05/06/2026 10:37:08, LastErrorDetails: Container did not start within expected time limit of 230s. Please inspect your container logs for more details., Details: Container ekioba-frontend-ccan-20260502 successfully created and is running., DetailsLevel: INFO
2026-05-06T10:41:18.8105154Z Container start method finished after 2895 ms.
2026-05-06T10:41:18.8107637Z State: Starting, Action: InitiatingSiteWarmUpProbe, LastError: ContainerTimeout, LastErrorTimestamp: 05/06/2026 10:37:08, LastErrorDetails: Container did not start within expected time limit of 230s. Please inspect your container logs for more details., Details: Container ekioba-frontend-ccan-20260502 successfully created and is running., DetailsLevel: INFO
2026-05-06T10:41:18.8107951Z State: Starting, Action: WaitingForSiteWarmUpProbeSuccess, LastError: ContainerTimeout, LastErrorTimestamp: 05/06/2026 10:37:08, LastErrorDetails: Container did not start within expected time limit of 230s. Please inspect your container logs for more details., Details: Pinging warmup path to ensure container is ready to receive requests., DetailsLevel: INFO
2026-05-06T10:43:19.8311861Z Container has finished running with exit code: 1.
2026-05-06T10:43:19.8585525Z Container is terminating. Grace period: 5 seconds.
2026-05-06T10:43:19.9575184Z Stop and delete container. Retry count = 0
2026-05-06T10:43:19.9577674Z Stopping container: dd223ced6c97_ekioba-frontend-ccan-20260502.
2026-05-06T10:43:21.4987191Z Deleting container: dd223ced6c97_ekioba-frontend-ccan-20260502. Retry count = 0
2026-05-06T10:43:28.8870056Z Container spec TerminationMessagePolicy  path 
2026-05-06T10:43:28.8883948Z Container is terminated. Total time elapsed: 9027 ms.
2026-05-06T10:43:28.8889396Z Site container: ekioba-frontend-ccan-20260502 terminated during site startup.
2026-05-06T10:43:28.8899007Z State: Stopping, Action: CancellingStartup, LastError: ContainerTimeout, LastErrorTimestamp: 05/06/2026 10:37:08, LastErrorDetails: Container did not start within expected time limit of 230s. Please inspect your container logs for more details., Details: Site container: ekioba-frontend-ccan-20260502 terminated during site startup. Cancelling site startup., DetailsLevel: ERR
2026-05-06T10:43:31.7176684Z Site startup probe failed after 132.8044487 seconds.
2026-05-06T10:43:32.2479775Z State: Stopping, Action: CancellingStartup, LastError: ContainerTimeout, LastErrorTimestamp: 05/06/2026 10:43:32, LastErrorDetails: Container did not start within expected time limit of 230s. Please inspect your container logs for more details., Details: Site container: ekioba-frontend-ccan-20260502 terminated during site startup. Cancelling site startup., DetailsLevel: ERR
2026-05-06T10:43:32.2879759Z Failed to start site. Revert by stopping site.
2026-05-06T10:43:32.2887572Z State: Stopping, Action: StoppingSite, LastError: ContainerTimeout, LastErrorTimestamp: 05/06/2026 10:43:32, LastErrorDetails: Container did not start within expected time limit of 230s. Please inspect your container logs for more details., Details: Site container: ekioba-frontend-ccan-20260502 terminated during site startup. Cancelling site startup., DetailsLevel: ERR
2026-05-06T10:43:32.2894769Z State: Stopping, Action: StoppingSiteContainers, LastError: ContainerTimeout, LastErrorTimestamp: 05/06/2026 10:43:32, LastErrorDetails: Container did not start within expected time limit of 230s. Please inspect your container logs for more details., Details: Site container: ekioba-frontend-ccan-20260502 terminated during site startup. Cancelling site startup., DetailsLevel: ERR
2026-05-06T10:43:32.2894927Z Site: ekioba-frontend-ccan-20260502 stopped.
2026-05-06T10:46:06.9714236Z State: Starting, Action: EstablishingSiteNetworks, LastError: ContainerTimeout, LastErrorTimestamp: 05/06/2026 10:43:32, LastErrorDetails: Container did not start within expected time limit of 230s. Please inspect your container logs for more details., Details: Site is blocked due to multiple, consecutive cold start failures. Site scheduled to be unblocked at 05/06/2026 10:47:33, DetailsLevel: WARN
2026-05-06T10:46:11.7202069Z State: Starting, Action: StartingSiteContainers, LastError: ContainerTimeout, LastErrorTimestamp: 05/06/2026 10:43:32, LastErrorDetails: Container did not start within expected time limit of 230s. Please inspect your container logs for more details., Details: Site is blocked due to multiple, consecutive cold start failures. Site scheduled to be unblocked at 05/06/2026 10:47:33, DetailsLevel: WARN
2026-05-06T10:46:11.7203270Z Container start method called.
2026-05-06T10:46:11.7203689Z State: Starting, Action: PullingImage, LastError: ContainerTimeout, LastErrorTimestamp: 05/06/2026 10:43:32, LastErrorDetails: Container did not start within expected time limit of 230s. Please inspect your container logs for more details., Details: Pulling image 10.1.0.4:13209/appsvc/python:3.12_20260203.2.tuxprod for ekioba-frontend-ccan-20260502., DetailsLevel: INFO
2026-05-06T10:46:11.7204605Z Establishing network.
2026-05-06T10:46:11.7206059Z Pulling image: appsvc/python:3.12_20260203.2.tuxprod.
2026-05-06T10:46:13.3507574Z Container is starting.
2026-05-06T10:46:13.3509212Z State: Starting, Action: MountingVolumes, LastError: ContainerTimeout, LastErrorTimestamp: 05/06/2026 10:43:32, LastErrorDetails: Container did not start within expected time limit of 230s. Please inspect your container logs for more details., Details: Mounting volumes for ekioba-frontend-ccan-20260502., DetailsLevel: INFO
2026-05-06T10:46:13.3510476Z Establishing user namespace if not established already.
2026-05-06T10:46:13.3511513Z Establishing network if not established already.
2026-05-06T10:46:13.4638344Z Mounting volumes.
2026-05-06T10:46:13.4642507Z Nested mountpoint 
2026-05-06T10:46:13.5602755Z Nested mountpoint volatile/logs
2026-05-06T10:46:13.8393715Z Nested mountpoint 
2026-05-06T10:46:13.8404394Z Nested mountpoint 
2026-05-06T10:46:14.0708891Z Nested mountpoint 
2026-05-06T10:46:15.7615087Z State: Starting, Action: CreatingContainer, LastError: ContainerTimeout, LastErrorTimestamp: 05/06/2026 10:43:32, LastErrorDetails: Container did not start within expected time limit of 230s. Please inspect your container logs for more details., Details: Finished pulling container image and mounting volumes for ekioba-frontend-ccan-20260502. Allocatinng the rest of the container resources to finish container creation., DetailsLevel: INFO
2026-05-06T10:46:15.7617670Z Creating container.
2026-05-06T10:46:15.7819057Z Creating pipes for streaming container io.
2026-05-06T10:46:15.7822975Z Creating stdout named pipe at /podr/container/pipe/35aaef2e9235_ekioba-frontend-ccan-20260502/stdout_8d7c881ee53c4b658aaabaedade3866b.
2026-05-06T10:46:15.8102111Z Successfully created stdout named pipe at: /podr/container/pipe/35aaef2e9235_ekioba-frontend-ccan-20260502/stdout_8d7c881ee53c4b658aaabaedade3866b.
2026-05-06T10:46:15.8104484Z Opening named pipe /podr/container/pipe/35aaef2e9235_ekioba-frontend-ccan-20260502/stdout_8d7c881ee53c4b658aaabaedade3866b for reading in non-blocking mode.
2026-05-06T10:46:15.8187308Z Successfully opened named pipe: /podr/container/pipe/35aaef2e9235_ekioba-frontend-ccan-20260502/stdout_8d7c881ee53c4b658aaabaedade3866b.
2026-05-06T10:46:15.8213359Z Successfully removed non-blocking flag from /podr/container/pipe/35aaef2e9235_ekioba-frontend-ccan-20260502/stdout_8d7c881ee53c4b658aaabaedade3866b.
2026-05-06T10:46:15.8982911Z Creating stderr named pipe at /podr/container/pipe/35aaef2e9235_ekioba-frontend-ccan-20260502/stderr_526f3a651dee47559087c42e4de923bf.
2026-05-06T10:46:15.8996562Z Successfully created stderr named pipe at: /podr/container/pipe/35aaef2e9235_ekioba-frontend-ccan-20260502/stderr_526f3a651dee47559087c42e4de923bf.
2026-05-06T10:46:15.8998027Z Opening named pipe /podr/container/pipe/35aaef2e9235_ekioba-frontend-ccan-20260502/stderr_526f3a651dee47559087c42e4de923bf for reading in non-blocking mode.
2026-05-06T10:46:15.9014114Z Successfully opened named pipe: /podr/container/pipe/35aaef2e9235_ekioba-frontend-ccan-20260502/stderr_526f3a651dee47559087c42e4de923bf.
2026-05-06T10:46:15.9178883Z Successfully removed non-blocking flag from /podr/container/pipe/35aaef2e9235_ekioba-frontend-ccan-20260502/stderr_526f3a651dee47559087c42e4de923bf.
2026-05-06T10:46:15.9182256Z Creating container with image: appsvc/python:3.12_20260203.2.tuxprod from registry: 10.1.0.4:13209 and fully qualified image name: 10.1.0.4:13209/appsvc/python:3.12_20260203.2.tuxprod
2026-05-06T10:46:17.6983530Z Starting container: 35aaef2e9235_ekioba-frontend-ccan-20260502.
2026-05-06T10:46:17.7888635Z Starting watchers and probes.
2026-05-06T10:46:17.7956771Z Starting metrics collection.
2026-05-06T10:46:17.7963285Z Container is running.
2026-05-06T10:46:17.7964700Z State: Starting, Action: CreatingContainer, LastError: ContainerTimeout, LastErrorTimestamp: 05/06/2026 10:43:32, LastErrorDetails: Container did not start within expected time limit of 230s. Please inspect your container logs for more details., Details: Container ekioba-frontend-ccan-20260502 successfully created and is running., DetailsLevel: INFO
2026-05-06T10:46:17.9630678Z Container start method finished after 6242 ms.
2026-05-06T10:46:17.9905671Z State: Starting, Action: InitiatingSiteWarmUpProbe, LastError: ContainerTimeout, LastErrorTimestamp: 05/06/2026 10:43:32, LastErrorDetails: Container did not start within expected time limit of 230s. Please inspect your container logs for more details., Details: Container ekioba-frontend-ccan-20260502 successfully created and is running., DetailsLevel: INFO
2026-05-06T10:46:17.9918165Z State: Starting, Action: WaitingForSiteWarmUpProbeSuccess, LastError: ContainerTimeout, LastErrorTimestamp: 05/06/2026 10:43:32, LastErrorDetails: Container did not start within expected time limit of 230s. Please inspect your container logs for more details., Details: Pinging warmup path to ensure container is ready to receive requests., DetailsLevel: INFO
2026-05-06T10:47:42.6243821Z Container has finished running with exit code: 1.
2026-05-06T10:47:42.6270729Z Container is terminating. Grace period: 5 seconds.
2026-05-06T10:47:42.6630832Z Stop and delete container. Retry count = 0
2026-05-06T10:47:42.6650058Z Stopping container: 35aaef2e9235_ekioba-frontend-ccan-20260502.
2026-05-06T10:47:43.0394953Z Deleting container: 35aaef2e9235_ekioba-frontend-ccan-20260502. Retry count = 0
2026-05-06T10:47:44.9078329Z Container spec TerminationMessagePolicy  path 
2026-05-06T10:47:44.9162674Z Container is terminated. Total time elapsed: 2261 ms.
2026-05-06T10:47:44.9248193Z Site container: ekioba-frontend-ccan-20260502 terminated during site startup.
2026-05-06T10:47:44.9554917Z State: Stopping, Action: CancellingStartup, LastError: ContainerTimeout, LastErrorTimestamp: 05/06/2026 10:43:32, LastErrorDetails: Container did not start within expected time limit of 230s. Please inspect your container logs for more details., Details: Site container: ekioba-frontend-ccan-20260502 terminated during site startup. Cancelling site startup., DetailsLevel: ERR
2026-05-06T10:47:45.8632287Z Site startup probe failed after 87.87093 seconds.
2026-05-06T10:47:46.4419078Z State: Stopping, Action: CancellingStartup, LastError: ContainerTimeout, LastErrorTimestamp: 05/06/2026 10:47:46, LastErrorDetails: Container did not start within expected time limit of 230s. Please inspect your container logs for more details., Details: Site container: ekioba-frontend-ccan-20260502 terminated during site startup. Cancelling site startup., DetailsLevel: ERR
2026-05-06T10:47:46.5129479Z Failed to start site. Revert by stopping site.
2026-05-06T10:47:46.5424305Z State: Stopping, Action: StoppingSite, LastError: ContainerTimeout, LastErrorTimestamp: 05/06/2026 10:47:46, LastErrorDetails: Container did not start within expected time limit of 230s. Please inspect your container logs for more details., Details: Site container: ekioba-frontend-ccan-20260502 terminated during site startup. Cancelling site startup., DetailsLevel: ERR
2026-05-06T10:47:46.5603780Z State: Stopping, Action: StoppingSiteContainers, LastError: ContainerTimeout, LastErrorTimestamp: 05/06/2026 10:47:46, LastErrorDetails: Container did not start within expected time limit of 230s. Please inspect your container logs for more details., Details: Site container: ekioba-frontend-ccan-20260502 terminated during site startup. Cancelling site startup., DetailsLevel: ERR
2026-05-06T10:47:46.5603964Z Site: ekioba-frontend-ccan-20260502 stopped.
2026-05-06T10:47:46.5695897Z State: Stopping, Action: UnmountingVolumes, LastError: ContainerTimeout, LastErrorTimestamp: 05/06/2026 10:47:46, LastErrorDetails: Container did not start within expected time limit of 230s. Please inspect your container logs for more details., Details: Site container: ekioba-frontend-ccan-20260502 terminated during site startup. Cancelling site startup., DetailsLevel: ERR
2026-05-06T10:47:47.5950684Z State: Stopping, Action: StoppingSiteNetworks, LastError: ContainerTimeout, LastErrorTimestamp: 05/06/2026 10:47:46, LastErrorDetails: Container did not start within expected time limit of 230s. Please inspect your container logs for more details., Details: Site container: ekioba-frontend-ccan-20260502 terminated during site startup. Cancelling site startup., DetailsLevel: ERR
2026-05-06T10:47:48.2759448Z State: Stopped, Action: None, LastError: ContainerTimeout, LastErrorTimestamp: 05/06/2026 10:47:46, LastErrorDetails: Container did not start within expected time limit of 230s. Please inspect your container logs for more details., Details: Site stopped at 05/06/2026 10:47:48 (UTC), DetailsLevel: ERR
2026-05-06T10:47:48.5324004Z State: Stopped, Action: None, LastError: ContainerTimeout, LastErrorTimestamp: 05/06/2026 10:47:46, LastErrorDetails: Container did not start within expected time limit of 230s. Please inspect your container logs for more details., Details: Site stopped at 05/06/2026 10:47:48 (UTC), DetailsLevel: ERR
2026-05-06T10:48:00.5480874Z State: Starting, Action: EstablishingSiteNetworks, LastError: ContainerTimeout, LastErrorTimestamp: 05/06/2026 10:47:46, LastErrorDetails: Container did not start within expected time limit of 230s. Please inspect your container logs for more details., Details: Site stopped at 05/06/2026 10:47:48 (UTC), DetailsLevel: ERR
2026-05-06T10:48:03.2250087Z State: Starting, Action: StartingSiteContainers, LastError: ContainerTimeout, LastErrorTimestamp: 05/06/2026 10:47:46, LastErrorDetails: Container did not start within expected time limit of 230s. Please inspect your container logs for more details., Details: Site stopped at 05/06/2026 10:47:48 (UTC), DetailsLevel: ERR
2026-05-06T10:48:03.2256565Z Container start method called.
2026-05-06T10:48:03.2257586Z State: Starting, Action: PullingImage, LastError: ContainerTimeout, LastErrorTimestamp: 05/06/2026 10:47:46, LastErrorDetails: Container did not start within expected time limit of 230s. Please inspect your container logs for more details., Details: Pulling image 10.1.0.4:13209/appsvc/python:3.12_20260203.2.tuxprod for ekioba-frontend-ccan-20260502., DetailsLevel: INFO
2026-05-06T10:48:03.2258874Z Establishing network.
2026-05-06T10:48:03.2260097Z Pulling image: appsvc/python:3.12_20260203.2.tuxprod.
2026-05-06T10:48:04.2614682Z Container is starting.
2026-05-06T10:48:04.2686728Z State: Starting, Action: MountingVolumes, LastError: ContainerTimeout, LastErrorTimestamp: 05/06/2026 10:47:46, LastErrorDetails: Container did not start within expected time limit of 230s. Please inspect your container logs for more details., Details: Mounting volumes for ekioba-frontend-ccan-20260502., DetailsLevel: INFO
2026-05-06T10:48:04.2693711Z Establishing user namespace if not established already.
2026-05-06T10:48:04.2695822Z Establishing network if not established already.
2026-05-06T10:48:04.2698377Z Mounting volumes.
2026-05-06T10:48:04.2798178Z Nested mountpoint 
2026-05-06T10:48:04.3483356Z Nested mountpoint volatile/logs
2026-05-06T10:48:04.4083667Z Nested mountpoint 
2026-05-06T10:48:04.4694686Z Nested mountpoint 
2026-05-06T10:48:04.6352175Z Nested mountpoint 
2026-05-06T10:48:06.5298254Z State: Starting, Action: CreatingContainer, LastError: ContainerTimeout, LastErrorTimestamp: 05/06/2026 10:47:46, LastErrorDetails: Container did not start within expected time limit of 230s. Please inspect your container logs for more details., Details: Finished pulling container image and mounting volumes for ekioba-frontend-ccan-20260502. Allocatinng the rest of the container resources to finish container creation., DetailsLevel: INFO
2026-05-06T10:48:06.5299755Z Creating container.
2026-05-06T10:48:06.5300786Z Creating pipes for streaming container io.
2026-05-06T10:48:06.5585415Z Creating stdout named pipe at /podr/container/pipe/92ba9c1f65e6_ekioba-frontend-ccan-20260502/stdout_cb866773e8a5485790858de86af50165.
2026-05-06T10:48:06.5878664Z Successfully created stdout named pipe at: /podr/container/pipe/92ba9c1f65e6_ekioba-frontend-ccan-20260502/stdout_cb866773e8a5485790858de86af50165.
2026-05-06T10:48:06.5880540Z Opening named pipe /podr/container/pipe/92ba9c1f65e6_ekioba-frontend-ccan-20260502/stdout_cb866773e8a5485790858de86af50165 for reading in non-blocking mode.
2026-05-06T10:48:06.5882002Z Successfully opened named pipe: /podr/container/pipe/92ba9c1f65e6_ekioba-frontend-ccan-20260502/stdout_cb866773e8a5485790858de86af50165.
2026-05-06T10:48:06.5899191Z Successfully removed non-blocking flag from /podr/container/pipe/92ba9c1f65e6_ekioba-frontend-ccan-20260502/stdout_cb866773e8a5485790858de86af50165.
2026-05-06T10:48:06.5915464Z Creating stderr named pipe at /podr/container/pipe/92ba9c1f65e6_ekioba-frontend-ccan-20260502/stderr_c4b1b2a18b474bd7919f684b2ef4b34e.
2026-05-06T10:48:06.5917310Z Successfully created stderr named pipe at: /podr/container/pipe/92ba9c1f65e6_ekioba-frontend-ccan-20260502/stderr_c4b1b2a18b474bd7919f684b2ef4b34e.
2026-05-06T10:48:06.5918361Z Opening named pipe /podr/container/pipe/92ba9c1f65e6_ekioba-frontend-ccan-20260502/stderr_c4b1b2a18b474bd7919f684b2ef4b34e for reading in non-blocking mode.
2026-05-06T10:48:06.5919583Z Successfully opened named pipe: /podr/container/pipe/92ba9c1f65e6_ekioba-frontend-ccan-20260502/stderr_c4b1b2a18b474bd7919f684b2ef4b34e.
2026-05-06T10:48:06.5920514Z Successfully removed non-blocking flag from /podr/container/pipe/92ba9c1f65e6_ekioba-frontend-ccan-20260502/stderr_c4b1b2a18b474bd7919f684b2ef4b34e.
2026-05-06T10:48:06.6373170Z Creating container with image: appsvc/python:3.12_20260203.2.tuxprod from registry: 10.1.0.4:13209 and fully qualified image name: 10.1.0.4:13209/appsvc/python:3.12_20260203.2.tuxprod
2026-05-06T10:48:14.4235948Z Starting container: 92ba9c1f65e6_ekioba-frontend-ccan-20260502.
2026-05-06T10:48:14.9596138Z Starting watchers and probes.
2026-05-06T10:48:15.0762262Z Starting metrics collection.
2026-05-06T10:48:15.1339804Z Container is running.
2026-05-06T10:48:15.1341207Z State: Starting, Action: CreatingContainer, LastError: ContainerTimeout, LastErrorTimestamp: 05/06/2026 10:47:46, LastErrorDetails: Container did not start within expected time limit of 230s. Please inspect your container logs for more details., Details: Container ekioba-frontend-ccan-20260502 successfully created and is running., DetailsLevel: INFO
2026-05-06T10:48:16.4005071Z Container start method finished after 13174 ms.
2026-05-06T10:48:16.4007622Z State: Starting, Action: InitiatingSiteWarmUpProbe, LastError: ContainerTimeout, LastErrorTimestamp: 05/06/2026 10:47:46, LastErrorDetails: Container did not start within expected time limit of 230s. Please inspect your container logs for more details., Details: Container ekioba-frontend-ccan-20260502 successfully created and is running., DetailsLevel: INFO
2026-05-06T10:48:16.4007912Z State: Starting, Action: WaitingForSiteWarmUpProbeSuccess, LastError: ContainerTimeout, LastErrorTimestamp: 05/06/2026 10:47:46, LastErrorDetails: Container did not start within expected time limit of 230s. Please inspect your container logs for more details., Details: Pinging warmup path to ensure container is ready to receive requests., DetailsLevel: INFO
2026-05-06T10:50:08.3141722Z Container has finished running with exit code: 1.
2026-05-06T10:50:08.3629759Z Container is terminating. Grace period: 5 seconds.
2026-05-06T10:50:08.4555677Z Stop and delete container. Retry count = 0
2026-05-06T10:50:08.4557029Z Stopping container: 92ba9c1f65e6_ekioba-frontend-ccan-20260502.
2026-05-06T10:50:08.8470210Z Deleting container: 92ba9c1f65e6_ekioba-frontend-ccan-20260502. Retry count = 0
2026-05-06T10:50:09.1347934Z Container get mounts received unexpected exception.
2026-05-06T10:50:09.4378417Z Container get processes received unexpected exception.
2026-05-06T10:50:12.3300613Z Container get mounts received unexpected exception.
2026-05-06T10:50:12.4698407Z Container get processes received unexpected exception.
2026-05-06T10:50:13.4045349Z Container spec TerminationMessagePolicy  path 
2026-05-06T10:50:13.4119884Z Container is terminated. Total time elapsed: 5040 ms.
2026-05-06T10:50:13.4134175Z Site container: ekioba-frontend-ccan-20260502 terminated during site startup.
2026-05-06T10:50:13.4279704Z State: Stopping, Action: CancellingStartup, LastError: ContainerTimeout, LastErrorTimestamp: 05/06/2026 10:47:46, LastErrorDetails: Container did not start within expected time limit of 230s. Please inspect your container logs for more details., Details: Site container: ekioba-frontend-ccan-20260502 terminated during site startup. Cancelling site startup., DetailsLevel: ERR
2026-05-06T10:50:15.4514256Z Site startup probe failed after 118.952934 seconds.
2026-05-06T10:50:16.5156507Z State: Stopping, Action: CancellingStartup, LastError: ContainerTimeout, LastErrorTimestamp: 05/06/2026 10:50:16, LastErrorDetails: Container did not start within expected time limit of 230s. Please inspect your container logs for more details., Details: Site container: ekioba-frontend-ccan-20260502 terminated during site startup. Cancelling site startup., DetailsLevel: ERR
2026-05-06T10:50:16.6938265Z Failed to start site. Revert by stopping site.
2026-05-06T10:50:16.7426897Z State: Stopping, Action: StoppingSite, LastError: ContainerTimeout, LastErrorTimestamp: 05/06/2026 10:50:16, LastErrorDetails: Container did not start within expected time limit of 230s. Please inspect your container logs for more details., Details: Site container: ekioba-frontend-ccan-20260502 terminated during site startup. Cancelling site startup., DetailsLevel: ERR
2026-05-06T10:50:17.0779757Z State: Stopping, Action: StoppingSiteContainers, LastError: ContainerTimeout, LastErrorTimestamp: 05/06/2026 10:50:16, LastErrorDetails: Container did not start within expected time limit of 230s. Please inspect your container logs for more details., Details: Site container: ekioba-frontend-ccan-20260502 terminated during site startup. Cancelling site startup., DetailsLevel: ERR
2026-05-06T10:50:17.0780315Z Site: ekioba-frontend-ccan-20260502 stopped.
2026-05-06T10:50:17.1568458Z State: Stopping, Action: UnmountingVolumes, LastError: ContainerTimeout, LastErrorTimestamp: 05/06/2026 10:50:16, LastErrorDetails: Container did not start within expected time limit of 230s. Please inspect your container logs for more details., Details: Site container: ekioba-frontend-ccan-20260502 terminated during site startup. Cancelling site startup., DetailsLevel: ERR
2026-05-06T10:50:20.4460461Z State: Stopping, Action: StoppingSiteNetworks, LastError: ContainerTimeout, LastErrorTimestamp: 05/06/2026 10:50:16, LastErrorDetails: Container did not start within expected time limit of 230s. Please inspect your container logs for more details., Details: Site container: ekioba-frontend-ccan-20260502 terminated during site startup. Cancelling site startup., DetailsLevel: ERR
2026-05-06T10:50:21.8109489Z Site: ekioba-frontend-ccan-20260502 will be blocked for 1 minutes till 05/06/2026 10:51:21
2026-05-06T10:50:21.8481496Z State: Blocked, Action: StoppingSiteNetworks, LastError: ContainerTimeout, LastErrorTimestamp: 05/06/2026 10:50:16, LastErrorDetails: Container did not start within expected time limit of 230s. Please inspect your container logs for more details., Details: Site: ekioba-frontend-ccan-20260502 will be blocked for 1 minutes till 05/06/2026 10:51:21, DetailsLevel: WARN
2026-05-06T10:50:21.9297121Z State: Stopped, Action: None, LastError: ContainerTimeout, LastErrorTimestamp: 05/06/2026 10:50:16, LastErrorDetails: Container did not start within expected time limit of 230s. Please inspect your container logs for more details., Details: Site stopped at 05/06/2026 10:50:21 (UTC), DetailsLevel: WARN
2026-05-06T10:50:22.5469247Z State: Stopped, Action: None, LastError: ContainerTimeout, LastErrorTimestamp: 05/06/2026 10:50:16, LastErrorDetails: Container did not start within expected time limit of 230s. Please inspect your container logs for more details., Details: Site stopped at 05/06/2026 10:50:21 (UTC), DetailsLevel: WARN
2026-05-06T10:50:37.4149271Z State: Blocked, Action: None, LastError: ContainerTimeout, LastErrorTimestamp: 05/06/2026 10:50:16, LastErrorDetails: Container did not start within expected time limit of 230s. Please inspect your container logs for more details., Details: Site is blocked due to multiple, consecutive cold start failures. Site scheduled to be unblocked at 05/06/2026 10:51:21, DetailsLevel: WARN
2026-05-06T10:50:37.4236220Z Start site prohibitted because the site is being blocked.
2026-05-06T10:50:38.5333408Z State: Blocked, Action: None, LastError: ContainerTimeout, LastErrorTimestamp: 05/06/2026 10:50:16, LastErrorDetails: Container did not start within expected time limit of 230s. Please inspect your container logs for more details., Details: Site is blocked due to multiple, consecutive cold start failures. Site scheduled to be unblocked at 05/06/2026 10:51:21, DetailsLevel: WARN
2026-05-06T10:50:38.5344774Z Start site prohibitted because the site is being blocked.
2026-05-06T10:50:54.1066295Z State: Blocked, Action: None, LastError: ContainerTimeout, LastErrorTimestamp: 05/06/2026 10:50:16, LastErrorDetails: Container did not start within expected time limit of 230s. Please inspect your container logs for more details., Details: Site is blocked due to multiple, consecutive cold start failures. Site scheduled to be unblocked at 05/06/2026 10:51:21, DetailsLevel: WARN
2026-05-06T10:50:54.1068709Z Start site prohibitted because the site is being blocked.
2026-05-06T10:51:08.9090117Z State: Blocked, Action: None, LastError: ContainerTimeout, LastErrorTimestamp: 05/06/2026 10:50:16, LastErrorDetails: Container did not start within expected time limit of 230s. Please inspect your container logs for more details., Details: Site is blocked due to multiple, consecutive cold start failures. Site scheduled to be unblocked at 05/06/2026 10:51:21, DetailsLevel: WARN
2026-05-06T10:51:08.9090474Z Start site prohibitted because the site is being blocked.
2026-05-06T10:51:18.0601287Z State: Blocked, Action: None, LastError: ContainerTimeout, LastErrorTimestamp: 05/06/2026 10:50:16, LastErrorDetails: Container did not start within expected time limit of 230s. Please inspect your container logs for more details., Details: Site is blocked due to multiple, consecutive cold start failures. Site scheduled to be unblocked at 05/06/2026 10:51:21, DetailsLevel: WARN
2026-05-06T10:51:18.0603415Z Start site prohibitted because the site is being blocked.
2026-05-06T10:51:21.8141147Z Site: ekioba-frontend-ccan-20260502 is unblocked.
2026-05-06T10:51:23.2792184Z State: Starting, Action: EstablishingSiteNetworks, LastError: ContainerTimeout, LastErrorTimestamp: 05/06/2026 10:50:16, LastErrorDetails: Container did not start within expected time limit of 230s. Please inspect your container logs for more details., Details: Site is blocked due to multiple, consecutive cold start failures. Site scheduled to be unblocked at 05/06/2026 10:51:21, DetailsLevel: WARN
2026-05-06T10:51:28.3032677Z State: Starting, Action: StartingSiteContainers, LastError: ContainerTimeout, LastErrorTimestamp: 05/06/2026 10:50:16, LastErrorDetails: Container did not start within expected time limit of 230s. Please inspect your container logs for more details., Details: Site is blocked due to multiple, consecutive cold start failures. Site scheduled to be unblocked at 05/06/2026 10:51:21, DetailsLevel: WARN
2026-05-06T10:51:28.3034674Z Container start method called.
2026-05-06T10:51:28.3035141Z State: Starting, Action: PullingImage, LastError: ContainerTimeout, LastErrorTimestamp: 05/06/2026 10:50:16, LastErrorDetails: Container did not start within expected time limit of 230s. Please inspect your container logs for more details., Details: Pulling image 10.1.0.4:13209/appsvc/python:3.12_20260203.2.tuxprod for ekioba-frontend-ccan-20260502., DetailsLevel: INFO
2026-05-06T10:51:28.3036339Z Establishing network.
2026-05-06T10:51:28.3037596Z Pulling image: appsvc/python:3.12_20260203.2.tuxprod.
2026-05-06T10:51:29.5688487Z Container is starting.
2026-05-06T10:51:29.5689499Z State: Starting, Action: MountingVolumes, LastError: ContainerTimeout, LastErrorTimestamp: 05/06/2026 10:50:16, LastErrorDetails: Container did not start within expected time limit of 230s. Please inspect your container logs for more details., Details: Mounting volumes for ekioba-frontend-ccan-20260502., DetailsLevel: INFO
2026-05-06T10:51:29.5690809Z Establishing user namespace if not established already.
2026-05-06T10:51:29.5710190Z Establishing network if not established already.
2026-05-06T10:51:29.5711875Z Mounting volumes.
2026-05-06T10:51:29.5784230Z Nested mountpoint 
2026-05-06T10:51:29.6784270Z Nested mountpoint volatile/logs
2026-05-06T10:51:29.7000161Z Nested mountpoint 
2026-05-06T10:51:29.8078132Z Nested mountpoint 
2026-05-06T10:51:29.8190641Z Nested mountpoint 
2026-05-06T10:51:30.3174500Z State: Starting, Action: CreatingContainer, LastError: ContainerTimeout, LastErrorTimestamp: 05/06/2026 10:50:16, LastErrorDetails: Container did not start within expected time limit of 230s. Please inspect your container logs for more details., Details: Finished pulling container image and mounting volumes for ekioba-frontend-ccan-20260502. Allocatinng the rest of the container resources to finish container creation., DetailsLevel: INFO
2026-05-06T10:51:30.3272704Z Creating container.
2026-05-06T10:51:30.3335304Z Creating pipes for streaming container io.
2026-05-06T10:51:30.3337130Z Creating stdout named pipe at /podr/container/pipe/c3916e97b829_ekioba-frontend-ccan-20260502/stdout_d751b8f97f3e4857a8a154e05101cb3f.
2026-05-06T10:51:30.3355745Z Successfully created stdout named pipe at: /podr/container/pipe/c3916e97b829_ekioba-frontend-ccan-20260502/stdout_d751b8f97f3e4857a8a154e05101cb3f.
2026-05-06T10:51:30.3357467Z Opening named pipe /podr/container/pipe/c3916e97b829_ekioba-frontend-ccan-20260502/stdout_d751b8f97f3e4857a8a154e05101cb3f for reading in non-blocking mode.
2026-05-06T10:51:30.3359219Z Successfully opened named pipe: /podr/container/pipe/c3916e97b829_ekioba-frontend-ccan-20260502/stdout_d751b8f97f3e4857a8a154e05101cb3f.
2026-05-06T10:51:30.3360975Z Successfully removed non-blocking flag from /podr/container/pipe/c3916e97b829_ekioba-frontend-ccan-20260502/stdout_d751b8f97f3e4857a8a154e05101cb3f.
2026-05-06T10:51:30.3461310Z Creating stderr named pipe at /podr/container/pipe/c3916e97b829_ekioba-frontend-ccan-20260502/stderr_83f019c1e4b74a7891c30f67d2e54ceb.
2026-05-06T10:51:30.3470159Z Successfully created stderr named pipe at: /podr/container/pipe/c3916e97b829_ekioba-frontend-ccan-20260502/stderr_83f019c1e4b74a7891c30f67d2e54ceb.
2026-05-06T10:51:30.3540657Z Opening named pipe /podr/container/pipe/c3916e97b829_ekioba-frontend-ccan-20260502/stderr_83f019c1e4b74a7891c30f67d2e54ceb for reading in non-blocking mode.
2026-05-06T10:51:30.3543384Z Successfully opened named pipe: /podr/container/pipe/c3916e97b829_ekioba-frontend-ccan-20260502/stderr_83f019c1e4b74a7891c30f67d2e54ceb.
2026-05-06T10:51:30.3545081Z Successfully removed non-blocking flag from /podr/container/pipe/c3916e97b829_ekioba-frontend-ccan-20260502/stderr_83f019c1e4b74a7891c30f67d2e54ceb.
2026-05-06T10:51:30.3557104Z Creating container with image: appsvc/python:3.12_20260203.2.tuxprod from registry: 10.1.0.4:13209 and fully qualified image name: 10.1.0.4:13209/appsvc/python:3.12_20260203.2.tuxprod
2026-05-06T10:51:31.6664598Z Starting container: c3916e97b829_ekioba-frontend-ccan-20260502.
2026-05-06T10:51:31.8298853Z Starting watchers and probes.
2026-05-06T10:51:31.8378483Z Starting metrics collection.
2026-05-06T10:51:31.8399432Z Container is running.
2026-05-06T10:51:31.8466227Z State: Starting, Action: CreatingContainer, LastError: ContainerTimeout, LastErrorTimestamp: 05/06/2026 10:50:16, LastErrorDetails: Container did not start within expected time limit of 230s. Please inspect your container logs for more details., Details: Container ekioba-frontend-ccan-20260502 successfully created and is running., DetailsLevel: INFO
2026-05-06T10:51:32.3021233Z Container start method finished after 3985 ms.
2026-05-06T10:51:32.3994470Z State: Starting, Action: InitiatingSiteWarmUpProbe, LastError: ContainerTimeout, LastErrorTimestamp: 05/06/2026 10:50:16, LastErrorDetails: Container did not start within expected time limit of 230s. Please inspect your container logs for more details., Details: Container ekioba-frontend-ccan-20260502 successfully created and is running., DetailsLevel: INFO
2026-05-06T10:51:32.4011638Z State: Starting, Action: WaitingForSiteWarmUpProbeSuccess, LastError: ContainerTimeout, LastErrorTimestamp: 05/06/2026 10:50:16, LastErrorDetails: Container did not start within expected time limit of 230s. Please inspect your container logs for more details., Details: Pinging warmup path to ensure container is ready to receive requests., DetailsLevel: INFO
2026-05-06T10:52:53.8788641Z Container has finished running with exit code: 1.
2026-05-06T10:52:53.8791167Z Container is terminating. Grace period: 5 seconds.
2026-05-06T10:52:53.8996363Z Stop and delete container. Retry count = 0
2026-05-06T10:52:53.9000936Z Stopping container: c3916e97b829_ekioba-frontend-ccan-20260502.
2026-05-06T10:52:54.1206128Z Deleting container: c3916e97b829_ekioba-frontend-ccan-20260502. Retry count = 0
2026-05-06T10:52:55.3130434Z Container spec TerminationMessagePolicy  path 
2026-05-06T10:52:55.3238142Z Container is terminated. Total time elapsed: 1443 ms.
2026-05-06T10:52:55.3244871Z Site container: ekioba-frontend-ccan-20260502 terminated during site startup.
2026-05-06T10:52:55.3333740Z State: Stopping, Action: CancellingStartup, LastError: ContainerTimeout, LastErrorTimestamp: 05/06/2026 10:50:16, LastErrorDetails: Container did not start within expected time limit of 230s. Please inspect your container logs for more details., Details: Site container: ekioba-frontend-ccan-20260502 terminated during site startup. Cancelling site startup., DetailsLevel: ERR
2026-05-06T10:52:57.1524025Z Site startup probe failed after 84.5577352 seconds.
2026-05-06T10:52:57.9076713Z State: Stopping, Action: CancellingStartup, LastError: ContainerTimeout, LastErrorTimestamp: 05/06/2026 10:52:57, LastErrorDetails: Container did not start within expected time limit of 230s. Please inspect your container logs for more details., Details: Site container: ekioba-frontend-ccan-20260502 terminated during site startup. Cancelling site startup., DetailsLevel: ERR
2026-05-06T10:52:58.0075271Z Failed to start site. Revert by stopping site.
2026-05-06T10:52:58.0159526Z State: Stopping, Action: StoppingSite, LastError: ContainerTimeout, LastErrorTimestamp: 05/06/2026 10:52:57, LastErrorDetails: Container did not start within expected time limit of 230s. Please inspect your container logs for more details., Details: Site container: ekioba-frontend-ccan-20260502 terminated during site startup. Cancelling site startup., DetailsLevel: ERR
2026-05-06T10:52:58.0169146Z State: Stopping, Action: StoppingSiteContainers, LastError: ContainerTimeout, LastErrorTimestamp: 05/06/2026 10:52:57, LastErrorDetails: Container did not start within expected time limit of 230s. Please inspect your container logs for more details., Details: Site container: ekioba-frontend-ccan-20260502 terminated during site startup. Cancelling site startup., DetailsLevel: ERR
2026-05-06T10:52:58.0169369Z Site: ekioba-frontend-ccan-20260502 stopped.
2026-05-06T10:52:58.0448736Z State: Stopping, Action: UnmountingVolumes, LastError: ContainerTimeout, LastErrorTimestamp: 05/06/2026 10:52:57, LastErrorDetails: Container did not start within expected time limit of 230s. Please inspect your container logs for more details., Details: Site container: ekioba-frontend-ccan-20260502 terminated during site startup. Cancelling site startup., DetailsLevel: ERR
2026-05-06T10:52:58.8806942Z State: Stopping, Action: StoppingSiteNetworks, LastError: ContainerTimeout, LastErrorTimestamp: 05/06/2026 10:52:57, LastErrorDetails: Container did not start within expected time limit of 230s. Please inspect your container logs for more details., Details: Site container: ekioba-frontend-ccan-20260502 terminated during site startup. Cancelling site startup., DetailsLevel: ERR
2026-05-06T10:52:59.4723701Z Site: ekioba-frontend-ccan-20260502 will be blocked for 1 minutes till 05/06/2026 10:53:59
2026-05-06T10:52:59.4820750Z State: Blocked, Action: StoppingSiteNetworks, LastError: ContainerTimeout, LastErrorTimestamp: 05/06/2026 10:52:57, LastErrorDetails: Container did not start within expected time limit of 230s. Please inspect your container logs for more details., Details: Site: ekioba-frontend-ccan-20260502 will be blocked for 1 minutes till 05/06/2026 10:53:59, DetailsLevel: WARN
2026-05-06T10:52:59.4923454Z State: Stopped, Action: None, LastError: ContainerTimeout, LastErrorTimestamp: 05/06/2026 10:52:57, LastErrorDetails: Container did not start within expected time limit of 230s. Please inspect your container logs for more details., Details: Site stopped at 05/06/2026 10:52:59 (UTC), DetailsLevel: WARN
2026-05-06T10:52:59.8180782Z State: Stopped, Action: None, LastError: ContainerTimeout, LastErrorTimestamp: 05/06/2026 10:52:57, LastErrorDetails: Container did not start within expected time limit of 230s. Please inspect your container logs for more details., Details: Site stopped at 05/06/2026 10:52:59 (UTC), DetailsLevel: WARN
2026-05-06T10:53:13.5218320Z State: Blocked, Action: None, LastError: ContainerTimeout, LastErrorTimestamp: 05/06/2026 10:52:57, LastErrorDetails: Container did not start within expected time limit of 230s. Please inspect your container logs for more details., Details: Site is blocked due to multiple, consecutive cold start failures. Site scheduled to be unblocked at 05/06/2026 10:53:59, DetailsLevel: WARN
2026-05-06T10:53:13.5218699Z Start site prohibitted because the site is being blocked.
2026-05-06T10:53:24.8179804Z State: Blocked, Action: None, LastError: ContainerTimeout, LastErrorTimestamp: 05/06/2026 10:52:57, LastErrorDetails: Container did not start within expected time limit of 230s. Please inspect your container logs for more details., Details: Site is blocked due to multiple, consecutive cold start failures. Site scheduled to be unblocked at 05/06/2026 10:53:59, DetailsLevel: WARN
2026-05-06T10:53:24.8180120Z Start site prohibitted because the site is being blocked.
2026-05-06T10:53:30.7058084Z State: Blocked, Action: None, LastError: ContainerTimeout, LastErrorTimestamp: 05/06/2026 10:52:57, LastErrorDetails: Container did not start within expected time limit of 230s. Please inspect your container logs for more details., Details: Site is blocked due to multiple, consecutive cold start failures. Site scheduled to be unblocked at 05/06/2026 10:53:59, DetailsLevel: WARN
2026-05-06T10:53:30.7058740Z Start site prohibitted because the site is being blocked.
2026-05-06T10:53:39.6883369Z State: Blocked, Action: None, LastError: ContainerTimeout, LastErrorTimestamp: 05/06/2026 10:52:57, LastErrorDetails: Container did not start within expected time limit of 230s. Please inspect your container logs for more details., Details: Site is blocked due to multiple, consecutive cold start failures. Site scheduled to be unblocked at 05/06/2026 10:53:59, DetailsLevel: WARN
2026-05-06T10:53:39.6884150Z Start site prohibitted because the site is being blocked.
2026-05-06T10:53:41.3781551Z State: Blocked, Action: None, LastError: ContainerTimeout, LastErrorTimestamp: 05/06/2026 10:52:57, LastErrorDetails: Container did not start within expected time limit of 230s. Please inspect your container logs for more details., Details: Site is blocked due to multiple, consecutive cold start failures. Site scheduled to be unblocked at 05/06/2026 10:53:59, DetailsLevel: WARN
2026-05-06T10:53:41.3782442Z Start site prohibitted because the site is being blocked.
2026-05-06T10:53:59.4468768Z Site: ekioba-frontend-ccan-20260502 is unblocked.
2026-05-06T10:54:25.3909805Z State: Starting, Action: EstablishingSiteNetworks, LastError: ContainerTimeout, LastErrorTimestamp: 05/06/2026 10:52:57, LastErrorDetails: Container did not start within expected time limit of 230s. Please inspect your container logs for more details., Details: Site is blocked due to multiple, consecutive cold start failures. Site scheduled to be unblocked at 05/06/2026 10:53:59, DetailsLevel: WARN
2026-05-06T10:54:27.7725043Z State: Starting, Action: StartingSiteContainers, LastError: ContainerTimeout, LastErrorTimestamp: 05/06/2026 10:52:57, LastErrorDetails: Container did not start within expected time limit of 230s. Please inspect your container logs for more details., Details: Site is blocked due to multiple, consecutive cold start failures. Site scheduled to be unblocked at 05/06/2026 10:53:59, DetailsLevel: WARN
2026-05-06T10:54:27.7726406Z Container start method called.
2026-05-06T10:54:27.7726925Z State: Starting, Action: PullingImage, LastError: ContainerTimeout, LastErrorTimestamp: 05/06/2026 10:52:57, LastErrorDetails: Container did not start within expected time limit of 230s. Please inspect your container logs for more details., Details: Pulling image 10.1.0.4:13209/appsvc/python:3.12_20260203.2.tuxprod for ekioba-frontend-ccan-20260502., DetailsLevel: INFO
2026-05-06T10:54:27.7728140Z Establishing network.
2026-05-06T10:54:27.7730493Z Pulling image: appsvc/python:3.12_20260203.2.tuxprod.
2026-05-06T10:54:28.3571530Z Container is starting.
2026-05-06T10:54:28.3638096Z State: Starting, Action: MountingVolumes, LastError: ContainerTimeout, LastErrorTimestamp: 05/06/2026 10:52:57, LastErrorDetails: Container did not start within expected time limit of 230s. Please inspect your container logs for more details., Details: Mounting volumes for ekioba-frontend-ccan-20260502., DetailsLevel: INFO
2026-05-06T10:54:28.3640774Z Establishing user namespace if not established already.
2026-05-06T10:54:28.3648738Z Establishing network if not established already.
2026-05-06T10:54:28.3748811Z Mounting volumes.
2026-05-06T10:54:28.3751281Z Nested mountpoint 
2026-05-06T10:54:28.4912916Z Nested mountpoint volatile/logs
2026-05-06T10:54:28.5128718Z Nested mountpoint 
2026-05-06T10:54:28.5214484Z Nested mountpoint 
2026-05-06T10:54:28.6284573Z Nested mountpoint 
2026-05-06T10:54:29.2737409Z State: Starting, Action: CreatingContainer, LastError: ContainerTimeout, LastErrorTimestamp: 05/06/2026 10:52:57, LastErrorDetails: Container did not start within expected time limit of 230s. Please inspect your container logs for more details., Details: Finished pulling container image and mounting volumes for ekioba-frontend-ccan-20260502. Allocatinng the rest of the container resources to finish container creation., DetailsLevel: INFO
2026-05-06T10:54:29.2738871Z Creating container.
2026-05-06T10:54:29.2740073Z Creating pipes for streaming container io.
2026-05-06T10:54:29.2740986Z Creating stdout named pipe at /podr/container/pipe/958f12dcbef1_ekioba-frontend-ccan-20260502/stdout_6d85b6ed9d1c4df2848ab254bdedb6c3.
2026-05-06T10:54:29.3024576Z Successfully created stdout named pipe at: /podr/container/pipe/958f12dcbef1_ekioba-frontend-ccan-20260502/stdout_6d85b6ed9d1c4df2848ab254bdedb6c3.
2026-05-06T10:54:29.3040346Z Opening named pipe /podr/container/pipe/958f12dcbef1_ekioba-frontend-ccan-20260502/stdout_6d85b6ed9d1c4df2848ab254bdedb6c3 for reading in non-blocking mode.
2026-05-06T10:54:29.3046045Z Successfully opened named pipe: /podr/container/pipe/958f12dcbef1_ekioba-frontend-ccan-20260502/stdout_6d85b6ed9d1c4df2848ab254bdedb6c3.
2026-05-06T10:54:29.3055566Z Successfully removed non-blocking flag from /podr/container/pipe/958f12dcbef1_ekioba-frontend-ccan-20260502/stdout_6d85b6ed9d1c4df2848ab254bdedb6c3.
2026-05-06T10:54:29.3222768Z Creating stderr named pipe at /podr/container/pipe/958f12dcbef1_ekioba-frontend-ccan-20260502/stderr_1b34fb8db7234de699f9122c0cea930f.
2026-05-06T10:54:29.3233083Z Successfully created stderr named pipe at: /podr/container/pipe/958f12dcbef1_ekioba-frontend-ccan-20260502/stderr_1b34fb8db7234de699f9122c0cea930f.
2026-05-06T10:54:29.3235087Z Opening named pipe /podr/container/pipe/958f12dcbef1_ekioba-frontend-ccan-20260502/stderr_1b34fb8db7234de699f9122c0cea930f for reading in non-blocking mode.
2026-05-06T10:54:29.3241403Z Successfully opened named pipe: /podr/container/pipe/958f12dcbef1_ekioba-frontend-ccan-20260502/stderr_1b34fb8db7234de699f9122c0cea930f.
2026-05-06T10:54:29.3247300Z Successfully removed non-blocking flag from /podr/container/pipe/958f12dcbef1_ekioba-frontend-ccan-20260502/stderr_1b34fb8db7234de699f9122c0cea930f.
2026-05-06T10:54:29.3333184Z Creating container with image: appsvc/python:3.12_20260203.2.tuxprod from registry: 10.1.0.4:13209 and fully qualified image name: 10.1.0.4:13209/appsvc/python:3.12_20260203.2.tuxprod
2026-05-06T10:54:30.3203795Z Starting container: 958f12dcbef1_ekioba-frontend-ccan-20260502.
2026-05-06T10:54:30.4121055Z Starting watchers and probes.
2026-05-06T10:54:30.4225873Z Starting metrics collection.
2026-05-06T10:54:30.4406308Z Container is running.
2026-05-06T10:54:30.4416851Z State: Starting, Action: CreatingContainer, LastError: ContainerTimeout, LastErrorTimestamp: 05/06/2026 10:52:57, LastErrorDetails: Container did not start within expected time limit of 230s. Please inspect your container logs for more details., Details: Container ekioba-frontend-ccan-20260502 successfully created and is running., DetailsLevel: INFO
2026-05-06T10:54:30.8337144Z Container start method finished after 3060 ms.
2026-05-06T10:54:30.8339218Z State: Starting, Action: InitiatingSiteWarmUpProbe, LastError: ContainerTimeout, LastErrorTimestamp: 05/06/2026 10:52:57, LastErrorDetails: Container did not start within expected time limit of 230s. Please inspect your container logs for more details., Details: Container ekioba-frontend-ccan-20260502 successfully created and is running., DetailsLevel: INFO
2026-05-06T10:54:30.8339470Z State: Starting, Action: WaitingForSiteWarmUpProbeSuccess, LastError: ContainerTimeout, LastErrorTimestamp: 05/06/2026 10:52:57, LastErrorDetails: Container did not start within expected time limit of 230s. Please inspect your container logs for more details., Details: Pinging warmup path to ensure container is ready to receive requests., DetailsLevel: INFO
2026-05-06T10:55:28.8926330Z Container has finished running with exit code: 1.
2026-05-06T10:55:28.9290007Z Container is terminating. Grace period: 5 seconds.
2026-05-06T10:55:28.9650736Z Stop and delete container. Retry count = 0
2026-05-06T10:55:28.9656854Z Stopping container: 958f12dcbef1_ekioba-frontend-ccan-20260502.
2026-05-06T10:55:29.0998868Z Deleting container: 958f12dcbef1_ekioba-frontend-ccan-20260502. Retry count = 0
2026-05-06T10:55:30.2857610Z Container spec TerminationMessagePolicy  path 
2026-05-06T10:55:30.3158290Z Container is terminated. Total time elapsed: 1360 ms.
2026-05-06T10:55:30.3172176Z Site container: ekioba-frontend-ccan-20260502 terminated during site startup.
2026-05-06T10:55:30.3262556Z State: Stopping, Action: CancellingStartup, LastError: ContainerTimeout, LastErrorTimestamp: 05/06/2026 10:52:57, LastErrorDetails: Container did not start within expected time limit of 230s. Please inspect your container logs for more details., Details: Site container: ekioba-frontend-ccan-20260502 terminated during site startup. Cancelling site startup., DetailsLevel: ERR
2026-05-06T10:55:30.9588975Z Site startup probe failed after 60.122474 seconds.
2026-05-06T10:55:31.5678150Z State: Stopping, Action: CancellingStartup, LastError: ContainerTimeout, LastErrorTimestamp: 05/06/2026 10:55:31, LastErrorDetails: Container did not start within expected time limit of 230s. Please inspect your container logs for more details., Details: Site container: ekioba-frontend-ccan-20260502 terminated during site startup. Cancelling site startup., DetailsLevel: ERR
2026-05-06T10:55:31.6350884Z Failed to start site. Revert by stopping site.
2026-05-06T10:55:31.6440688Z State: Stopping, Action: StoppingSite, LastError: ContainerTimeout, LastErrorTimestamp: 05/06/2026 10:55:31, LastErrorDetails: Container did not start within expected time limit of 230s. Please inspect your container logs for more details., Details: Site container: ekioba-frontend-ccan-20260502 terminated during site startup. Cancelling site startup., DetailsLevel: ERR
2026-05-06T10:55:31.6445942Z State: Stopping, Action: StoppingSiteContainers, LastError: ContainerTimeout, LastErrorTimestamp: 05/06/2026 10:55:31, LastErrorDetails: Container did not start within expected time limit of 230s. Please inspect your container logs for more details., Details: Site container: ekioba-frontend-ccan-20260502 terminated during site startup. Cancelling site startup., DetailsLevel: ERR
2026-05-06T10:55:31.6446108Z Site: ekioba-frontend-ccan-20260502 stopped.
2026-05-06T10:55:31.6847426Z State: Stopping, Action: UnmountingVolumes, LastError: ContainerTimeout, LastErrorTimestamp: 05/06/2026 10:55:31, LastErrorDetails: Container did not start within expected time limit of 230s. Please inspect your container logs for more details., Details: Site container: ekioba-frontend-ccan-20260502 terminated during site startup. Cancelling site startup., DetailsLevel: ERR
2026-05-06T10:55:32.5145752Z State: Stopping, Action: StoppingSiteNetworks, LastError: ContainerTimeout, LastErrorTimestamp: 05/06/2026 10:55:31, LastErrorDetails: Container did not start within expected time limit of 230s. Please inspect your container logs for more details., Details: Site container: ekioba-frontend-ccan-20260502 terminated during site startup. Cancelling site startup., DetailsLevel: ERR
2026-05-06T10:55:33.2085614Z Site: ekioba-frontend-ccan-20260502 will be blocked for 2 minutes till 05/06/2026 10:57:33
2026-05-06T10:55:33.2462278Z State: Blocked, Action: StoppingSiteNetworks, LastError: ContainerTimeout, LastErrorTimestamp: 05/06/2026 10:55:31, LastErrorDetails: Container did not start within expected time limit of 230s. Please inspect your container logs for more details., Details: Site: ekioba-frontend-ccan-20260502 will be blocked for 2 minutes till 05/06/2026 10:57:33, DetailsLevel: WARN
2026-05-06T10:55:33.2490365Z State: Stopped, Action: None, LastError: ContainerTimeout, LastErrorTimestamp: 05/06/2026 10:55:31, LastErrorDetails: Container did not start within expected time limit of 230s. Please inspect your container logs for more details., Details: Site stopped at 05/06/2026 10:55:33 (UTC), DetailsLevel: WARN
2026-05-06T10:55:33.5219853Z State: Stopped, Action: None, LastError: ContainerTimeout, LastErrorTimestamp: 05/06/2026 10:55:31, LastErrorDetails: Container did not start within expected time limit of 230s. Please inspect your container logs for more details., Details: Site stopped at 05/06/2026 10:55:33 (UTC), DetailsLevel: WARN
2026-05-06T10:55:51.8061487Z State: Blocked, Action: None, LastError: ContainerTimeout, LastErrorTimestamp: 05/06/2026 10:55:31, LastErrorDetails: Container did not start within expected time limit of 230s. Please inspect your container logs for more details., Details: Site is blocked due to multiple, consecutive cold start failures. Site scheduled to be unblocked at 05/06/2026 10:57:33, DetailsLevel: WARN
2026-05-06T10:55:51.8063599Z Start site prohibitted because the site is being blocked.
2026-05-06T10:55:53.8375705Z State: Blocked, Action: None, LastError: ContainerTimeout, LastErrorTimestamp: 05/06/2026 10:55:31, LastErrorDetails: Container did not start within expected time limit of 230s. Please inspect your container logs for more details., Details: Site is blocked due to multiple, consecutive cold start failures. Site scheduled to be unblocked at 05/06/2026 10:57:33, DetailsLevel: WARN
2026-05-06T10:55:53.8376397Z Start site prohibitted because the site is being blocked.
2026-05-06T10:55:54.6339721Z State: Blocked, Action: None, LastError: ContainerTimeout, LastErrorTimestamp: 05/06/2026 10:55:31, LastErrorDetails: Container did not start within expected time limit of 230s. Please inspect your container logs for more details., Details: Site is blocked due to multiple, consecutive cold start failures. Site scheduled to be unblocked at 05/06/2026 10:57:33, DetailsLevel: WARN
2026-05-06T10:55:54.6341330Z Start site prohibitted because the site is being blocked.
2026-05-06T10:56:05.3477074Z State: Blocked, Action: None, LastError: ContainerTimeout, LastErrorTimestamp: 05/06/2026 10:55:31, LastErrorDetails: Container did not start within expected time limit of 230s. Please inspect your container logs for more details., Details: Site is blocked due to multiple, consecutive cold start failures. Site scheduled to be unblocked at 05/06/2026 10:57:33, DetailsLevel: WARN
2026-05-06T10:56:05.3478361Z Start site prohibitted because the site is being blocked.
2026-05-06T10:56:20.9393272Z State: Blocked, Action: None, LastError: ContainerTimeout, LastErrorTimestamp: 05/06/2026 10:55:31, LastErrorDetails: Container did not start within expected time limit of 230s. Please inspect your container logs for more details., Details: Site is blocked due to multiple, consecutive cold start failures. Site scheduled to be unblocked at 05/06/2026 10:57:33, DetailsLevel: WARN
2026-05-06T10:56:20.9394268Z Start site prohibitted because the site is being blocked.
2026-05-06T10:56:45.8296968Z State: Blocked, Action: None, LastError: ContainerTimeout, LastErrorTimestamp: 05/06/2026 10:55:31, LastErrorDetails: Container did not start within expected time limit of 230s. Please inspect your container logs for more details., Details: Site is blocked due to multiple, consecutive cold start failures. Site scheduled to be unblocked at 05/06/2026 10:57:33, DetailsLevel: WARN
2026-05-06T10:56:45.8298117Z Start site prohibitted because the site is being blocked.
2026-05-06T10:57:05.2858636Z State: Blocked, Action: None, LastError: ContainerTimeout, LastErrorTimestamp: 05/06/2026 10:55:31, LastErrorDetails: Container did not start within expected time limit of 230s. Please inspect your container logs for more details., Details: Site is blocked due to multiple, consecutive cold start failures. Site scheduled to be unblocked at 05/06/2026 10:57:33, DetailsLevel: WARN
2026-05-06T10:57:05.2859256Z Start site prohibitted because the site is being blocked.
2026-05-06T10:57:15.4896845Z State: Blocked, Action: None, LastError: ContainerTimeout, LastErrorTimestamp: 05/06/2026 10:55:31, LastErrorDetails: Container did not start within expected time limit of 230s. Please inspect your container logs for more details., Details: Site is blocked due to multiple, consecutive cold start failures. Site scheduled to be unblocked at 05/06/2026 10:57:33, DetailsLevel: WARN
2026-05-06T10:57:15.4897234Z Start site prohibitted because the site is being blocked.
2026-05-06T10:57:21.6677806Z State: Blocked, Action: None, LastError: ContainerTimeout, LastErrorTimestamp: 05/06/2026 10:55:31, LastErrorDetails: Container did not start within expected time limit of 230s. Please inspect your container logs for more details., Details: Site is blocked due to multiple, consecutive cold start failures. Site scheduled to be unblocked at 05/06/2026 10:57:33, DetailsLevel: WARN
2026-05-06T10:57:21.6678291Z Start site prohibitted because the site is being blocked.
2026-05-06T10:57:33.2804180Z Site: ekioba-frontend-ccan-20260502 is unblocked.
2026-05-06T10:57:52.9194939Z State: Starting, Action: EstablishingSiteNetworks, LastError: ContainerTimeout, LastErrorTimestamp: 05/06/2026 10:55:31, LastErrorDetails: Container did not start within expected time limit of 230s. Please inspect your container logs for more details., Details: Site is blocked due to multiple, consecutive cold start failures. Site scheduled to be unblocked at 05/06/2026 10:57:33, DetailsLevel: WARN
2026-05-06T10:57:56.3866246Z State: Starting, Action: StartingSiteContainers, LastError: ContainerTimeout, LastErrorTimestamp: 05/06/2026 10:55:31, LastErrorDetails: Container did not start within expected time limit of 230s. Please inspect your container logs for more details., Details: Site is blocked due to multiple, consecutive cold start failures. Site scheduled to be unblocked at 05/06/2026 10:57:33, DetailsLevel: WARN
2026-05-06T10:57:56.3869499Z Container start method called.
2026-05-06T10:57:56.3887087Z State: Starting, Action: PullingImage, LastError: ContainerTimeout, LastErrorTimestamp: 05/06/2026 10:55:31, LastErrorDetails: Container did not start within expected time limit of 230s. Please inspect your container logs for more details., Details: Pulling image 10.1.0.4:13209/appsvc/python:3.12_20260203.2.tuxprod for ekioba-frontend-ccan-20260502., DetailsLevel: INFO
2026-05-06T10:57:56.3889615Z Establishing network.
2026-05-06T10:57:56.3965583Z Pulling image: appsvc/python:3.12_20260203.2.tuxprod.
2026-05-06T10:57:57.4541670Z Container is starting.
2026-05-06T10:57:57.4543186Z State: Starting, Action: MountingVolumes, LastError: ContainerTimeout, LastErrorTimestamp: 05/06/2026 10:55:31, LastErrorDetails: Container did not start within expected time limit of 230s. Please inspect your container logs for more details., Details: Mounting volumes for ekioba-frontend-ccan-20260502., DetailsLevel: INFO
2026-05-06T10:57:57.4545154Z Establishing user namespace if not established already.
2026-05-06T10:57:57.4547461Z Establishing network if not established already.
2026-05-06T10:57:57.4549307Z Mounting volumes.
2026-05-06T10:57:57.4656936Z Nested mountpoint 
2026-05-06T10:57:57.5114379Z Nested mountpoint volatile/logs
2026-05-06T10:57:57.6115213Z Nested mountpoint 
2026-05-06T10:57:57.7029408Z Nested mountpoint 
2026-05-06T10:57:57.7336700Z Nested mountpoint 
2026-05-06T10:57:58.9907470Z State: Starting, Action: CreatingContainer, LastError: ContainerTimeout, LastErrorTimestamp: 05/06/2026 10:55:31, LastErrorDetails: Container did not start within expected time limit of 230s. Please inspect your container logs for more details., Details: Finished pulling container image and mounting volumes for ekioba-frontend-ccan-20260502. Allocatinng the rest of the container resources to finish container creation., DetailsLevel: INFO
2026-05-06T10:57:59.0071983Z Creating container.
2026-05-06T10:57:59.0088371Z Creating pipes for streaming container io.
2026-05-06T10:57:59.0098872Z Creating stdout named pipe at /podr/container/pipe/abc587db2321_ekioba-frontend-ccan-20260502/stdout_19e982acb6c345d58b85e62b6f504b15.
2026-05-06T10:57:59.0461464Z Successfully created stdout named pipe at: /podr/container/pipe/abc587db2321_ekioba-frontend-ccan-20260502/stdout_19e982acb6c345d58b85e62b6f504b15.
2026-05-06T10:57:59.0469761Z Opening named pipe /podr/container/pipe/abc587db2321_ekioba-frontend-ccan-20260502/stdout_19e982acb6c345d58b85e62b6f504b15 for reading in non-blocking mode.
2026-05-06T10:57:59.0473504Z Successfully opened named pipe: /podr/container/pipe/abc587db2321_ekioba-frontend-ccan-20260502/stdout_19e982acb6c345d58b85e62b6f504b15.
2026-05-06T10:57:59.0482860Z Successfully removed non-blocking flag from /podr/container/pipe/abc587db2321_ekioba-frontend-ccan-20260502/stdout_19e982acb6c345d58b85e62b6f504b15.
2026-05-06T10:57:59.0556011Z Creating stderr named pipe at /podr/container/pipe/abc587db2321_ekioba-frontend-ccan-20260502/stderr_21ba77726a254a38803319586fcf11d8.
2026-05-06T10:57:59.0558265Z Successfully created stderr named pipe at: /podr/container/pipe/abc587db2321_ekioba-frontend-ccan-20260502/stderr_21ba77726a254a38803319586fcf11d8.
2026-05-06T10:57:59.0585809Z Opening named pipe /podr/container/pipe/abc587db2321_ekioba-frontend-ccan-20260502/stderr_21ba77726a254a38803319586fcf11d8 for reading in non-blocking mode.
2026-05-06T10:57:59.0588530Z Successfully opened named pipe: /podr/container/pipe/abc587db2321_ekioba-frontend-ccan-20260502/stderr_21ba77726a254a38803319586fcf11d8.
2026-05-06T10:57:59.0589802Z Successfully removed non-blocking flag from /podr/container/pipe/abc587db2321_ekioba-frontend-ccan-20260502/stderr_21ba77726a254a38803319586fcf11d8.
2026-05-06T10:57:59.0957172Z Creating container with image: appsvc/python:3.12_20260203.2.tuxprod from registry: 10.1.0.4:13209 and fully qualified image name: 10.1.0.4:13209/appsvc/python:3.12_20260203.2.tuxprod
2026-05-06T10:58:01.1762917Z Starting container: abc587db2321_ekioba-frontend-ccan-20260502.
2026-05-06T10:58:01.4383565Z Starting watchers and probes.
2026-05-06T10:58:01.4499533Z Starting metrics collection.
2026-05-06T10:58:01.4576596Z Container is running.
2026-05-06T10:58:01.4578248Z State: Starting, Action: CreatingContainer, LastError: ContainerTimeout, LastErrorTimestamp: 05/06/2026 10:55:31, LastErrorDetails: Container did not start within expected time limit of 230s. Please inspect your container logs for more details., Details: Container ekioba-frontend-ccan-20260502 successfully created and is running., DetailsLevel: INFO
2026-05-06T10:58:01.9778478Z Container start method finished after 5590 ms.
2026-05-06T10:58:01.9874692Z State: Starting, Action: InitiatingSiteWarmUpProbe, LastError: ContainerTimeout, LastErrorTimestamp: 05/06/2026 10:55:31, LastErrorDetails: Container did not start within expected time limit of 230s. Please inspect your container logs for more details., Details: Container ekioba-frontend-ccan-20260502 successfully created and is running., DetailsLevel: INFO
2026-05-06T10:58:01.9881511Z State: Starting, Action: WaitingForSiteWarmUpProbeSuccess, LastError: ContainerTimeout, LastErrorTimestamp: 05/06/2026 10:55:31, LastErrorDetails: Container did not start within expected time limit of 230s. Please inspect your container logs for more details., Details: Pinging warmup path to ensure container is ready to receive requests., DetailsLevel: INFO
2026-05-06T10:58:58.9367161Z Container has finished running with exit code: 127.
2026-05-06T10:58:58.9568585Z Container is terminating. Grace period: 5 seconds.
2026-05-06T10:58:59.0255327Z Stop and delete container. Retry count = 0
2026-05-06T10:58:59.0256511Z Stopping container: abc587db2321_ekioba-frontend-ccan-20260502.
2026-05-06T10:58:59.5597730Z Deleting container: abc587db2321_ekioba-frontend-ccan-20260502. Retry count = 0
2026-05-06T10:59:00.5920122Z Container spec TerminationMessagePolicy  path 
2026-05-06T10:59:00.5936955Z Container is terminated. Total time elapsed: 1606 ms.
2026-05-06T10:59:00.5940835Z Site container: ekioba-frontend-ccan-20260502 terminated during site startup.
2026-05-06T10:59:00.6019565Z State: Stopping, Action: CancellingStartup, LastError: ContainerTimeout, LastErrorTimestamp: 05/06/2026 10:55:31, LastErrorDetails: Container did not start within expected time limit of 230s. Please inspect your container logs for more details., Details: Site container: ekioba-frontend-ccan-20260502 terminated during site startup. Cancelling site startup., DetailsLevel: ERR
2026-05-06T10:59:04.3681069Z Site startup probe failed after 62.2292483 seconds.
2026-05-06T10:59:05.8204985Z State: Stopping, Action: CancellingStartup, LastError: ContainerTimeout, LastErrorTimestamp: 05/06/2026 10:59:05, LastErrorDetails: Container did not start within expected time limit of 230s. Please inspect your container logs for more details., Details: Site container: ekioba-frontend-ccan-20260502 terminated during site startup. Cancelling site startup., DetailsLevel: ERR
2026-05-06T10:59:05.9758744Z Failed to start site. Revert by stopping site.
2026-05-06T10:59:06.0127766Z State: Stopping, Action: StoppingSite, LastError: ContainerTimeout, LastErrorTimestamp: 05/06/2026 10:59:05, LastErrorDetails: Container did not start within expected time limit of 230s. Please inspect your container logs for more details., Details: Site container: ekioba-frontend-ccan-20260502 terminated during site startup. Cancelling site startup., DetailsLevel: ERR
2026-05-06T10:59:06.0139213Z State: Stopping, Action: StoppingSiteContainers, LastError: ContainerTimeout, LastErrorTimestamp: 05/06/2026 10:59:05, LastErrorDetails: Container did not start within expected time limit of 230s. Please inspect your container logs for more details., Details: Site container: ekioba-frontend-ccan-20260502 terminated during site startup. Cancelling site startup., DetailsLevel: ERR
2026-05-06T10:59:06.0139426Z Site: ekioba-frontend-ccan-20260502 stopped.
2026-05-06T10:59:06.1022536Z State: Stopping, Action: UnmountingVolumes, LastError: ContainerTimeout, LastErrorTimestamp: 05/06/2026 10:59:05, LastErrorDetails: Container did not start within expected time limit of 230s. Please inspect your container logs for more details., Details: Site container: ekioba-frontend-ccan-20260502 terminated during site startup. Cancelling site startup., DetailsLevel: ERR
2026-05-06T10:59:07.0747576Z State: Stopping, Action: StoppingSiteNetworks, LastError: ContainerTimeout, LastErrorTimestamp: 05/06/2026 10:59:05, LastErrorDetails: Container did not start within expected time limit of 230s. Please inspect your container logs for more details., Details: Site container: ekioba-frontend-ccan-20260502 terminated during site startup. Cancelling site startup., DetailsLevel: ERR
2026-05-06T10:59:08.0749579Z Site: ekioba-frontend-ccan-20260502 will be blocked for 2 minutes till 05/06/2026 11:01:08
2026-05-06T10:59:08.0758206Z State: Blocked, Action: StoppingSiteNetworks, LastError: ContainerTimeout, LastErrorTimestamp: 05/06/2026 10:59:05, LastErrorDetails: Container did not start within expected time limit of 230s. Please inspect your container logs for more details., Details: Site: ekioba-frontend-ccan-20260502 will be blocked for 2 minutes till 05/06/2026 11:01:08, DetailsLevel: WARN
2026-05-06T10:59:08.0766528Z State: Stopped, Action: None, LastError: ContainerTimeout, LastErrorTimestamp: 05/06/2026 10:59:05, LastErrorDetails: Container did not start within expected time limit of 230s. Please inspect your container logs for more details., Details: Site stopped at 05/06/2026 10:59:08 (UTC), DetailsLevel: WARN
2026-05-06T10:59:08.6384614Z State: Stopped, Action: None, LastError: ContainerTimeout, LastErrorTimestamp: 05/06/2026 10:59:05, LastErrorDetails: Container did not start within expected time limit of 230s. Please inspect your container logs for more details., Details: Site stopped at 05/06/2026 10:59:08 (UTC), DetailsLevel: WARN
2026-05-06T10:59:09.1448620Z State: Blocked, Action: None, LastError: ContainerTimeout, LastErrorTimestamp: 05/06/2026 10:59:05, LastErrorDetails: Container did not start within expected time limit of 230s. Please inspect your container logs for more details., Details: Site is blocked due to multiple, consecutive cold start failures. Site scheduled to be unblocked at 05/06/2026 11:01:08, DetailsLevel: WARN
2026-05-06T10:59:09.1454473Z Start site prohibitted because the site is being blocked.
2026-05-06T10:59:17.7599974Z State: Blocked, Action: None, LastError: ContainerTimeout, LastErrorTimestamp: 05/06/2026 10:59:05, LastErrorDetails: Container did not start within expected time limit of 230s. Please inspect your container logs for more details., Details: Site is blocked due to multiple, consecutive cold start failures. Site scheduled to be unblocked at 05/06/2026 11:01:08, DetailsLevel: WARN
2026-05-06T10:59:17.7602286Z Start site prohibitted because the site is being blocked.
2026-05-06T10:59:40.0351871Z State: Blocked, Action: None, LastError: ContainerTimeout, LastErrorTimestamp: 05/06/2026 10:59:05, LastErrorDetails: Container did not start within expected time limit of 230s. Please inspect your container logs for more details., Details: Site is blocked due to multiple, consecutive cold start failures. Site scheduled to be unblocked at 05/06/2026 11:01:08, DetailsLevel: WARN
2026-05-06T10:59:40.0353014Z Start site prohibitted because the site is being blocked.
2026-05-06T10:59:44.3365565Z State: Blocked, Action: None, LastError: ContainerTimeout, LastErrorTimestamp: 05/06/2026 10:59:05, LastErrorDetails: Container did not start within expected time limit of 230s. Please inspect your container logs for more details., Details: Site is blocked due to multiple, consecutive cold start failures. Site scheduled to be unblocked at 05/06/2026 11:01:08, DetailsLevel: WARN
2026-05-06T10:59:44.3366607Z Start site prohibitted because the site is being blocked.
2026-05-06T10:59:45.8617518Z State: Blocked, Action: None, LastError: ContainerTimeout, LastErrorTimestamp: 05/06/2026 10:59:05, LastErrorDetails: Container did not start within expected time limit of 230s. Please inspect your container logs for more details., Details: Site is blocked due to multiple, consecutive cold start failures. Site scheduled to be unblocked at 05/06/2026 11:01:08, DetailsLevel: WARN
2026-05-06T10:59:45.8618423Z Start site prohibitted because the site is being blocked.
2026-05-06T11:00:43.0591635Z State: Blocked, Action: None, LastError: ContainerTimeout, LastErrorTimestamp: 05/06/2026 10:59:05, LastErrorDetails: Container did not start within expected time limit of 230s. Please inspect your container logs for more details., Details: Site is blocked due to multiple, consecutive cold start failures. Site scheduled to be unblocked at 05/06/2026 11:01:08, DetailsLevel: WARN
2026-05-06T11:00:43.0592741Z Start site prohibitted because the site is being blocked.
2026-05-06T11:00:55.4313224Z State: Blocked, Action: None, LastError: ContainerTimeout, LastErrorTimestamp: 05/06/2026 10:59:05, LastErrorDetails: Container did not start within expected time limit of 230s. Please inspect your container logs for more details., Details: Site is blocked due to multiple, consecutive cold start failures. Site scheduled to be unblocked at 05/06/2026 11:01:08, DetailsLevel: WARN
2026-05-06T11:00:55.4315585Z Start site prohibitted because the site is being blocked.
2026-05-06T11:01:07.0729032Z State: Blocked, Action: None, LastError: ContainerTimeout, LastErrorTimestamp: 05/06/2026 10:59:05, LastErrorDetails: Container did not start within expected time limit of 230s. Please inspect your container logs for more details., Details: Site is blocked due to multiple, consecutive cold start failures. Site scheduled to be unblocked at 05/06/2026 11:01:08, DetailsLevel: WARN
2026-05-06T11:01:07.0729780Z Start site prohibitted because the site is being blocked.
2026-05-06T11:01:08.0682584Z Site: ekioba-frontend-ccan-20260502 is unblocked.
2026-05-06T11:01:10.0218978Z State: Starting, Action: EstablishingSiteNetworks, LastError: ContainerTimeout, LastErrorTimestamp: 05/06/2026 10:59:05, LastErrorDetails: Container did not start within expected time limit of 230s. Please inspect your container logs for more details., Details: Site is blocked due to multiple, consecutive cold start failures. Site scheduled to be unblocked at 05/06/2026 11:01:08, DetailsLevel: WARN
2026-05-06T11:01:13.4686503Z State: Starting, Action: StartingSiteContainers, LastError: ContainerTimeout, LastErrorTimestamp: 05/06/2026 10:59:05, LastErrorDetails: Container did not start within expected time limit of 230s. Please inspect your container logs for more details., Details: Site is blocked due to multiple, consecutive cold start failures. Site scheduled to be unblocked at 05/06/2026 11:01:08, DetailsLevel: WARN
2026-05-06T11:01:13.4687688Z Container start method called.
2026-05-06T11:01:13.4688227Z State: Starting, Action: PullingImage, LastError: ContainerTimeout, LastErrorTimestamp: 05/06/2026 10:59:05, LastErrorDetails: Container did not start within expected time limit of 230s. Please inspect your container logs for more details., Details: Pulling image 10.1.0.4:13209/appsvc/python:3.12_20260203.2.tuxprod for ekioba-frontend-ccan-20260502., DetailsLevel: INFO
2026-05-06T11:01:13.4689243Z Establishing network.
2026-05-06T11:01:13.4690237Z Pulling image: appsvc/python:3.12_20260203.2.tuxprod.
2026-05-06T11:01:14.4130641Z Container is starting.
2026-05-06T11:01:14.4140235Z State: Starting, Action: MountingVolumes, LastError: ContainerTimeout, LastErrorTimestamp: 05/06/2026 10:59:05, LastErrorDetails: Container did not start within expected time limit of 230s. Please inspect your container logs for more details., Details: Mounting volumes for ekioba-frontend-ccan-20260502., DetailsLevel: INFO
2026-05-06T11:01:14.4307401Z Establishing user namespace if not established already.
2026-05-06T11:01:14.4310244Z Establishing network if not established already.
2026-05-06T11:01:14.4312557Z Mounting volumes.
2026-05-06T11:01:14.4316855Z Nested mountpoint 
2026-05-06T11:01:14.5881557Z Nested mountpoint volatile/logs
2026-05-06T11:01:14.6172410Z Nested mountpoint 
2026-05-06T11:01:14.6376980Z Nested mountpoint 
2026-05-06T11:01:14.7153823Z Nested mountpoint 
2026-05-06T11:01:15.3983479Z State: Starting, Action: CreatingContainer, LastError: ContainerTimeout, LastErrorTimestamp: 05/06/2026 10:59:05, LastErrorDetails: Container did not start within expected time limit of 230s. Please inspect your container logs for more details., Details: Finished pulling container image and mounting volumes for ekioba-frontend-ccan-20260502. Allocatinng the rest of the container resources to finish container creation., DetailsLevel: INFO
2026-05-06T11:01:15.3986486Z Creating container.
2026-05-06T11:01:15.3990825Z Creating pipes for streaming container io.
2026-05-06T11:01:15.4063550Z Creating stdout named pipe at /podr/container/pipe/ddfdd9aa60c9_ekioba-frontend-ccan-20260502/stdout_b096f5a61cb447ad926ecbdff7b6bff9.
2026-05-06T11:01:15.4363041Z Successfully created stdout named pipe at: /podr/container/pipe/ddfdd9aa60c9_ekioba-frontend-ccan-20260502/stdout_b096f5a61cb447ad926ecbdff7b6bff9.
2026-05-06T11:01:15.4365173Z Opening named pipe /podr/container/pipe/ddfdd9aa60c9_ekioba-frontend-ccan-20260502/stdout_b096f5a61cb447ad926ecbdff7b6bff9 for reading in non-blocking mode.
2026-05-06T11:01:15.4367036Z Successfully opened named pipe: /podr/container/pipe/ddfdd9aa60c9_ekioba-frontend-ccan-20260502/stdout_b096f5a61cb447ad926ecbdff7b6bff9.
2026-05-06T11:01:15.4368351Z Successfully removed non-blocking flag from /podr/container/pipe/ddfdd9aa60c9_ekioba-frontend-ccan-20260502/stdout_b096f5a61cb447ad926ecbdff7b6bff9.
2026-05-06T11:01:15.4379565Z Creating stderr named pipe at /podr/container/pipe/ddfdd9aa60c9_ekioba-frontend-ccan-20260502/stderr_196568c24f3c4bf0b4962b68d46176b0.
2026-05-06T11:01:15.4381157Z Successfully created stderr named pipe at: /podr/container/pipe/ddfdd9aa60c9_ekioba-frontend-ccan-20260502/stderr_196568c24f3c4bf0b4962b68d46176b0.
2026-05-06T11:01:15.4382268Z Opening named pipe /podr/container/pipe/ddfdd9aa60c9_ekioba-frontend-ccan-20260502/stderr_196568c24f3c4bf0b4962b68d46176b0 for reading in non-blocking mode.
2026-05-06T11:01:15.4383522Z Successfully opened named pipe: /podr/container/pipe/ddfdd9aa60c9_ekioba-frontend-ccan-20260502/stderr_196568c24f3c4bf0b4962b68d46176b0.
2026-05-06T11:01:15.4384687Z Successfully removed non-blocking flag from /podr/container/pipe/ddfdd9aa60c9_ekioba-frontend-ccan-20260502/stderr_196568c24f3c4bf0b4962b68d46176b0.
2026-05-06T11:01:15.4662212Z Creating container with image: appsvc/python:3.12_20260203.2.tuxprod from registry: 10.1.0.4:13209 and fully qualified image name: 10.1.0.4:13209/appsvc/python:3.12_20260203.2.tuxprod
2026-05-06T11:01:16.3358451Z Starting container: ddfdd9aa60c9_ekioba-frontend-ccan-20260502.
2026-05-06T11:01:16.4744689Z Starting watchers and probes.
2026-05-06T11:01:16.4763305Z Starting metrics collection.
2026-05-06T11:01:16.4765337Z Container is running.
2026-05-06T11:01:16.4859306Z State: Starting, Action: CreatingContainer, LastError: ContainerTimeout, LastErrorTimestamp: 05/06/2026 10:59:05, LastErrorDetails: Container did not start within expected time limit of 230s. Please inspect your container logs for more details., Details: Container ekioba-frontend-ccan-20260502 successfully created and is running., DetailsLevel: INFO
2026-05-06T11:01:16.6856006Z Container start method finished after 3216 ms.
2026-05-06T11:01:16.6957426Z State: Starting, Action: InitiatingSiteWarmUpProbe, LastError: ContainerTimeout, LastErrorTimestamp: 05/06/2026 10:59:05, LastErrorDetails: Container did not start within expected time limit of 230s. Please inspect your container logs for more details., Details: Container ekioba-frontend-ccan-20260502 successfully created and is running., DetailsLevel: INFO
2026-05-06T11:01:16.6958349Z State: Starting, Action: WaitingForSiteWarmUpProbeSuccess, LastError: ContainerTimeout, LastErrorTimestamp: 05/06/2026 10:59:05, LastErrorDetails: Container did not start within expected time limit of 230s. Please inspect your container logs for more details., Details: Pinging warmup path to ensure container is ready to receive requests., DetailsLevel: INFO
2026-05-06T11:02:24.8621932Z Site startup probe succeeded after 68.1571586 seconds.
2026-05-06T11:02:25.5765590Z State: Starting, Action: WarmUpProbeSucceeded, LastError: ContainerTimeout, LastErrorTimestamp: 05/06/2026 10:59:05, LastErrorDetails: Container did not start within expected time limit of 230s. Please inspect your container logs for more details., Details: Site startup probe succeeded after 68.1571586 seconds., DetailsLevel: INFO
2026-05-06T11:02:26.8997554Z Site is running with deployment version: 80be2013-71f9-4d1a-8769-53d8793e5306
2026-05-06T11:02:26.9109947Z Site started.
2026-05-06T11:02:26.9117790Z State: Started, Action: None, LastError: ContainerTimeout, LastErrorTimestamp: 05/06/2026 10:59:05, LastErrorDetails: Container did not start within expected time limit of 230s. Please inspect your container logs for more details., Details: Site started at 05/06/2026 11:02:26 (UTC), DetailsLevel: INFO
2026-05-06T11:02:27.1753574Z Site is running with patch version PYTHON 3.12.12
2026-05-06T11:06:34.2696020Z State: Starting, Action: EstablishingSiteNetworks, LastError: , LastErrorTimestamp: 01/01/0001 00:00:00, LastErrorDetails: , Details: , DetailsLevel: INFO
2026-05-06T11:06:36.5886901Z State: Starting, Action: StartingSiteContainers, LastError: , LastErrorTimestamp: 01/01/0001 00:00:00, LastErrorDetails: , Details: , DetailsLevel: INFO
2026-05-06T11:06:36.5963593Z Container start method called.
2026-05-06T11:06:36.5977206Z State: Starting, Action: PullingImage, LastError: , LastErrorTimestamp: 01/01/0001 00:00:00, LastErrorDetails: , Details: Pulling image 10.1.0.4:13209/appsvc/python:3.12_20260203.2.tuxprod for ekioba-frontend-ccan-20260502., DetailsLevel: INFO
2026-05-06T11:06:36.5994400Z Establishing network.
2026-05-06T11:06:36.6086547Z Pulling image: appsvc/python:3.12_20260203.2.tuxprod.
2026-05-06T11:06:37.3868291Z Container is starting.
2026-05-06T11:06:37.3877149Z State: Starting, Action: MountingVolumes, LastError: , LastErrorTimestamp: 01/01/0001 00:00:00, LastErrorDetails: , Details: Mounting volumes for ekioba-frontend-ccan-20260502., DetailsLevel: INFO
2026-05-06T11:06:37.3928878Z Establishing user namespace if not established already.
2026-05-06T11:06:37.3938346Z Establishing network if not established already.
2026-05-06T11:06:37.3943102Z Mounting volumes.
2026-05-06T11:06:37.3969364Z Nested mountpoint 
2026-05-06T11:06:37.4631873Z Nested mountpoint volatile/logs
2026-05-06T11:06:37.4654574Z Nested mountpoint 
2026-05-06T11:06:37.5320336Z Nested mountpoint 
2026-05-06T11:06:37.5344279Z Nested mountpoint 
2026-05-06T11:06:39.2254214Z State: Starting, Action: CreatingContainer, LastError: , LastErrorTimestamp: 01/01/0001 00:00:00, LastErrorDetails: , Details: Finished pulling container image and mounting volumes for ekioba-frontend-ccan-20260502. Allocatinng the rest of the container resources to finish container creation., DetailsLevel: INFO
2026-05-06T11:06:39.2256291Z Creating container.
2026-05-06T11:06:39.2257589Z Creating pipes for streaming container io.
2026-05-06T11:06:39.2274013Z Creating stdout named pipe at /podr/container/pipe/5a3595352c09_ekioba-frontend-ccan-20260502/stdout_96eae2eb0f2049e6b715a91ce68d3645.
2026-05-06T11:06:39.6578996Z Successfully created stdout named pipe at: /podr/container/pipe/5a3595352c09_ekioba-frontend-ccan-20260502/stdout_96eae2eb0f2049e6b715a91ce68d3645.
2026-05-06T11:06:39.6583767Z Opening named pipe /podr/container/pipe/5a3595352c09_ekioba-frontend-ccan-20260502/stdout_96eae2eb0f2049e6b715a91ce68d3645 for reading in non-blocking mode.
2026-05-06T11:06:39.6585317Z Successfully opened named pipe: /podr/container/pipe/5a3595352c09_ekioba-frontend-ccan-20260502/stdout_96eae2eb0f2049e6b715a91ce68d3645.
2026-05-06T11:06:39.6596625Z Successfully removed non-blocking flag from /podr/container/pipe/5a3595352c09_ekioba-frontend-ccan-20260502/stdout_96eae2eb0f2049e6b715a91ce68d3645.
2026-05-06T11:06:39.6616402Z Creating stderr named pipe at /podr/container/pipe/5a3595352c09_ekioba-frontend-ccan-20260502/stderr_06bcafe9f15d4a43be6ea88bc5d42cb2.
2026-05-06T11:06:39.6618725Z Successfully created stderr named pipe at: /podr/container/pipe/5a3595352c09_ekioba-frontend-ccan-20260502/stderr_06bcafe9f15d4a43be6ea88bc5d42cb2.
2026-05-06T11:06:39.6619745Z Opening named pipe /podr/container/pipe/5a3595352c09_ekioba-frontend-ccan-20260502/stderr_06bcafe9f15d4a43be6ea88bc5d42cb2 for reading in non-blocking mode.
2026-05-06T11:06:39.6782102Z Successfully opened named pipe: /podr/container/pipe/5a3595352c09_ekioba-frontend-ccan-20260502/stderr_06bcafe9f15d4a43be6ea88bc5d42cb2.
2026-05-06T11:06:39.6783794Z Successfully removed non-blocking flag from /podr/container/pipe/5a3595352c09_ekioba-frontend-ccan-20260502/stderr_06bcafe9f15d4a43be6ea88bc5d42cb2.
2026-05-06T11:06:39.6885194Z Creating container with image: appsvc/python:3.12_20260203.2.tuxprod from registry: 10.1.0.4:13209 and fully qualified image name: 10.1.0.4:13209/appsvc/python:3.12_20260203.2.tuxprod
2026-05-06T11:06:40.7627914Z Starting container: 5a3595352c09_ekioba-frontend-ccan-20260502.
2026-05-06T11:06:40.9206515Z Starting watchers and probes.
2026-05-06T11:06:40.9275005Z Starting metrics collection.
2026-05-06T11:06:40.9294294Z Container is running.
2026-05-06T11:06:40.9388774Z State: Starting, Action: CreatingContainer, LastError: , LastErrorTimestamp: 01/01/0001 00:00:00, LastErrorDetails: , Details: Container ekioba-frontend-ccan-20260502 successfully created and is running., DetailsLevel: INFO
2026-05-06T11:06:41.4573941Z Container start method finished after 4860 ms.
2026-05-06T11:06:41.4604819Z State: Starting, Action: InitiatingSiteWarmUpProbe, LastError: , LastErrorTimestamp: 01/01/0001 00:00:00, LastErrorDetails: , Details: Container ekioba-frontend-ccan-20260502 successfully created and is running., DetailsLevel: INFO
2026-05-06T11:06:41.5081171Z State: Starting, Action: WaitingForSiteWarmUpProbeSuccess, LastError: , LastErrorTimestamp: 01/01/0001 00:00:00, LastErrorDetails: , Details: Pinging warmup path to ensure container is ready to receive requests., DetailsLevel: INFO
2026-05-06T11:09:18.6128025Z Site startup probe succeeded after 156.9779074 seconds.
2026-05-06T11:09:18.9045125Z State: Starting, Action: WarmUpProbeSucceeded, LastError: , LastErrorTimestamp: 01/01/0001 00:00:00, LastErrorDetails: , Details: Site startup probe succeeded after 156.9779074 seconds., DetailsLevel: INFO
2026-05-06T11:09:19.6955376Z Site is running with deployment version: e8183167-9f61-4ba4-a66b-1a16090f82db
2026-05-06T11:09:19.6985384Z Site started.
2026-05-06T11:09:19.6988092Z State: Started, Action: None, LastError: , LastErrorTimestamp: 01/01/0001 00:00:00, LastErrorDetails: , Details: Site started at 05/06/2026 11:09:19 (UTC), DetailsLevel: INFO
2026-05-06T11:09:19.7164368Z Site is running with patch version PYTHON 3.12.12
2026-05-06T11:09:39.9155669Z State: Stopping, Action: StoppingSite, LastError: ContainerTimeout, LastErrorTimestamp: 05/06/2026 10:59:05, LastErrorDetails: Container did not start within expected time limit of 230s. Please inspect your container logs for more details., Details: Site started at 05/06/2026 11:02:26 (UTC), DetailsLevel: INFO
2026-05-06T11:09:39.9166223Z State: Stopping, Action: StoppingSiteContainers, LastError: ContainerTimeout, LastErrorTimestamp: 05/06/2026 10:59:05, LastErrorDetails: Container did not start within expected time limit of 230s. Please inspect your container logs for more details., Details: Site started at 05/06/2026 11:02:26 (UTC), DetailsLevel: INFO
2026-05-06T11:09:39.9167736Z Container is terminating. Grace period: 5 seconds.
2026-05-06T11:09:40.3019682Z Stop and delete container. Retry count = 0
2026-05-06T11:09:40.3082033Z Stopping container: ddfdd9aa60c9_ekioba-frontend-ccan-20260502.
2026-05-06T11:09:45.1086514Z Deleting container: ddfdd9aa60c9_ekioba-frontend-ccan-20260502. Retry count = 0
2026-05-06T11:09:46.4551678Z Container spec TerminationMessagePolicy  path 
2026-05-06T11:09:46.4644369Z Container is terminated. Total time elapsed: 6546 ms.
2026-05-06T11:09:46.4646122Z Site: ekioba-frontend-ccan-20260502 stopped.
2026-05-06T11:24:29.1193129Z State: Starting, Action: EstablishingSiteNetworks, LastError: , LastErrorTimestamp: 01/01/0001 00:00:00, LastErrorDetails: , Details: , DetailsLevel: INFO
2026-05-06T11:24:32.4695765Z State: Starting, Action: StartingSiteContainers, LastError: , LastErrorTimestamp: 01/01/0001 00:00:00, LastErrorDetails: , Details: , DetailsLevel: INFO
2026-05-06T11:24:32.4851603Z Container start method called.
2026-05-06T11:24:32.4884271Z State: Starting, Action: PullingImage, LastError: , LastErrorTimestamp: 01/01/0001 00:00:00, LastErrorDetails: , Details: Pulling image 10.1.0.4:13209/appsvc/python:3.12_20260203.2.tuxprod for ekioba-frontend-ccan-20260502., DetailsLevel: INFO
2026-05-06T11:24:32.4951947Z Establishing network.
2026-05-06T11:24:32.4986046Z Pulling image: appsvc/python:3.12_20260203.2.tuxprod.
2026-05-06T11:24:33.0574379Z Container is starting.
2026-05-06T11:24:33.0631645Z State: Starting, Action: MountingVolumes, LastError: , LastErrorTimestamp: 01/01/0001 00:00:00, LastErrorDetails: , Details: Mounting volumes for ekioba-frontend-ccan-20260502., DetailsLevel: INFO
2026-05-06T11:24:33.0633579Z Establishing user namespace if not established already.
2026-05-06T11:24:33.0635249Z Establishing network if not established already.
2026-05-06T11:24:33.0636875Z Mounting volumes.
2026-05-06T11:24:33.0752492Z Nested mountpoint 
2026-05-06T11:24:33.1560534Z Nested mountpoint volatile/logs
2026-05-06T11:24:33.1710601Z Nested mountpoint 
2026-05-06T11:24:33.2483015Z Nested mountpoint 
2026-05-06T11:24:33.2575189Z Nested mountpoint 
2026-05-06T11:24:34.6196703Z State: Starting, Action: CreatingContainer, LastError: , LastErrorTimestamp: 01/01/0001 00:00:00, LastErrorDetails: , Details: Finished pulling container image and mounting volumes for ekioba-frontend-ccan-20260502. Allocatinng the rest of the container resources to finish container creation., DetailsLevel: INFO
2026-05-06T11:24:34.6203194Z Creating container.
2026-05-06T11:24:34.6218689Z Creating pipes for streaming container io.
2026-05-06T11:24:34.6300191Z Creating stdout named pipe at /podr/container/pipe/1ea8c4293fbc_ekioba-frontend-ccan-20260502/stdout_f734d96f74f44e6090b5c07457edcc2e.
2026-05-06T11:24:34.6487787Z Successfully created stdout named pipe at: /podr/container/pipe/1ea8c4293fbc_ekioba-frontend-ccan-20260502/stdout_f734d96f74f44e6090b5c07457edcc2e.
2026-05-06T11:24:34.6490110Z Opening named pipe /podr/container/pipe/1ea8c4293fbc_ekioba-frontend-ccan-20260502/stdout_f734d96f74f44e6090b5c07457edcc2e for reading in non-blocking mode.
2026-05-06T11:24:34.6494649Z Successfully opened named pipe: /podr/container/pipe/1ea8c4293fbc_ekioba-frontend-ccan-20260502/stdout_f734d96f74f44e6090b5c07457edcc2e.
2026-05-06T11:24:34.6573885Z Successfully removed non-blocking flag from /podr/container/pipe/1ea8c4293fbc_ekioba-frontend-ccan-20260502/stdout_f734d96f74f44e6090b5c07457edcc2e.
2026-05-06T11:24:34.6770642Z Creating stderr named pipe at /podr/container/pipe/1ea8c4293fbc_ekioba-frontend-ccan-20260502/stderr_c9ab71c1ba0448239685cd2dc75cbdfc.
2026-05-06T11:24:34.6875566Z Successfully created stderr named pipe at: /podr/container/pipe/1ea8c4293fbc_ekioba-frontend-ccan-20260502/stderr_c9ab71c1ba0448239685cd2dc75cbdfc.
2026-05-06T11:24:34.6882780Z Opening named pipe /podr/container/pipe/1ea8c4293fbc_ekioba-frontend-ccan-20260502/stderr_c9ab71c1ba0448239685cd2dc75cbdfc for reading in non-blocking mode.
2026-05-06T11:24:34.6892309Z Successfully opened named pipe: /podr/container/pipe/1ea8c4293fbc_ekioba-frontend-ccan-20260502/stderr_c9ab71c1ba0448239685cd2dc75cbdfc.
2026-05-06T11:24:34.6899707Z Successfully removed non-blocking flag from /podr/container/pipe/1ea8c4293fbc_ekioba-frontend-ccan-20260502/stderr_c9ab71c1ba0448239685cd2dc75cbdfc.
2026-05-06T11:24:34.6982667Z Creating container with image: appsvc/python:3.12_20260203.2.tuxprod from registry: 10.1.0.4:13209 and fully qualified image name: 10.1.0.4:13209/appsvc/python:3.12_20260203.2.tuxprod
2026-05-06T11:24:35.4408327Z Starting container: 1ea8c4293fbc_ekioba-frontend-ccan-20260502.
2026-05-06T11:24:35.5933828Z Starting watchers and probes.
2026-05-06T11:24:35.6041957Z Starting metrics collection.
2026-05-06T11:24:35.6115106Z Container is running.
2026-05-06T11:24:35.6115862Z State: Starting, Action: CreatingContainer, LastError: , LastErrorTimestamp: 01/01/0001 00:00:00, LastErrorDetails: , Details: Container ekioba-frontend-ccan-20260502 successfully created and is running., DetailsLevel: INFO
2026-05-06T11:24:35.8542197Z Container start method finished after 3368 ms.
2026-05-06T11:24:35.8544383Z State: Starting, Action: InitiatingSiteWarmUpProbe, LastError: , LastErrorTimestamp: 01/01/0001 00:00:00, LastErrorDetails: , Details: Container ekioba-frontend-ccan-20260502 successfully created and is running., DetailsLevel: INFO
2026-05-06T11:24:36.1099958Z State: Starting, Action: WaitingForSiteWarmUpProbeSuccess, LastError: , LastErrorTimestamp: 01/01/0001 00:00:00, LastErrorDetails: , Details: Pinging warmup path to ensure container is ready to receive requests., DetailsLevel: INFO
2026-05-06T11:25:35.1819171Z Site startup probe succeeded after 59.0391433 seconds.
2026-05-06T11:25:35.4890239Z State: Starting, Action: WarmUpProbeSucceeded, LastError: , LastErrorTimestamp: 01/01/0001 00:00:00, LastErrorDetails: , Details: Site startup probe succeeded after 59.0391433 seconds., DetailsLevel: INFO
2026-05-06T11:25:35.9844729Z Site is running with deployment version: cefa036a-32cc-46ac-82c3-6403cd0b8d70
2026-05-06T11:25:35.9915292Z Site started.
2026-05-06T11:25:35.9923192Z State: Started, Action: None, LastError: , LastErrorTimestamp: 01/01/0001 00:00:00, LastErrorDetails: , Details: Site started at 05/06/2026 11:25:35 (UTC), DetailsLevel: INFO
2026-05-06T11:25:35.9994883Z Site is running with patch version PYTHON 3.12.12
2026-05-06T11:25:56.0870440Z State: Stopping, Action: StoppingSite, LastError: ContainerTimeout, LastErrorTimestamp: 05/06/2026 10:59:05, LastErrorDetails: Container did not start within expected time limit of 230s. Please inspect your container logs for more details., Details: Site started at 05/06/2026 11:09:19 (UTC), DetailsLevel: INFO
2026-05-06T11:25:56.0947551Z State: Stopping, Action: StoppingSiteContainers, LastError: ContainerTimeout, LastErrorTimestamp: 05/06/2026 10:59:05, LastErrorDetails: Container did not start within expected time limit of 230s. Please inspect your container logs for more details., Details: Site started at 05/06/2026 11:09:19 (UTC), DetailsLevel: INFO
2026-05-06T11:25:56.1056076Z Container is terminating. Grace period: 5 seconds.
2026-05-06T11:25:56.2728099Z Stop and delete container. Retry count = 0
2026-05-06T11:25:56.2730604Z Stopping container: 5a3595352c09_ekioba-frontend-ccan-20260502.
2026-05-06T11:26:01.5128825Z Deleting container: 5a3595352c09_ekioba-frontend-ccan-20260502. Retry count = 0
2026-05-06T11:26:05.6738568Z Container spec TerminationMessagePolicy  path 
2026-05-06T11:26:05.6751457Z Container is terminated. Total time elapsed: 9568 ms.
2026-05-06T11:26:05.6837217Z Site: ekioba-frontend-ccan-20260502 stopped.
