2026-05-03T23:57:58.4923921Z State: Stopping, Action: UnmountingVolumes, LastError: ContainerTimeout, LastErrorTimestamp: 05/03/2026 23:57:58, LastErrorDetails: Container did not start within expected time limit of 230s. Please inspect your container logs for more details., Details: Site container: ekioba-frontend-ccan-20260502 terminated during site startup. Cancelling site startup., DetailsLevel: ERR
2026-05-03T23:57:58.9088131Z State: Stopping, Action: StoppingSiteNetworks, LastError: ContainerTimeout, LastErrorTimestamp: 05/03/2026 23:57:58, LastErrorDetails: Container did not start within expected time limit of 230s. Please inspect your container logs for more details., Details: Site container: ekioba-frontend-ccan-20260502 terminated during site startup. Cancelling site startup., DetailsLevel: ERR
2026-05-03T23:57:59.0692287Z Site: ekioba-frontend-ccan-20260502 will be blocked for 4 minutes till 05/04/2026 00:01:59
2026-05-03T23:57:59.0763895Z State: Blocked, Action: StoppingSiteNetworks, LastError: ContainerTimeout, LastErrorTimestamp: 05/03/2026 23:57:58, LastErrorDetails: Container did not start within expected time limit of 230s. Please inspect your container logs for more details., Details: Site: ekioba-frontend-ccan-20260502 will be blocked for 4 minutes till 05/04/2026 00:01:59, DetailsLevel: WARN
2026-05-03T23:57:59.0776755Z State: Stopped, Action: None, LastError: ContainerTimeout, LastErrorTimestamp: 05/03/2026 23:57:58, LastErrorDetails: Container did not start within expected time limit of 230s. Please inspect your container logs for more details., Details: Site stopped at 05/03/2026 23:57:59 (UTC), DetailsLevel: WARN
2026-05-03T23:57:59.2459098Z State: Stopped, Action: None, LastError: ContainerTimeout, LastErrorTimestamp: 05/03/2026 23:57:58, LastErrorDetails: Container did not start within expected time limit of 230s. Please inspect your container logs for more details., Details: Site stopped at 05/03/2026 23:57:59 (UTC), DetailsLevel: WARN
2026-05-04T00:01:59.0679250Z Site: ekioba-frontend-ccan-20260502 is unblocked.
2026-05-04T00:31:43.9540341Z State: Starting, Action: EstablishingSiteNetworks, LastError: ContainerTimeout, LastErrorTimestamp: 05/03/2026 23:57:58, LastErrorDetails: Container did not start within expected time limit of 230s. Please inspect your container logs for more details., Details: Site stopped at 05/03/2026 23:57:59 (UTC), DetailsLevel: WARN
2026-05-04T00:31:45.6120941Z State: Starting, Action: StartingSiteContainers, LastError: ContainerTimeout, LastErrorTimestamp: 05/03/2026 23:57:58, LastErrorDetails: Container did not start within expected time limit of 230s. Please inspect your container logs for more details., Details: Site stopped at 05/03/2026 23:57:59 (UTC), DetailsLevel: WARN
2026-05-04T00:31:45.6122237Z Container start method called.
2026-05-04T00:31:45.6122847Z State: Starting, Action: PullingImage, LastError: ContainerTimeout, LastErrorTimestamp: 05/03/2026 23:57:58, LastErrorDetails: Container did not start within expected time limit of 230s. Please inspect your container logs for more details., Details: Pulling image mcr.microsoft.com/appsvc/python:3.12_20260203.2.tuxprod for ekioba-frontend-ccan-20260502., DetailsLevel: INFO
2026-05-04T00:31:45.6123899Z Establishing network.
2026-05-04T00:31:45.6124886Z Pulling image: appsvc/python:3.12_20260203.2.tuxprod.
2026-05-04T00:32:32.0404737Z Container is starting.
2026-05-04T00:32:32.0410384Z State: Starting, Action: MountingVolumes, LastError: ContainerTimeout, LastErrorTimestamp: 05/03/2026 23:57:58, LastErrorDetails: Container did not start within expected time limit of 230s. Please inspect your container logs for more details., Details: Mounting volumes for ekioba-frontend-ccan-20260502., DetailsLevel: INFO
2026-05-04T00:32:32.0413058Z Establishing user namespace if not established already.
2026-05-04T00:32:32.0418969Z Establishing network if not established already.
2026-05-04T00:32:32.0423123Z Mounting volumes.
2026-05-04T00:32:32.0508386Z Nested mountpoint 
2026-05-04T00:32:32.1187530Z Nested mountpoint volatile/logs
2026-05-04T00:32:32.1367782Z Nested mountpoint 
2026-05-04T00:32:32.1575912Z Nested mountpoint 
2026-05-04T00:32:32.1688018Z Nested mountpoint 
2026-05-04T00:32:32.6136500Z State: Starting, Action: CreatingContainer, LastError: ContainerTimeout, LastErrorTimestamp: 05/03/2026 23:57:58, LastErrorDetails: Container did not start within expected time limit of 230s. Please inspect your container logs for more details., Details: Finished pulling container image and mounting volumes for ekioba-frontend-ccan-20260502. Allocatinng the rest of the container resources to finish container creation., DetailsLevel: INFO
2026-05-04T00:32:32.6225218Z Creating container.
2026-05-04T00:32:32.6226751Z Creating pipes for streaming container io.
2026-05-04T00:32:32.6227862Z Creating stdout named pipe at /podr/container/pipe/85b267b56218_ekioba-frontend-ccan-20260502/stdout_fccb486882f64693884a725f8a804e50.
2026-05-04T00:32:32.6324891Z Successfully created stdout named pipe at: /podr/container/pipe/85b267b56218_ekioba-frontend-ccan-20260502/stdout_fccb486882f64693884a725f8a804e50.
2026-05-04T00:32:32.6330748Z Opening named pipe /podr/container/pipe/85b267b56218_ekioba-frontend-ccan-20260502/stdout_fccb486882f64693884a725f8a804e50 for reading in non-blocking mode.
2026-05-04T00:32:32.6339061Z Successfully opened named pipe: /podr/container/pipe/85b267b56218_ekioba-frontend-ccan-20260502/stdout_fccb486882f64693884a725f8a804e50.
2026-05-04T00:32:32.6340028Z Successfully removed non-blocking flag from /podr/container/pipe/85b267b56218_ekioba-frontend-ccan-20260502/stdout_fccb486882f64693884a725f8a804e50.
2026-05-04T00:32:32.6346930Z Creating stderr named pipe at /podr/container/pipe/85b267b56218_ekioba-frontend-ccan-20260502/stderr_c71ce083bd9e43e6a02ceddbbd30a003.
2026-05-04T00:32:32.6348444Z Successfully created stderr named pipe at: /podr/container/pipe/85b267b56218_ekioba-frontend-ccan-20260502/stderr_c71ce083bd9e43e6a02ceddbbd30a003.
2026-05-04T00:32:32.6349343Z Opening named pipe /podr/container/pipe/85b267b56218_ekioba-frontend-ccan-20260502/stderr_c71ce083bd9e43e6a02ceddbbd30a003 for reading in non-blocking mode.
2026-05-04T00:32:32.6350386Z Successfully opened named pipe: /podr/container/pipe/85b267b56218_ekioba-frontend-ccan-20260502/stderr_c71ce083bd9e43e6a02ceddbbd30a003.
2026-05-04T00:32:32.6351175Z Successfully removed non-blocking flag from /podr/container/pipe/85b267b56218_ekioba-frontend-ccan-20260502/stderr_c71ce083bd9e43e6a02ceddbbd30a003.
2026-05-04T00:32:32.6352204Z Creating container with image: appsvc/python:3.12_20260203.2.tuxprod from registry: mcr.microsoft.com and fully qualified image name: mcr.microsoft.com/appsvc/python:3.12_20260203.2.tuxprod
2026-05-04T00:32:33.2053136Z Starting container: 85b267b56218_ekioba-frontend-ccan-20260502.
2026-05-04T00:32:33.3031069Z Starting watchers and probes.
2026-05-04T00:32:33.3033508Z Starting metrics collection.
2026-05-04T00:32:33.3062901Z Container is running.
2026-05-04T00:32:33.3063716Z State: Starting, Action: CreatingContainer, LastError: ContainerTimeout, LastErrorTimestamp: 05/03/2026 23:57:58, LastErrorDetails: Container did not start within expected time limit of 230s. Please inspect your container logs for more details., Details: Container ekioba-frontend-ccan-20260502 successfully created and is running., DetailsLevel: INFO
2026-05-04T00:32:33.4634818Z Container start method finished after 47851 ms.
2026-05-04T00:32:33.4636529Z State: Starting, Action: InitiatingSiteWarmUpProbe, LastError: ContainerTimeout, LastErrorTimestamp: 05/03/2026 23:57:58, LastErrorDetails: Container did not start within expected time limit of 230s. Please inspect your container logs for more details., Details: Container ekioba-frontend-ccan-20260502 successfully created and is running., DetailsLevel: INFO
2026-05-04T00:32:33.4636851Z State: Starting, Action: WaitingForSiteWarmUpProbeSuccess, LastError: ContainerTimeout, LastErrorTimestamp: 05/03/2026 23:57:58, LastErrorDetails: Container did not start within expected time limit of 230s. Please inspect your container logs for more details., Details: Pinging warmup path to ensure container is ready to receive requests., DetailsLevel: INFO
2026-05-04T00:32:55.9326049Z Container has finished running with exit code: 127.
2026-05-04T00:32:55.9338354Z Container is terminating. Grace period: 5 seconds.
2026-05-04T00:32:55.9426067Z Stop and delete container. Retry count = 0
2026-05-04T00:32:55.9433288Z Stopping container: 85b267b56218_ekioba-frontend-ccan-20260502.
2026-05-04T00:32:56.0128477Z Deleting container: 85b267b56218_ekioba-frontend-ccan-20260502. Retry count = 0
2026-05-04T00:32:56.3093467Z Container spec TerminationMessagePolicy  path 
2026-05-04T00:32:56.3277773Z Container is terminated. Total time elapsed: 393 ms.
2026-05-04T00:32:56.3284896Z Site container: ekioba-frontend-ccan-20260502 terminated during site startup.
2026-05-04T00:32:56.3292287Z State: Stopping, Action: CancellingStartup, LastError: ContainerTimeout, LastErrorTimestamp: 05/03/2026 23:57:58, LastErrorDetails: Container did not start within expected time limit of 230s. Please inspect your container logs for more details., Details: Site container: ekioba-frontend-ccan-20260502 terminated during site startup. Cancelling site startup., DetailsLevel: ERR
2026-05-04T00:32:56.3581443Z Site startup probe failed after 22.8760117 seconds.
2026-05-04T00:32:56.8464728Z State: Stopping, Action: CancellingStartup, LastError: ContainerTimeout, LastErrorTimestamp: 05/04/2026 00:32:56, LastErrorDetails: Container did not start within expected time limit of 230s. Please inspect your container logs for more details., Details: Site container: ekioba-frontend-ccan-20260502 terminated during site startup. Cancelling site startup., DetailsLevel: ERR
2026-05-04T00:32:56.8755956Z Failed to start site. Revert by stopping site.
2026-05-04T00:32:56.8758564Z State: Stopping, Action: StoppingSite, LastError: ContainerTimeout, LastErrorTimestamp: 05/04/2026 00:32:56, LastErrorDetails: Container did not start within expected time limit of 230s. Please inspect your container logs for more details., Details: Site container: ekioba-frontend-ccan-20260502 terminated during site startup. Cancelling site startup., DetailsLevel: ERR
2026-05-04T00:32:56.8760358Z State: Stopping, Action: StoppingSiteContainers, LastError: ContainerTimeout, LastErrorTimestamp: 05/04/2026 00:32:56, LastErrorDetails: Container did not start within expected time limit of 230s. Please inspect your container logs for more details., Details: Site container: ekioba-frontend-ccan-20260502 terminated during site startup. Cancelling site startup., DetailsLevel: ERR
2026-05-04T00:32:56.8760482Z Site: ekioba-frontend-ccan-20260502 stopped.
2026-05-04T00:32:56.8940003Z State: Stopping, Action: UnmountingVolumes, LastError: ContainerTimeout, LastErrorTimestamp: 05/04/2026 00:32:56, LastErrorDetails: Container did not start within expected time limit of 230s. Please inspect your container logs for more details., Details: Site container: ekioba-frontend-ccan-20260502 terminated during site startup. Cancelling site startup., DetailsLevel: ERR
2026-05-04T00:32:57.3168065Z State: Stopping, Action: StoppingSiteNetworks, LastError: ContainerTimeout, LastErrorTimestamp: 05/04/2026 00:32:56, LastErrorDetails: Container did not start within expected time limit of 230s. Please inspect your container logs for more details., Details: Site container: ekioba-frontend-ccan-20260502 terminated during site startup. Cancelling site startup., DetailsLevel: ERR
2026-05-04T00:32:57.6748770Z Site: ekioba-frontend-ccan-20260502 will be blocked for 4 minutes till 05/04/2026 00:36:57
2026-05-04T00:32:57.6850206Z State: Blocked, Action: StoppingSiteNetworks, LastError: ContainerTimeout, LastErrorTimestamp: 05/04/2026 00:32:56, LastErrorDetails: Container did not start within expected time limit of 230s. Please inspect your container logs for more details., Details: Site: ekioba-frontend-ccan-20260502 will be blocked for 4 minutes till 05/04/2026 00:36:57, DetailsLevel: WARN
2026-05-04T00:32:57.6858261Z State: Stopped, Action: None, LastError: ContainerTimeout, LastErrorTimestamp: 05/04/2026 00:32:56, LastErrorDetails: Container did not start within expected time limit of 230s. Please inspect your container logs for more details., Details: Site stopped at 05/04/2026 00:32:57 (UTC), DetailsLevel: WARN
2026-05-04T00:32:57.8040563Z State: Stopped, Action: None, LastError: ContainerTimeout, LastErrorTimestamp: 05/04/2026 00:32:56, LastErrorDetails: Container did not start within expected time limit of 230s. Please inspect your container logs for more details., Details: Site stopped at 05/04/2026 00:32:57 (UTC), DetailsLevel: WARN
2026-05-04T00:36:57.6736726Z Site: ekioba-frontend-ccan-20260502 is unblocked.
2026-05-04T01:06:46.1359956Z State: Starting, Action: EstablishingSiteNetworks, LastError: ContainerTimeout, LastErrorTimestamp: 05/04/2026 00:32:56, LastErrorDetails: Container did not start within expected time limit of 230s. Please inspect your container logs for more details., Details: Site stopped at 05/04/2026 00:32:57 (UTC), DetailsLevel: WARN
2026-05-04T01:06:47.5194206Z State: Starting, Action: StartingSiteContainers, LastError: ContainerTimeout, LastErrorTimestamp: 05/04/2026 00:32:56, LastErrorDetails: Container did not start within expected time limit of 230s. Please inspect your container logs for more details., Details: Site stopped at 05/04/2026 00:32:57 (UTC), DetailsLevel: WARN
2026-05-04T01:06:47.5207427Z Container start method called.
2026-05-04T01:06:47.5380617Z State: Starting, Action: PullingImage, LastError: ContainerTimeout, LastErrorTimestamp: 05/04/2026 00:32:56, LastErrorDetails: Container did not start within expected time limit of 230s. Please inspect your container logs for more details., Details: Pulling image mcr.microsoft.com/appsvc/python:3.12_20260203.2.tuxprod for ekioba-frontend-ccan-20260502., DetailsLevel: INFO
2026-05-04T01:06:47.5382841Z Establishing network.
2026-05-04T01:06:47.5384903Z Pulling image: appsvc/python:3.12_20260203.2.tuxprod.
2026-05-04T01:07:45.8513696Z Container is starting.
2026-05-04T01:07:45.8515168Z State: Starting, Action: MountingVolumes, LastError: ContainerTimeout, LastErrorTimestamp: 05/04/2026 00:32:56, LastErrorDetails: Container did not start within expected time limit of 230s. Please inspect your container logs for more details., Details: Mounting volumes for ekioba-frontend-ccan-20260502., DetailsLevel: INFO
2026-05-04T01:07:45.8516414Z Establishing user namespace if not established already.
2026-05-04T01:07:45.8517334Z Establishing network if not established already.
2026-05-04T01:07:45.8518396Z Mounting volumes.
2026-05-04T01:07:45.8519593Z Nested mountpoint 
2026-05-04T01:07:45.8713116Z Nested mountpoint volatile/logs
2026-05-04T01:07:45.8930267Z Nested mountpoint 
2026-05-04T01:07:45.8937830Z Nested mountpoint 
2026-05-04T01:07:45.9137393Z Nested mountpoint 
2026-05-04T01:07:46.4611418Z State: Starting, Action: CreatingContainer, LastError: ContainerTimeout, LastErrorTimestamp: 05/04/2026 00:32:56, LastErrorDetails: Container did not start within expected time limit of 230s. Please inspect your container logs for more details., Details: Finished pulling container image and mounting volumes for ekioba-frontend-ccan-20260502. Allocatinng the rest of the container resources to finish container creation., DetailsLevel: INFO
2026-05-04T01:07:46.4613605Z Creating container.
2026-05-04T01:07:46.4615346Z Creating pipes for streaming container io.
2026-05-04T01:07:46.4616932Z Creating stdout named pipe at /podr/container/pipe/64bb2a62becd_ekioba-frontend-ccan-20260502/stdout_1bfce9ec72b248dc94a0213373430eec.
2026-05-04T01:07:46.4721075Z Successfully created stdout named pipe at: /podr/container/pipe/64bb2a62becd_ekioba-frontend-ccan-20260502/stdout_1bfce9ec72b248dc94a0213373430eec.
2026-05-04T01:07:46.4724680Z Opening named pipe /podr/container/pipe/64bb2a62becd_ekioba-frontend-ccan-20260502/stdout_1bfce9ec72b248dc94a0213373430eec for reading in non-blocking mode.
2026-05-04T01:07:46.4728729Z Successfully opened named pipe: /podr/container/pipe/64bb2a62becd_ekioba-frontend-ccan-20260502/stdout_1bfce9ec72b248dc94a0213373430eec.
2026-05-04T01:07:46.4730854Z Successfully removed non-blocking flag from /podr/container/pipe/64bb2a62becd_ekioba-frontend-ccan-20260502/stdout_1bfce9ec72b248dc94a0213373430eec.
2026-05-04T01:07:46.4735090Z Creating stderr named pipe at /podr/container/pipe/64bb2a62becd_ekioba-frontend-ccan-20260502/stderr_352798cd31de44a49f84112ffd1df907.
2026-05-04T01:07:46.4823221Z Successfully created stderr named pipe at: /podr/container/pipe/64bb2a62becd_ekioba-frontend-ccan-20260502/stderr_352798cd31de44a49f84112ffd1df907.
2026-05-04T01:07:46.4829458Z Opening named pipe /podr/container/pipe/64bb2a62becd_ekioba-frontend-ccan-20260502/stderr_352798cd31de44a49f84112ffd1df907 for reading in non-blocking mode.
2026-05-04T01:07:46.4837587Z Successfully opened named pipe: /podr/container/pipe/64bb2a62becd_ekioba-frontend-ccan-20260502/stderr_352798cd31de44a49f84112ffd1df907.
2026-05-04T01:07:46.4841351Z Successfully removed non-blocking flag from /podr/container/pipe/64bb2a62becd_ekioba-frontend-ccan-20260502/stderr_352798cd31de44a49f84112ffd1df907.
2026-05-04T01:07:46.4900942Z Creating container with image: appsvc/python:3.12_20260203.2.tuxprod from registry: mcr.microsoft.com and fully qualified image name: mcr.microsoft.com/appsvc/python:3.12_20260203.2.tuxprod
2026-05-04T01:07:47.0396349Z Starting container: 64bb2a62becd_ekioba-frontend-ccan-20260502.
2026-05-04T01:07:47.1103092Z Starting watchers and probes.
2026-05-04T01:07:47.1109923Z Starting metrics collection.
2026-05-04T01:07:47.1189879Z Container is running.
2026-05-04T01:07:47.1202769Z State: Starting, Action: CreatingContainer, LastError: ContainerTimeout, LastErrorTimestamp: 05/04/2026 00:32:56, LastErrorDetails: Container did not start within expected time limit of 230s. Please inspect your container logs for more details., Details: Container ekioba-frontend-ccan-20260502 successfully created and is running., DetailsLevel: INFO
2026-05-04T01:07:47.4864209Z Container start method finished after 59943 ms.
2026-05-04T01:07:47.4950229Z State: Starting, Action: InitiatingSiteWarmUpProbe, LastError: ContainerTimeout, LastErrorTimestamp: 05/04/2026 00:32:56, LastErrorDetails: Container did not start within expected time limit of 230s. Please inspect your container logs for more details., Details: Container ekioba-frontend-ccan-20260502 successfully created and is running., DetailsLevel: INFO
2026-05-04T01:07:47.4950557Z State: Starting, Action: WaitingForSiteWarmUpProbeSuccess, LastError: ContainerTimeout, LastErrorTimestamp: 05/04/2026 00:32:56, LastErrorDetails: Container did not start within expected time limit of 230s. Please inspect your container logs for more details., Details: Pinging warmup path to ensure container is ready to receive requests., DetailsLevel: INFO
2026-05-04T01:08:15.7551608Z Container has finished running with exit code: 127.
2026-05-04T01:08:15.7554378Z Container is terminating. Grace period: 5 seconds.
2026-05-04T01:08:15.7557685Z Stop and delete container. Retry count = 0
2026-05-04T01:08:15.7558712Z Stopping container: 64bb2a62becd_ekioba-frontend-ccan-20260502.
2026-05-04T01:08:16.0800612Z Deleting container: 64bb2a62becd_ekioba-frontend-ccan-20260502. Retry count = 0
2026-05-04T01:08:16.6356673Z Container spec TerminationMessagePolicy  path 
2026-05-04T01:08:16.6424156Z Container is terminated. Total time elapsed: 880 ms.
2026-05-04T01:08:16.6429419Z Site container: ekioba-frontend-ccan-20260502 terminated during site startup.
2026-05-04T01:08:16.6440111Z State: Stopping, Action: CancellingStartup, LastError: ContainerTimeout, LastErrorTimestamp: 05/04/2026 00:32:56, LastErrorDetails: Container did not start within expected time limit of 230s. Please inspect your container logs for more details., Details: Site container: ekioba-frontend-ccan-20260502 terminated during site startup. Cancelling site startup., DetailsLevel: ERR
2026-05-04T01:08:16.7350365Z Site startup probe failed after 29.2312287 seconds.
2026-05-04T01:08:17.0501916Z State: Stopping, Action: CancellingStartup, LastError: ContainerTimeout, LastErrorTimestamp: 05/04/2026 01:08:17, LastErrorDetails: Container did not start within expected time limit of 230s. Please inspect your container logs for more details., Details: Site container: ekioba-frontend-ccan-20260502 terminated during site startup. Cancelling site startup., DetailsLevel: ERR
2026-05-04T01:08:17.0605836Z Failed to start site. Revert by stopping site.
2026-05-04T01:08:17.0675458Z State: Stopping, Action: StoppingSite, LastError: ContainerTimeout, LastErrorTimestamp: 05/04/2026 01:08:17, LastErrorDetails: Container did not start within expected time limit of 230s. Please inspect your container logs for more details., Details: Site container: ekioba-frontend-ccan-20260502 terminated during site startup. Cancelling site startup., DetailsLevel: ERR
2026-05-04T01:08:17.0686278Z State: Stopping, Action: StoppingSiteContainers, LastError: ContainerTimeout, LastErrorTimestamp: 05/04/2026 01:08:17, LastErrorDetails: Container did not start within expected time limit of 230s. Please inspect your container logs for more details., Details: Site container: ekioba-frontend-ccan-20260502 terminated during site startup. Cancelling site startup., DetailsLevel: ERR
2026-05-04T01:08:17.0686499Z Site: ekioba-frontend-ccan-20260502 stopped.
2026-05-04T01:08:17.0776587Z State: Stopping, Action: UnmountingVolumes, LastError: ContainerTimeout, LastErrorTimestamp: 05/04/2026 01:08:17, LastErrorDetails: Container did not start within expected time limit of 230s. Please inspect your container logs for more details., Details: Site container: ekioba-frontend-ccan-20260502 terminated during site startup. Cancelling site startup., DetailsLevel: ERR
2026-05-04T01:08:17.6074793Z State: Stopping, Action: StoppingSiteNetworks, LastError: ContainerTimeout, LastErrorTimestamp: 05/04/2026 01:08:17, LastErrorDetails: Container did not start within expected time limit of 230s. Please inspect your container logs for more details., Details: Site container: ekioba-frontend-ccan-20260502 terminated during site startup. Cancelling site startup., DetailsLevel: ERR
2026-05-04T01:08:17.9508811Z Site: ekioba-frontend-ccan-20260502 will be blocked for 4 minutes till 05/04/2026 01:12:17
2026-05-04T01:08:17.9511852Z State: Blocked, Action: StoppingSiteNetworks, LastError: ContainerTimeout, LastErrorTimestamp: 05/04/2026 01:08:17, LastErrorDetails: Container did not start within expected time limit of 230s. Please inspect your container logs for more details., Details: Site: ekioba-frontend-ccan-20260502 will be blocked for 4 minutes till 05/04/2026 01:12:17, DetailsLevel: WARN
2026-05-04T01:08:17.9516583Z State: Stopped, Action: None, LastError: ContainerTimeout, LastErrorTimestamp: 05/04/2026 01:08:17, LastErrorDetails: Container did not start within expected time limit of 230s. Please inspect your container logs for more details., Details: Site stopped at 05/04/2026 01:08:17 (UTC), DetailsLevel: WARN
2026-05-04T01:08:18.1574440Z State: Stopped, Action: None, LastError: ContainerTimeout, LastErrorTimestamp: 05/04/2026 01:08:17, LastErrorDetails: Container did not start within expected time limit of 230s. Please inspect your container logs for more details., Details: Site stopped at 05/04/2026 01:08:17 (UTC), DetailsLevel: WARN
2026-05-04T01:12:17.9590787Z Site: ekioba-frontend-ccan-20260502 is unblocked.
2026-05-04T01:41:48.0273684Z State: Starting, Action: EstablishingSiteNetworks, LastError: ContainerTimeout, LastErrorTimestamp: 05/04/2026 01:08:17, LastErrorDetails: Container did not start within expected time limit of 230s. Please inspect your container logs for more details., Details: Site stopped at 05/04/2026 01:08:17 (UTC), DetailsLevel: WARN
2026-05-04T01:41:49.6944823Z State: Starting, Action: StartingSiteContainers, LastError: ContainerTimeout, LastErrorTimestamp: 05/04/2026 01:08:17, LastErrorDetails: Container did not start within expected time limit of 230s. Please inspect your container logs for more details., Details: Site stopped at 05/04/2026 01:08:17 (UTC), DetailsLevel: WARN
2026-05-04T01:41:49.6946388Z Container start method called.
2026-05-04T01:41:49.6947183Z State: Starting, Action: PullingImage, LastError: ContainerTimeout, LastErrorTimestamp: 05/04/2026 01:08:17, LastErrorDetails: Container did not start within expected time limit of 230s. Please inspect your container logs for more details., Details: Pulling image mcr.microsoft.com/appsvc/python:3.12_20260203.2.tuxprod for ekioba-frontend-ccan-20260502., DetailsLevel: INFO
2026-05-04T01:41:49.7035359Z Establishing network.
2026-05-04T01:41:49.7036831Z Pulling image: appsvc/python:3.12_20260203.2.tuxprod.
2026-05-04T01:42:43.0547877Z Container is starting.
2026-05-04T01:42:43.0616795Z State: Starting, Action: MountingVolumes, LastError: ContainerTimeout, LastErrorTimestamp: 05/04/2026 01:08:17, LastErrorDetails: Container did not start within expected time limit of 230s. Please inspect your container logs for more details., Details: Mounting volumes for ekioba-frontend-ccan-20260502., DetailsLevel: INFO
2026-05-04T01:42:43.0622995Z Establishing user namespace if not established already.
2026-05-04T01:42:43.0625186Z Establishing network if not established already.
2026-05-04T01:42:43.0631704Z Mounting volumes.
2026-05-04T01:42:43.0634166Z Nested mountpoint 
2026-05-04T01:42:43.1330222Z Nested mountpoint volatile/logs
2026-05-04T01:42:43.1437431Z Nested mountpoint 
2026-05-04T01:42:43.1525606Z Nested mountpoint 
2026-05-04T01:42:43.1616374Z Nested mountpoint 
2026-05-04T01:42:43.7330710Z State: Starting, Action: CreatingContainer, LastError: ContainerTimeout, LastErrorTimestamp: 05/04/2026 01:08:17, LastErrorDetails: Container did not start within expected time limit of 230s. Please inspect your container logs for more details., Details: Finished pulling container image and mounting volumes for ekioba-frontend-ccan-20260502. Allocatinng the rest of the container resources to finish container creation., DetailsLevel: INFO
2026-05-04T01:42:43.7399239Z Creating container.
2026-05-04T01:42:43.7403487Z Creating pipes for streaming container io.
2026-05-04T01:42:43.7411524Z Creating stdout named pipe at /podr/container/pipe/e59c41e50164_ekioba-frontend-ccan-20260502/stdout_d3a30f3c27eb4221b3cbf53946f6a92d.
2026-05-04T01:42:43.7423023Z Successfully created stdout named pipe at: /podr/container/pipe/e59c41e50164_ekioba-frontend-ccan-20260502/stdout_d3a30f3c27eb4221b3cbf53946f6a92d.
2026-05-04T01:42:43.7426939Z Opening named pipe /podr/container/pipe/e59c41e50164_ekioba-frontend-ccan-20260502/stdout_d3a30f3c27eb4221b3cbf53946f6a92d for reading in non-blocking mode.
2026-05-04T01:42:43.7493944Z Successfully opened named pipe: /podr/container/pipe/e59c41e50164_ekioba-frontend-ccan-20260502/stdout_d3a30f3c27eb4221b3cbf53946f6a92d.
2026-05-04T01:42:43.7497752Z Successfully removed non-blocking flag from /podr/container/pipe/e59c41e50164_ekioba-frontend-ccan-20260502/stdout_d3a30f3c27eb4221b3cbf53946f6a92d.
2026-05-04T01:42:43.7520389Z Creating stderr named pipe at /podr/container/pipe/e59c41e50164_ekioba-frontend-ccan-20260502/stderr_68ad6c2a2a1144eda012be50040c5b67.
2026-05-04T01:42:43.7525697Z Successfully created stderr named pipe at: /podr/container/pipe/e59c41e50164_ekioba-frontend-ccan-20260502/stderr_68ad6c2a2a1144eda012be50040c5b67.
2026-05-04T01:42:43.7591563Z Opening named pipe /podr/container/pipe/e59c41e50164_ekioba-frontend-ccan-20260502/stderr_68ad6c2a2a1144eda012be50040c5b67 for reading in non-blocking mode.
2026-05-04T01:42:43.7593751Z Successfully opened named pipe: /podr/container/pipe/e59c41e50164_ekioba-frontend-ccan-20260502/stderr_68ad6c2a2a1144eda012be50040c5b67.
2026-05-04T01:42:43.7595518Z Successfully removed non-blocking flag from /podr/container/pipe/e59c41e50164_ekioba-frontend-ccan-20260502/stderr_68ad6c2a2a1144eda012be50040c5b67.
2026-05-04T01:42:43.7599490Z Creating container with image: appsvc/python:3.12_20260203.2.tuxprod from registry: mcr.microsoft.com and fully qualified image name: mcr.microsoft.com/appsvc/python:3.12_20260203.2.tuxprod
2026-05-04T01:42:44.2191956Z Starting container: e59c41e50164_ekioba-frontend-ccan-20260502.
2026-05-04T01:42:44.2886235Z Starting watchers and probes.
2026-05-04T01:42:44.2907051Z Starting metrics collection.
2026-05-04T01:42:44.2984055Z Container is running.
2026-05-04T01:42:44.3075861Z State: Starting, Action: CreatingContainer, LastError: ContainerTimeout, LastErrorTimestamp: 05/04/2026 01:08:17, LastErrorDetails: Container did not start within expected time limit of 230s. Please inspect your container logs for more details., Details: Container ekioba-frontend-ccan-20260502 successfully created and is running., DetailsLevel: INFO
2026-05-04T01:42:44.4406276Z Container start method finished after 54742 ms.
2026-05-04T01:42:44.4674193Z State: Starting, Action: InitiatingSiteWarmUpProbe, LastError: ContainerTimeout, LastErrorTimestamp: 05/04/2026 01:08:17, LastErrorDetails: Container did not start within expected time limit of 230s. Please inspect your container logs for more details., Details: Container ekioba-frontend-ccan-20260502 successfully created and is running., DetailsLevel: INFO
2026-05-04T01:42:44.4675024Z State: Starting, Action: WaitingForSiteWarmUpProbeSuccess, LastError: ContainerTimeout, LastErrorTimestamp: 05/04/2026 01:08:17, LastErrorDetails: Container did not start within expected time limit of 230s. Please inspect your container logs for more details., Details: Pinging warmup path to ensure container is ready to receive requests., DetailsLevel: INFO
2026-05-04T01:43:07.7905674Z Container has finished running with exit code: 127.
2026-05-04T01:43:07.7973343Z Container is terminating. Grace period: 5 seconds.
2026-05-04T01:43:07.7996281Z Stop and delete container. Retry count = 0
2026-05-04T01:43:07.8007971Z Stopping container: e59c41e50164_ekioba-frontend-ccan-20260502.
2026-05-04T01:43:07.8883167Z Deleting container: e59c41e50164_ekioba-frontend-ccan-20260502. Retry count = 0
2026-05-04T01:43:08.1504923Z Container spec TerminationMessagePolicy  path 
2026-05-04T01:43:08.1670826Z Container is terminated. Total time elapsed: 369 ms.
2026-05-04T01:43:08.1680014Z Site container: ekioba-frontend-ccan-20260502 terminated during site startup.
2026-05-04T01:43:08.1964223Z State: Stopping, Action: CancellingStartup, LastError: ContainerTimeout, LastErrorTimestamp: 05/04/2026 01:08:17, LastErrorDetails: Container did not start within expected time limit of 230s. Please inspect your container logs for more details., Details: Site container: ekioba-frontend-ccan-20260502 terminated during site startup. Cancelling site startup., DetailsLevel: ERR
2026-05-04T01:43:08.3243714Z Site startup probe failed after 23.855753 seconds.
2026-05-04T01:43:08.7016448Z State: Stopping, Action: CancellingStartup, LastError: ContainerTimeout, LastErrorTimestamp: 05/04/2026 01:43:08, LastErrorDetails: Container did not start within expected time limit of 230s. Please inspect your container logs for more details., Details: Site container: ekioba-frontend-ccan-20260502 terminated during site startup. Cancelling site startup., DetailsLevel: ERR
2026-05-04T01:43:08.7700400Z Failed to start site. Revert by stopping site.
2026-05-04T01:43:08.7708938Z State: Stopping, Action: StoppingSite, LastError: ContainerTimeout, LastErrorTimestamp: 05/04/2026 01:43:08, LastErrorDetails: Container did not start within expected time limit of 230s. Please inspect your container logs for more details., Details: Site container: ekioba-frontend-ccan-20260502 terminated during site startup. Cancelling site startup., DetailsLevel: ERR
2026-05-04T01:43:08.7718918Z State: Stopping, Action: StoppingSiteContainers, LastError: ContainerTimeout, LastErrorTimestamp: 05/04/2026 01:43:08, LastErrorDetails: Container did not start within expected time limit of 230s. Please inspect your container logs for more details., Details: Site container: ekioba-frontend-ccan-20260502 terminated during site startup. Cancelling site startup., DetailsLevel: ERR
2026-05-04T01:43:08.7719083Z Site: ekioba-frontend-ccan-20260502 stopped.
2026-05-04T01:43:08.8006476Z State: Stopping, Action: UnmountingVolumes, LastError: ContainerTimeout, LastErrorTimestamp: 05/04/2026 01:43:08, LastErrorDetails: Container did not start within expected time limit of 230s. Please inspect your container logs for more details., Details: Site container: ekioba-frontend-ccan-20260502 terminated during site startup. Cancelling site startup., DetailsLevel: ERR
2026-05-04T01:43:09.4438785Z State: Stopping, Action: StoppingSiteNetworks, LastError: ContainerTimeout, LastErrorTimestamp: 05/04/2026 01:43:08, LastErrorDetails: Container did not start within expected time limit of 230s. Please inspect your container logs for more details., Details: Site container: ekioba-frontend-ccan-20260502 terminated during site startup. Cancelling site startup., DetailsLevel: ERR
2026-05-04T01:43:09.9974987Z Site: ekioba-frontend-ccan-20260502 will be blocked for 4 minutes till 05/04/2026 01:47:09
2026-05-04T01:43:09.9976722Z State: Blocked, Action: StoppingSiteNetworks, LastError: ContainerTimeout, LastErrorTimestamp: 05/04/2026 01:43:08, LastErrorDetails: Container did not start within expected time limit of 230s. Please inspect your container logs for more details., Details: Site: ekioba-frontend-ccan-20260502 will be blocked for 4 minutes till 05/04/2026 01:47:09, DetailsLevel: WARN
2026-05-04T01:43:09.9983385Z State: Stopped, Action: None, LastError: ContainerTimeout, LastErrorTimestamp: 05/04/2026 01:43:08, LastErrorDetails: Container did not start within expected time limit of 230s. Please inspect your container logs for more details., Details: Site stopped at 05/04/2026 01:43:09 (UTC), DetailsLevel: WARN
2026-05-04T01:43:11.5504555Z State: Stopped, Action: None, LastError: ContainerTimeout, LastErrorTimestamp: 05/04/2026 01:43:08, LastErrorDetails: Container did not start within expected time limit of 230s. Please inspect your container logs for more details., Details: Site stopped at 05/04/2026 01:43:09 (UTC), DetailsLevel: WARN
2026-05-04T01:47:10.0036445Z Site: ekioba-frontend-ccan-20260502 is unblocked.
2026-05-04T02:16:49.4646556Z State: Starting, Action: EstablishingSiteNetworks, LastError: ContainerTimeout, LastErrorTimestamp: 05/04/2026 01:43:08, LastErrorDetails: Container did not start within expected time limit of 230s. Please inspect your container logs for more details., Details: Site stopped at 05/04/2026 01:43:09 (UTC), DetailsLevel: WARN
2026-05-04T02:16:51.1169342Z State: Starting, Action: StartingSiteContainers, LastError: ContainerTimeout, LastErrorTimestamp: 05/04/2026 01:43:08, LastErrorDetails: Container did not start within expected time limit of 230s. Please inspect your container logs for more details., Details: Site stopped at 05/04/2026 01:43:09 (UTC), DetailsLevel: WARN
2026-05-04T02:16:51.1178964Z Container start method called.
2026-05-04T02:16:51.1179648Z State: Starting, Action: PullingImage, LastError: ContainerTimeout, LastErrorTimestamp: 05/04/2026 01:43:08, LastErrorDetails: Container did not start within expected time limit of 230s. Please inspect your container logs for more details., Details: Pulling image mcr.microsoft.com/appsvc/python:3.12_20260203.2.tuxprod for ekioba-frontend-ccan-20260502., DetailsLevel: INFO
2026-05-04T02:16:51.1180767Z Establishing network.
2026-05-04T02:16:51.1181978Z Pulling image: appsvc/python:3.12_20260203.2.tuxprod.
2026-05-04T02:17:47.2949744Z Container is starting.
2026-05-04T02:17:47.3034137Z State: Starting, Action: MountingVolumes, LastError: ContainerTimeout, LastErrorTimestamp: 05/04/2026 01:43:08, LastErrorDetails: Container did not start within expected time limit of 230s. Please inspect your container logs for more details., Details: Mounting volumes for ekioba-frontend-ccan-20260502., DetailsLevel: INFO
2026-05-04T02:17:47.3042213Z Establishing user namespace if not established already.
2026-05-04T02:17:47.3044199Z Establishing network if not established already.
2026-05-04T02:17:47.3054674Z Mounting volumes.
2026-05-04T02:17:47.3057927Z Nested mountpoint 
2026-05-04T02:17:47.4113219Z Nested mountpoint volatile/logs
2026-05-04T02:17:47.4305667Z Nested mountpoint 
2026-05-04T02:17:47.4325837Z Nested mountpoint 
2026-05-04T02:17:47.4987860Z Nested mountpoint 
2026-05-04T02:17:47.9226139Z State: Starting, Action: CreatingContainer, LastError: ContainerTimeout, LastErrorTimestamp: 05/04/2026 01:43:08, LastErrorDetails: Container did not start within expected time limit of 230s. Please inspect your container logs for more details., Details: Finished pulling container image and mounting volumes for ekioba-frontend-ccan-20260502. Allocatinng the rest of the container resources to finish container creation., DetailsLevel: INFO
2026-05-04T02:17:47.9243035Z Creating container.
2026-05-04T02:17:47.9337583Z Creating pipes for streaming container io.
2026-05-04T02:17:47.9340353Z Creating stdout named pipe at /podr/container/pipe/d9573ca71de5_ekioba-frontend-ccan-20260502/stdout_3db190f6e5014ff0a6c1250bb2003dab.
2026-05-04T02:17:47.9435921Z Successfully created stdout named pipe at: /podr/container/pipe/d9573ca71de5_ekioba-frontend-ccan-20260502/stdout_3db190f6e5014ff0a6c1250bb2003dab.
2026-05-04T02:17:47.9627884Z Opening named pipe /podr/container/pipe/d9573ca71de5_ekioba-frontend-ccan-20260502/stdout_3db190f6e5014ff0a6c1250bb2003dab for reading in non-blocking mode.
2026-05-04T02:17:47.9643618Z Successfully opened named pipe: /podr/container/pipe/d9573ca71de5_ekioba-frontend-ccan-20260502/stdout_3db190f6e5014ff0a6c1250bb2003dab.
2026-05-04T02:17:47.9730542Z Successfully removed non-blocking flag from /podr/container/pipe/d9573ca71de5_ekioba-frontend-ccan-20260502/stdout_3db190f6e5014ff0a6c1250bb2003dab.
2026-05-04T02:17:47.9816608Z Creating stderr named pipe at /podr/container/pipe/d9573ca71de5_ekioba-frontend-ccan-20260502/stderr_4d234fdac04a4e6685790b2a2053957a.
2026-05-04T02:17:47.9818853Z Successfully created stderr named pipe at: /podr/container/pipe/d9573ca71de5_ekioba-frontend-ccan-20260502/stderr_4d234fdac04a4e6685790b2a2053957a.
2026-05-04T02:17:47.9819748Z Opening named pipe /podr/container/pipe/d9573ca71de5_ekioba-frontend-ccan-20260502/stderr_4d234fdac04a4e6685790b2a2053957a for reading in non-blocking mode.
2026-05-04T02:17:47.9820792Z Successfully opened named pipe: /podr/container/pipe/d9573ca71de5_ekioba-frontend-ccan-20260502/stderr_4d234fdac04a4e6685790b2a2053957a.
2026-05-04T02:17:47.9829077Z Successfully removed non-blocking flag from /podr/container/pipe/d9573ca71de5_ekioba-frontend-ccan-20260502/stderr_4d234fdac04a4e6685790b2a2053957a.
2026-05-04T02:17:47.9921256Z Creating container with image: appsvc/python:3.12_20260203.2.tuxprod from registry: mcr.microsoft.com and fully qualified image name: mcr.microsoft.com/appsvc/python:3.12_20260203.2.tuxprod
2026-05-04T02:17:48.5021132Z Starting container: d9573ca71de5_ekioba-frontend-ccan-20260502.
2026-05-04T02:17:48.5664878Z Starting watchers and probes.
2026-05-04T02:17:48.5687825Z Starting metrics collection.
2026-05-04T02:17:48.5856245Z Container is running.
2026-05-04T02:17:48.5860679Z State: Starting, Action: CreatingContainer, LastError: ContainerTimeout, LastErrorTimestamp: 05/04/2026 01:43:08, LastErrorDetails: Container did not start within expected time limit of 230s. Please inspect your container logs for more details., Details: Container ekioba-frontend-ccan-20260502 successfully created and is running., DetailsLevel: INFO
2026-05-04T02:17:48.7134865Z Container start method finished after 57594 ms.
2026-05-04T02:17:48.7137422Z State: Starting, Action: InitiatingSiteWarmUpProbe, LastError: ContainerTimeout, LastErrorTimestamp: 05/04/2026 01:43:08, LastErrorDetails: Container did not start within expected time limit of 230s. Please inspect your container logs for more details., Details: Container ekioba-frontend-ccan-20260502 successfully created and is running., DetailsLevel: INFO
2026-05-04T02:17:48.7138051Z State: Starting, Action: WaitingForSiteWarmUpProbeSuccess, LastError: ContainerTimeout, LastErrorTimestamp: 05/04/2026 01:43:08, LastErrorDetails: Container did not start within expected time limit of 230s. Please inspect your container logs for more details., Details: Pinging warmup path to ensure container is ready to receive requests., DetailsLevel: INFO
2026-05-04T02:18:15.4236435Z Container has finished running with exit code: 127.
2026-05-04T02:18:15.4250028Z Container is terminating. Grace period: 5 seconds.
2026-05-04T02:18:15.4327644Z Stop and delete container. Retry count = 0
2026-05-04T02:18:15.4329390Z Stopping container: d9573ca71de5_ekioba-frontend-ccan-20260502.
2026-05-04T02:18:15.5235712Z Deleting container: d9573ca71de5_ekioba-frontend-ccan-20260502. Retry count = 0
2026-05-04T02:18:16.3219684Z Container spec TerminationMessagePolicy  path 
2026-05-04T02:18:16.3304909Z Container is terminated. Total time elapsed: 898 ms.
2026-05-04T02:18:16.3306368Z Site container: ekioba-frontend-ccan-20260502 terminated during site startup.
2026-05-04T02:18:16.3307105Z State: Stopping, Action: CancellingStartup, LastError: ContainerTimeout, LastErrorTimestamp: 05/04/2026 01:43:08, LastErrorDetails: Container did not start within expected time limit of 230s. Please inspect your container logs for more details., Details: Site container: ekioba-frontend-ccan-20260502 terminated during site startup. Cancelling site startup., DetailsLevel: ERR
2026-05-04T02:18:16.5348213Z Site startup probe failed after 27.8204195 seconds.
2026-05-04T02:18:17.4405720Z State: Stopping, Action: CancellingStartup, LastError: ContainerTimeout, LastErrorTimestamp: 05/04/2026 02:18:17, LastErrorDetails: Container did not start within expected time limit of 230s. Please inspect your container logs for more details., Details: Site container: ekioba-frontend-ccan-20260502 terminated during site startup. Cancelling site startup., DetailsLevel: ERR
2026-05-04T02:18:17.4600040Z Failed to start site. Revert by stopping site.
2026-05-04T02:18:17.4601689Z State: Stopping, Action: StoppingSite, LastError: ContainerTimeout, LastErrorTimestamp: 05/04/2026 02:18:17, LastErrorDetails: Container did not start within expected time limit of 230s. Please inspect your container logs for more details., Details: Site container: ekioba-frontend-ccan-20260502 terminated during site startup. Cancelling site startup., DetailsLevel: ERR
2026-05-04T02:18:17.4604825Z State: Stopping, Action: StoppingSiteContainers, LastError: ContainerTimeout, LastErrorTimestamp: 05/04/2026 02:18:17, LastErrorDetails: Container did not start within expected time limit of 230s. Please inspect your container logs for more details., Details: Site container: ekioba-frontend-ccan-20260502 terminated during site startup. Cancelling site startup., DetailsLevel: ERR
2026-05-04T02:18:17.4605143Z Site: ekioba-frontend-ccan-20260502 stopped.
2026-05-04T02:18:17.4693488Z State: Stopping, Action: UnmountingVolumes, LastError: ContainerTimeout, LastErrorTimestamp: 05/04/2026 02:18:17, LastErrorDetails: Container did not start within expected time limit of 230s. Please inspect your container logs for more details., Details: Site container: ekioba-frontend-ccan-20260502 terminated during site startup. Cancelling site startup., DetailsLevel: ERR
2026-05-04T02:18:18.1288496Z State: Stopping, Action: StoppingSiteNetworks, LastError: ContainerTimeout, LastErrorTimestamp: 05/04/2026 02:18:17, LastErrorDetails: Container did not start within expected time limit of 230s. Please inspect your container logs for more details., Details: Site container: ekioba-frontend-ccan-20260502 terminated during site startup. Cancelling site startup., DetailsLevel: ERR
2026-05-04T02:18:18.2656270Z Site: ekioba-frontend-ccan-20260502 will be blocked for 4 minutes till 05/04/2026 02:22:18
2026-05-04T02:18:18.2720013Z State: Blocked, Action: StoppingSiteNetworks, LastError: ContainerTimeout, LastErrorTimestamp: 05/04/2026 02:18:17, LastErrorDetails: Container did not start within expected time limit of 230s. Please inspect your container logs for more details., Details: Site: ekioba-frontend-ccan-20260502 will be blocked for 4 minutes till 05/04/2026 02:22:18, DetailsLevel: WARN
2026-05-04T02:18:18.2723427Z State: Stopped, Action: None, LastError: ContainerTimeout, LastErrorTimestamp: 05/04/2026 02:18:17, LastErrorDetails: Container did not start within expected time limit of 230s. Please inspect your container logs for more details., Details: Site stopped at 05/04/2026 02:18:18 (UTC), DetailsLevel: WARN
2026-05-04T02:18:18.3633185Z State: Stopped, Action: None, LastError: ContainerTimeout, LastErrorTimestamp: 05/04/2026 02:18:17, LastErrorDetails: Container did not start within expected time limit of 230s. Please inspect your container logs for more details., Details: Site stopped at 05/04/2026 02:18:18 (UTC), DetailsLevel: WARN
2026-05-04T02:22:18.2698129Z Site: ekioba-frontend-ccan-20260502 is unblocked.
2026-05-04T02:51:52.3635020Z State: Starting, Action: EstablishingSiteNetworks, LastError: ContainerTimeout, LastErrorTimestamp: 05/04/2026 02:18:17, LastErrorDetails: Container did not start within expected time limit of 230s. Please inspect your container logs for more details., Details: Site stopped at 05/04/2026 02:18:18 (UTC), DetailsLevel: WARN
2026-05-04T02:51:54.3226195Z State: Starting, Action: StartingSiteContainers, LastError: ContainerTimeout, LastErrorTimestamp: 05/04/2026 02:18:17, LastErrorDetails: Container did not start within expected time limit of 230s. Please inspect your container logs for more details., Details: Site stopped at 05/04/2026 02:18:18 (UTC), DetailsLevel: WARN
2026-05-04T02:51:54.3235836Z Container start method called.
2026-05-04T02:51:54.3237014Z State: Starting, Action: PullingImage, LastError: ContainerTimeout, LastErrorTimestamp: 05/04/2026 02:18:17, LastErrorDetails: Container did not start within expected time limit of 230s. Please inspect your container logs for more details., Details: Pulling image mcr.microsoft.com/appsvc/python:3.12_20260203.2.tuxprod for ekioba-frontend-ccan-20260502., DetailsLevel: INFO
2026-05-04T02:51:54.3239360Z Establishing network.
2026-05-04T02:51:54.3247492Z Pulling image: appsvc/python:3.12_20260203.2.tuxprod.
2026-05-04T02:52:53.2546936Z Container is starting.
2026-05-04T02:52:53.2554951Z State: Starting, Action: MountingVolumes, LastError: ContainerTimeout, LastErrorTimestamp: 05/04/2026 02:18:17, LastErrorDetails: Container did not start within expected time limit of 230s. Please inspect your container logs for more details., Details: Mounting volumes for ekioba-frontend-ccan-20260502., DetailsLevel: INFO
2026-05-04T02:52:53.2560252Z Establishing user namespace if not established already.
2026-05-04T02:52:53.2565965Z Establishing network if not established already.
2026-05-04T02:52:53.2567637Z Mounting volumes.
2026-05-04T02:52:53.2646147Z Nested mountpoint 
2026-05-04T02:52:53.3136476Z Nested mountpoint volatile/logs
2026-05-04T02:52:53.3829732Z Nested mountpoint 
2026-05-04T02:52:53.4228214Z Nested mountpoint 
2026-05-04T02:52:53.4249962Z Nested mountpoint 
2026-05-04T02:52:53.8535133Z State: Starting, Action: CreatingContainer, LastError: ContainerTimeout, LastErrorTimestamp: 05/04/2026 02:18:17, LastErrorDetails: Container did not start within expected time limit of 230s. Please inspect your container logs for more details., Details: Finished pulling container image and mounting volumes for ekioba-frontend-ccan-20260502. Allocatinng the rest of the container resources to finish container creation., DetailsLevel: INFO
2026-05-04T02:52:53.8623209Z Creating container.
2026-05-04T02:52:53.8635092Z Creating pipes for streaming container io.
2026-05-04T02:52:53.8649713Z Creating stdout named pipe at /podr/container/pipe/fbf494e968d2_ekioba-frontend-ccan-20260502/stdout_fabdeca2cd474931a750939379d6d015.
2026-05-04T02:52:53.8739093Z Successfully created stdout named pipe at: /podr/container/pipe/fbf494e968d2_ekioba-frontend-ccan-20260502/stdout_fabdeca2cd474931a750939379d6d015.
2026-05-04T02:52:53.8748432Z Opening named pipe /podr/container/pipe/fbf494e968d2_ekioba-frontend-ccan-20260502/stdout_fabdeca2cd474931a750939379d6d015 for reading in non-blocking mode.
2026-05-04T02:52:53.8822190Z Successfully opened named pipe: /podr/container/pipe/fbf494e968d2_ekioba-frontend-ccan-20260502/stdout_fabdeca2cd474931a750939379d6d015.
2026-05-04T02:52:53.8832908Z Successfully removed non-blocking flag from /podr/container/pipe/fbf494e968d2_ekioba-frontend-ccan-20260502/stdout_fabdeca2cd474931a750939379d6d015.
2026-05-04T02:52:53.8853059Z Creating stderr named pipe at /podr/container/pipe/fbf494e968d2_ekioba-frontend-ccan-20260502/stderr_87535c142bf243258ae93045ba2d4de8.
2026-05-04T02:52:53.8923789Z Successfully created stderr named pipe at: /podr/container/pipe/fbf494e968d2_ekioba-frontend-ccan-20260502/stderr_87535c142bf243258ae93045ba2d4de8.
2026-05-04T02:52:53.8930071Z Opening named pipe /podr/container/pipe/fbf494e968d2_ekioba-frontend-ccan-20260502/stderr_87535c142bf243258ae93045ba2d4de8 for reading in non-blocking mode.
2026-05-04T02:52:53.8936251Z Successfully opened named pipe: /podr/container/pipe/fbf494e968d2_ekioba-frontend-ccan-20260502/stderr_87535c142bf243258ae93045ba2d4de8.
2026-05-04T02:52:53.8940706Z Successfully removed non-blocking flag from /podr/container/pipe/fbf494e968d2_ekioba-frontend-ccan-20260502/stderr_87535c142bf243258ae93045ba2d4de8.
2026-05-04T02:52:53.8949676Z Creating container with image: appsvc/python:3.12_20260203.2.tuxprod from registry: mcr.microsoft.com and fully qualified image name: mcr.microsoft.com/appsvc/python:3.12_20260203.2.tuxprod
2026-05-04T02:52:54.6090045Z Starting container: fbf494e968d2_ekioba-frontend-ccan-20260502.
2026-05-04T02:52:54.7130117Z Starting watchers and probes.
2026-05-04T02:52:54.7152913Z Starting metrics collection.
2026-05-04T02:52:54.7168708Z Container is running.
2026-05-04T02:52:54.7237912Z State: Starting, Action: CreatingContainer, LastError: ContainerTimeout, LastErrorTimestamp: 05/04/2026 02:18:17, LastErrorDetails: Container did not start within expected time limit of 230s. Please inspect your container logs for more details., Details: Container ekioba-frontend-ccan-20260502 successfully created and is running., DetailsLevel: INFO
2026-05-04T02:52:54.8619184Z Container start method finished after 60530 ms.
2026-05-04T02:52:54.8637075Z State: Starting, Action: InitiatingSiteWarmUpProbe, LastError: ContainerTimeout, LastErrorTimestamp: 05/04/2026 02:18:17, LastErrorDetails: Container did not start within expected time limit of 230s. Please inspect your container logs for more details., Details: Container ekioba-frontend-ccan-20260502 successfully created and is running., DetailsLevel: INFO
2026-05-04T02:52:54.8637811Z State: Starting, Action: WaitingForSiteWarmUpProbeSuccess, LastError: ContainerTimeout, LastErrorTimestamp: 05/04/2026 02:18:17, LastErrorDetails: Container did not start within expected time limit of 230s. Please inspect your container logs for more details., Details: Pinging warmup path to ensure container is ready to receive requests., DetailsLevel: INFO
2026-05-04T02:53:22.6434186Z Container has finished running with exit code: 127.
2026-05-04T02:53:22.6601816Z Container is terminating. Grace period: 5 seconds.
2026-05-04T02:53:22.6619089Z Stop and delete container. Retry count = 0
2026-05-04T02:53:22.6778184Z Stopping container: fbf494e968d2_ekioba-frontend-ccan-20260502.
2026-05-04T02:53:22.8431099Z Deleting container: fbf494e968d2_ekioba-frontend-ccan-20260502. Retry count = 0
2026-05-04T02:53:23.5871862Z Container spec TerminationMessagePolicy  path 
2026-05-04T02:53:23.5884069Z Container is terminated. Total time elapsed: 927 ms.
2026-05-04T02:53:23.5886793Z Site container: ekioba-frontend-ccan-20260502 terminated during site startup.
2026-05-04T02:53:23.5889197Z State: Stopping, Action: CancellingStartup, LastError: ContainerTimeout, LastErrorTimestamp: 05/04/2026 02:18:17, LastErrorDetails: Container did not start within expected time limit of 230s. Please inspect your container logs for more details., Details: Site container: ekioba-frontend-ccan-20260502 terminated during site startup. Cancelling site startup., DetailsLevel: ERR
2026-05-04T02:53:23.7867339Z Site startup probe failed after 28.8911942 seconds.
2026-05-04T02:53:24.4779786Z State: Stopping, Action: CancellingStartup, LastError: ContainerTimeout, LastErrorTimestamp: 05/04/2026 02:53:24, LastErrorDetails: Container did not start within expected time limit of 230s. Please inspect your container logs for more details., Details: Site container: ekioba-frontend-ccan-20260502 terminated during site startup. Cancelling site startup., DetailsLevel: ERR
2026-05-04T02:53:24.5300186Z Failed to start site. Revert by stopping site.
2026-05-04T02:53:24.5555432Z State: Stopping, Action: StoppingSite, LastError: ContainerTimeout, LastErrorTimestamp: 05/04/2026 02:53:24, LastErrorDetails: Container did not start within expected time limit of 230s. Please inspect your container logs for more details., Details: Site container: ekioba-frontend-ccan-20260502 terminated during site startup. Cancelling site startup., DetailsLevel: ERR
2026-05-04T02:53:24.5565726Z State: Stopping, Action: StoppingSiteContainers, LastError: ContainerTimeout, LastErrorTimestamp: 05/04/2026 02:53:24, LastErrorDetails: Container did not start within expected time limit of 230s. Please inspect your container logs for more details., Details: Site container: ekioba-frontend-ccan-20260502 terminated during site startup. Cancelling site startup., DetailsLevel: ERR
2026-05-04T02:53:24.5565935Z Site: ekioba-frontend-ccan-20260502 stopped.
2026-05-04T02:53:24.5909430Z State: Stopping, Action: UnmountingVolumes, LastError: ContainerTimeout, LastErrorTimestamp: 05/04/2026 02:53:24, LastErrorDetails: Container did not start within expected time limit of 230s. Please inspect your container logs for more details., Details: Site container: ekioba-frontend-ccan-20260502 terminated during site startup. Cancelling site startup., DetailsLevel: ERR
2026-05-04T02:53:25.3307490Z State: Stopping, Action: StoppingSiteNetworks, LastError: ContainerTimeout, LastErrorTimestamp: 05/04/2026 02:53:24, LastErrorDetails: Container did not start within expected time limit of 230s. Please inspect your container logs for more details., Details: Site container: ekioba-frontend-ccan-20260502 terminated during site startup. Cancelling site startup., DetailsLevel: ERR
2026-05-04T02:53:26.1874241Z Site: ekioba-frontend-ccan-20260502 will be blocked for 4 minutes till 05/04/2026 02:57:26
2026-05-04T02:53:26.1877266Z State: Blocked, Action: StoppingSiteNetworks, LastError: ContainerTimeout, LastErrorTimestamp: 05/04/2026 02:53:24, LastErrorDetails: Container did not start within expected time limit of 230s. Please inspect your container logs for more details., Details: Site: ekioba-frontend-ccan-20260502 will be blocked for 4 minutes till 05/04/2026 02:57:26, DetailsLevel: WARN
2026-05-04T02:53:26.1880319Z State: Stopped, Action: None, LastError: ContainerTimeout, LastErrorTimestamp: 05/04/2026 02:53:24, LastErrorDetails: Container did not start within expected time limit of 230s. Please inspect your container logs for more details., Details: Site stopped at 05/04/2026 02:53:26 (UTC), DetailsLevel: WARN
2026-05-04T02:53:26.4928498Z State: Stopped, Action: None, LastError: ContainerTimeout, LastErrorTimestamp: 05/04/2026 02:53:24, LastErrorDetails: Container did not start within expected time limit of 230s. Please inspect your container logs for more details., Details: Site stopped at 05/04/2026 02:53:26 (UTC), DetailsLevel: WARN
2026-05-04T02:57:26.1809671Z Site: ekioba-frontend-ccan-20260502 is unblocked.
2026-05-04T03:26:54.4308547Z State: Starting, Action: EstablishingSiteNetworks, LastError: ContainerTimeout, LastErrorTimestamp: 05/04/2026 02:53:24, LastErrorDetails: Container did not start within expected time limit of 230s. Please inspect your container logs for more details., Details: Site stopped at 05/04/2026 02:53:26 (UTC), DetailsLevel: WARN
2026-05-04T03:26:56.1043046Z State: Starting, Action: StartingSiteContainers, LastError: ContainerTimeout, LastErrorTimestamp: 05/04/2026 02:53:24, LastErrorDetails: Container did not start within expected time limit of 230s. Please inspect your container logs for more details., Details: Site stopped at 05/04/2026 02:53:26 (UTC), DetailsLevel: WARN
2026-05-04T03:26:56.1044464Z Container start method called.
2026-05-04T03:26:56.1045132Z State: Starting, Action: PullingImage, LastError: ContainerTimeout, LastErrorTimestamp: 05/04/2026 02:53:24, LastErrorDetails: Container did not start within expected time limit of 230s. Please inspect your container logs for more details., Details: Pulling image mcr.microsoft.com/appsvc/python:3.12_20260203.2.tuxprod for ekioba-frontend-ccan-20260502., DetailsLevel: INFO
2026-05-04T03:26:56.1046894Z Establishing network.
2026-05-04T03:26:56.1047992Z Pulling image: appsvc/python:3.12_20260203.2.tuxprod.
2026-05-04T03:27:45.3309220Z Container is starting.
2026-05-04T03:27:45.3322358Z State: Starting, Action: MountingVolumes, LastError: ContainerTimeout, LastErrorTimestamp: 05/04/2026 02:53:24, LastErrorDetails: Container did not start within expected time limit of 230s. Please inspect your container logs for more details., Details: Mounting volumes for ekioba-frontend-ccan-20260502., DetailsLevel: INFO
2026-05-04T03:27:45.3389087Z Establishing user namespace if not established already.
2026-05-04T03:27:45.3396189Z Establishing network if not established already.
2026-05-04T03:27:45.3400514Z Mounting volumes.
2026-05-04T03:27:45.3404420Z Nested mountpoint 
2026-05-04T03:27:45.3803411Z Nested mountpoint volatile/logs
2026-05-04T03:27:45.4016529Z Nested mountpoint 
2026-05-04T03:27:45.4313369Z Nested mountpoint 
2026-05-04T03:27:45.5096392Z Nested mountpoint 
2026-05-04T03:27:45.8357637Z State: Starting, Action: CreatingContainer, LastError: ContainerTimeout, LastErrorTimestamp: 05/04/2026 02:53:24, LastErrorDetails: Container did not start within expected time limit of 230s. Please inspect your container logs for more details., Details: Finished pulling container image and mounting volumes for ekioba-frontend-ccan-20260502. Allocatinng the rest of the container resources to finish container creation., DetailsLevel: INFO
2026-05-04T03:27:45.8367722Z Creating container.
2026-05-04T03:27:45.8449910Z Creating pipes for streaming container io.
2026-05-04T03:27:45.8461869Z Creating stdout named pipe at /podr/container/pipe/29e1e90cb823_ekioba-frontend-ccan-20260502/stdout_fccbdffee36240a09192dde75f198d39.
2026-05-04T03:27:45.8467801Z Successfully created stdout named pipe at: /podr/container/pipe/29e1e90cb823_ekioba-frontend-ccan-20260502/stdout_fccbdffee36240a09192dde75f198d39.
2026-05-04T03:27:45.8469263Z Opening named pipe /podr/container/pipe/29e1e90cb823_ekioba-frontend-ccan-20260502/stdout_fccbdffee36240a09192dde75f198d39 for reading in non-blocking mode.
2026-05-04T03:27:45.8474696Z Successfully opened named pipe: /podr/container/pipe/29e1e90cb823_ekioba-frontend-ccan-20260502/stdout_fccbdffee36240a09192dde75f198d39.
2026-05-04T03:27:45.8482649Z Successfully removed non-blocking flag from /podr/container/pipe/29e1e90cb823_ekioba-frontend-ccan-20260502/stdout_fccbdffee36240a09192dde75f198d39.
2026-05-04T03:27:45.8648179Z Creating stderr named pipe at /podr/container/pipe/29e1e90cb823_ekioba-frontend-ccan-20260502/stderr_684104b1179445e8a1281d76f325919d.
2026-05-04T03:27:45.8649800Z Successfully created stderr named pipe at: /podr/container/pipe/29e1e90cb823_ekioba-frontend-ccan-20260502/stderr_684104b1179445e8a1281d76f325919d.
2026-05-04T03:27:45.8650640Z Opening named pipe /podr/container/pipe/29e1e90cb823_ekioba-frontend-ccan-20260502/stderr_684104b1179445e8a1281d76f325919d for reading in non-blocking mode.
2026-05-04T03:27:45.8652044Z Successfully opened named pipe: /podr/container/pipe/29e1e90cb823_ekioba-frontend-ccan-20260502/stderr_684104b1179445e8a1281d76f325919d.
2026-05-04T03:27:45.8652930Z Successfully removed non-blocking flag from /podr/container/pipe/29e1e90cb823_ekioba-frontend-ccan-20260502/stderr_684104b1179445e8a1281d76f325919d.
2026-05-04T03:27:45.8654987Z Creating container with image: appsvc/python:3.12_20260203.2.tuxprod from registry: mcr.microsoft.com and fully qualified image name: mcr.microsoft.com/appsvc/python:3.12_20260203.2.tuxprod
2026-05-04T03:27:46.3285898Z Starting container: 29e1e90cb823_ekioba-frontend-ccan-20260502.
2026-05-04T03:27:46.4577398Z Starting watchers and probes.
2026-05-04T03:27:46.4669721Z Starting metrics collection.
2026-05-04T03:27:46.4674202Z Container is running.
2026-05-04T03:27:46.4872826Z State: Starting, Action: CreatingContainer, LastError: ContainerTimeout, LastErrorTimestamp: 05/04/2026 02:53:24, LastErrorDetails: Container did not start within expected time limit of 230s. Please inspect your container logs for more details., Details: Container ekioba-frontend-ccan-20260502 successfully created and is running., DetailsLevel: INFO
2026-05-04T03:27:46.7329239Z Container start method finished after 50559 ms.
2026-05-04T03:27:46.7703480Z State: Starting, Action: InitiatingSiteWarmUpProbe, LastError: ContainerTimeout, LastErrorTimestamp: 05/04/2026 02:53:24, LastErrorDetails: Container did not start within expected time limit of 230s. Please inspect your container logs for more details., Details: Container ekioba-frontend-ccan-20260502 successfully created and is running., DetailsLevel: INFO
2026-05-04T03:27:46.7704536Z State: Starting, Action: WaitingForSiteWarmUpProbeSuccess, LastError: ContainerTimeout, LastErrorTimestamp: 05/04/2026 02:53:24, LastErrorDetails: Container did not start within expected time limit of 230s. Please inspect your container logs for more details., Details: Pinging warmup path to ensure container is ready to receive requests., DetailsLevel: INFO
2026-05-04T03:28:14.2775549Z Container has finished running with exit code: 127.
2026-05-04T03:28:14.2788747Z Container is terminating. Grace period: 5 seconds.
2026-05-04T03:28:14.2799159Z Stop and delete container. Retry count = 0
2026-05-04T03:28:14.2800705Z Stopping container: 29e1e90cb823_ekioba-frontend-ccan-20260502.
2026-05-04T03:28:14.4394633Z Deleting container: 29e1e90cb823_ekioba-frontend-ccan-20260502. Retry count = 0
2026-05-04T03:28:15.1221299Z Container spec TerminationMessagePolicy  path 
2026-05-04T03:28:15.1509524Z Container is terminated. Total time elapsed: 871 ms.
2026-05-04T03:28:15.1511068Z Site container: ekioba-frontend-ccan-20260502 terminated during site startup.
2026-05-04T03:28:15.1511780Z State: Stopping, Action: CancellingStartup, LastError: ContainerTimeout, LastErrorTimestamp: 05/04/2026 02:53:24, LastErrorDetails: Container did not start within expected time limit of 230s. Please inspect your container logs for more details., Details: Site container: ekioba-frontend-ccan-20260502 terminated during site startup. Cancelling site startup., DetailsLevel: ERR
2026-05-04T03:28:15.6358471Z Site startup probe failed after 28.8581029 seconds.
2026-05-04T03:28:16.1158701Z State: Stopping, Action: CancellingStartup, LastError: ContainerTimeout, LastErrorTimestamp: 05/04/2026 03:28:16, LastErrorDetails: Container did not start within expected time limit of 230s. Please inspect your container logs for more details., Details: Site container: ekioba-frontend-ccan-20260502 terminated during site startup. Cancelling site startup., DetailsLevel: ERR
2026-05-04T03:28:16.1361409Z Failed to start site. Revert by stopping site.
2026-05-04T03:28:16.1366544Z State: Stopping, Action: StoppingSite, LastError: ContainerTimeout, LastErrorTimestamp: 05/04/2026 03:28:16, LastErrorDetails: Container did not start within expected time limit of 230s. Please inspect your container logs for more details., Details: Site container: ekioba-frontend-ccan-20260502 terminated during site startup. Cancelling site startup., DetailsLevel: ERR
2026-05-04T03:28:16.1372569Z State: Stopping, Action: StoppingSiteContainers, LastError: ContainerTimeout, LastErrorTimestamp: 05/04/2026 03:28:16, LastErrorDetails: Container did not start within expected time limit of 230s. Please inspect your container logs for more details., Details: Site container: ekioba-frontend-ccan-20260502 terminated during site startup. Cancelling site startup., DetailsLevel: ERR
2026-05-04T03:28:16.1372741Z Site: ekioba-frontend-ccan-20260502 stopped.
2026-05-04T03:28:16.1635514Z State: Stopping, Action: UnmountingVolumes, LastError: ContainerTimeout, LastErrorTimestamp: 05/04/2026 03:28:16, LastErrorDetails: Container did not start within expected time limit of 230s. Please inspect your container logs for more details., Details: Site container: ekioba-frontend-ccan-20260502 terminated during site startup. Cancelling site startup., DetailsLevel: ERR
2026-05-04T03:28:16.6713819Z State: Stopping, Action: StoppingSiteNetworks, LastError: ContainerTimeout, LastErrorTimestamp: 05/04/2026 03:28:16, LastErrorDetails: Container did not start within expected time limit of 230s. Please inspect your container logs for more details., Details: Site container: ekioba-frontend-ccan-20260502 terminated during site startup. Cancelling site startup., DetailsLevel: ERR
2026-05-04T03:28:16.8399500Z Site: ekioba-frontend-ccan-20260502 will be blocked for 4 minutes till 05/04/2026 03:32:16
2026-05-04T03:28:16.8404010Z State: Blocked, Action: StoppingSiteNetworks, LastError: ContainerTimeout, LastErrorTimestamp: 05/04/2026 03:28:16, LastErrorDetails: Container did not start within expected time limit of 230s. Please inspect your container logs for more details., Details: Site: ekioba-frontend-ccan-20260502 will be blocked for 4 minutes till 05/04/2026 03:32:16, DetailsLevel: WARN
2026-05-04T03:28:16.8564829Z State: Stopped, Action: None, LastError: ContainerTimeout, LastErrorTimestamp: 05/04/2026 03:28:16, LastErrorDetails: Container did not start within expected time limit of 230s. Please inspect your container logs for more details., Details: Site stopped at 05/04/2026 03:28:16 (UTC), DetailsLevel: WARN
2026-05-04T03:28:17.0040877Z State: Stopped, Action: None, LastError: ContainerTimeout, LastErrorTimestamp: 05/04/2026 03:28:16, LastErrorDetails: Container did not start within expected time limit of 230s. Please inspect your container logs for more details., Details: Site stopped at 05/04/2026 03:28:16 (UTC), DetailsLevel: WARN
2026-05-04T03:32:16.8422817Z Site: ekioba-frontend-ccan-20260502 is unblocked.
2026-05-04T04:01:56.0834869Z State: Starting, Action: EstablishingSiteNetworks, LastError: ContainerTimeout, LastErrorTimestamp: 05/04/2026 03:28:16, LastErrorDetails: Container did not start within expected time limit of 230s. Please inspect your container logs for more details., Details: Site stopped at 05/04/2026 03:28:16 (UTC), DetailsLevel: WARN
2026-05-04T04:01:57.4546400Z State: Starting, Action: StartingSiteContainers, LastError: ContainerTimeout, LastErrorTimestamp: 05/04/2026 03:28:16, LastErrorDetails: Container did not start within expected time limit of 230s. Please inspect your container logs for more details., Details: Site stopped at 05/04/2026 03:28:16 (UTC), DetailsLevel: WARN
2026-05-04T04:01:57.4547478Z Container start method called.
2026-05-04T04:01:57.4547918Z State: Starting, Action: PullingImage, LastError: ContainerTimeout, LastErrorTimestamp: 05/04/2026 03:28:16, LastErrorDetails: Container did not start within expected time limit of 230s. Please inspect your container logs for more details., Details: Pulling image mcr.microsoft.com/appsvc/python:3.12_20260203.2.tuxprod for ekioba-frontend-ccan-20260502., DetailsLevel: INFO
2026-05-04T04:01:57.4548783Z Establishing network.
2026-05-04T04:01:57.4549794Z Pulling image: appsvc/python:3.12_20260203.2.tuxprod.
2026-05-04T04:02:46.4559917Z Container is starting.
2026-05-04T04:02:46.4561349Z State: Starting, Action: MountingVolumes, LastError: ContainerTimeout, LastErrorTimestamp: 05/04/2026 03:28:16, LastErrorDetails: Container did not start within expected time limit of 230s. Please inspect your container logs for more details., Details: Mounting volumes for ekioba-frontend-ccan-20260502., DetailsLevel: INFO
2026-05-04T04:02:46.4562918Z Establishing user namespace if not established already.
2026-05-04T04:02:46.4564549Z Establishing network if not established already.
2026-05-04T04:02:46.4566416Z Mounting volumes.
2026-05-04T04:02:46.4567760Z Nested mountpoint 
2026-05-04T04:02:46.5051694Z Nested mountpoint volatile/logs
2026-05-04T04:02:46.5578583Z Nested mountpoint 
2026-05-04T04:02:46.5968950Z Nested mountpoint 
2026-05-04T04:02:46.7117735Z Nested mountpoint 
2026-05-04T04:02:47.0267595Z State: Starting, Action: CreatingContainer, LastError: ContainerTimeout, LastErrorTimestamp: 05/04/2026 03:28:16, LastErrorDetails: Container did not start within expected time limit of 230s. Please inspect your container logs for more details., Details: Finished pulling container image and mounting volumes for ekioba-frontend-ccan-20260502. Allocatinng the rest of the container resources to finish container creation., DetailsLevel: INFO
2026-05-04T04:02:47.0269528Z Creating container.
2026-05-04T04:02:47.0271104Z Creating pipes for streaming container io.
2026-05-04T04:02:47.0272709Z Creating stdout named pipe at /podr/container/pipe/ee88aee8ff54_ekioba-frontend-ccan-20260502/stdout_1ec4eaec3f104172a32e7e7bb42258a3.
2026-05-04T04:02:47.0362845Z Successfully created stdout named pipe at: /podr/container/pipe/ee88aee8ff54_ekioba-frontend-ccan-20260502/stdout_1ec4eaec3f104172a32e7e7bb42258a3.
2026-05-04T04:02:47.0439592Z Opening named pipe /podr/container/pipe/ee88aee8ff54_ekioba-frontend-ccan-20260502/stdout_1ec4eaec3f104172a32e7e7bb42258a3 for reading in non-blocking mode.
2026-05-04T04:02:47.0443254Z Successfully opened named pipe: /podr/container/pipe/ee88aee8ff54_ekioba-frontend-ccan-20260502/stdout_1ec4eaec3f104172a32e7e7bb42258a3.
2026-05-04T04:02:47.0446739Z Successfully removed non-blocking flag from /podr/container/pipe/ee88aee8ff54_ekioba-frontend-ccan-20260502/stdout_1ec4eaec3f104172a32e7e7bb42258a3.
2026-05-04T04:02:47.0449526Z Creating stderr named pipe at /podr/container/pipe/ee88aee8ff54_ekioba-frontend-ccan-20260502/stderr_c4bfd8bf82ac4971b242acf3d64db833.
2026-05-04T04:02:47.0463126Z Successfully created stderr named pipe at: /podr/container/pipe/ee88aee8ff54_ekioba-frontend-ccan-20260502/stderr_c4bfd8bf82ac4971b242acf3d64db833.
2026-05-04T04:02:47.0543088Z Opening named pipe /podr/container/pipe/ee88aee8ff54_ekioba-frontend-ccan-20260502/stderr_c4bfd8bf82ac4971b242acf3d64db833 for reading in non-blocking mode.
2026-05-04T04:02:47.0553080Z Successfully opened named pipe: /podr/container/pipe/ee88aee8ff54_ekioba-frontend-ccan-20260502/stderr_c4bfd8bf82ac4971b242acf3d64db833.
2026-05-04T04:02:47.0612474Z Successfully removed non-blocking flag from /podr/container/pipe/ee88aee8ff54_ekioba-frontend-ccan-20260502/stderr_c4bfd8bf82ac4971b242acf3d64db833.
2026-05-04T04:02:47.0617716Z Creating container with image: appsvc/python:3.12_20260203.2.tuxprod from registry: mcr.microsoft.com and fully qualified image name: mcr.microsoft.com/appsvc/python:3.12_20260203.2.tuxprod
2026-05-04T04:02:47.6263727Z Starting container: ee88aee8ff54_ekioba-frontend-ccan-20260502.
2026-05-04T04:02:47.6934397Z Starting watchers and probes.
2026-05-04T04:02:47.7011887Z Starting metrics collection.
2026-05-04T04:02:47.7019774Z Container is running.
2026-05-04T04:02:47.7026578Z State: Starting, Action: CreatingContainer, LastError: ContainerTimeout, LastErrorTimestamp: 05/04/2026 03:28:16, LastErrorDetails: Container did not start within expected time limit of 230s. Please inspect your container logs for more details., Details: Container ekioba-frontend-ccan-20260502 successfully created and is running., DetailsLevel: INFO
2026-05-04T04:02:47.9129949Z Container start method finished after 50458 ms.
2026-05-04T04:02:47.9132422Z State: Starting, Action: InitiatingSiteWarmUpProbe, LastError: ContainerTimeout, LastErrorTimestamp: 05/04/2026 03:28:16, LastErrorDetails: Container did not start within expected time limit of 230s. Please inspect your container logs for more details., Details: Container ekioba-frontend-ccan-20260502 successfully created and is running., DetailsLevel: INFO
2026-05-04T04:02:47.9132730Z State: Starting, Action: WaitingForSiteWarmUpProbeSuccess, LastError: ContainerTimeout, LastErrorTimestamp: 05/04/2026 03:28:16, LastErrorDetails: Container did not start within expected time limit of 230s. Please inspect your container logs for more details., Details: Pinging warmup path to ensure container is ready to receive requests., DetailsLevel: INFO
2026-05-04T04:03:10.3595875Z Container has finished running with exit code: 127.
2026-05-04T04:03:10.3598007Z Container is terminating. Grace period: 5 seconds.
2026-05-04T04:03:10.3601184Z Stop and delete container. Retry count = 0
2026-05-04T04:03:10.3602190Z Stopping container: ee88aee8ff54_ekioba-frontend-ccan-20260502.
2026-05-04T04:03:10.5716053Z Deleting container: ee88aee8ff54_ekioba-frontend-ccan-20260502. Retry count = 0
2026-05-04T04:03:11.0284054Z Container get mounts received unexpected exception.
2026-05-04T04:03:11.1068730Z Container get mounts received unexpected exception.
2026-05-04T04:03:11.1466309Z Container spec TerminationMessagePolicy  path 
2026-05-04T04:03:11.1574201Z Container is terminated. Total time elapsed: 786 ms.
2026-05-04T04:03:11.1635070Z Site container: ekioba-frontend-ccan-20260502 terminated during site startup.
2026-05-04T04:03:11.1638572Z State: Stopping, Action: CancellingStartup, LastError: ContainerTimeout, LastErrorTimestamp: 05/04/2026 03:28:16, LastErrorDetails: Container did not start within expected time limit of 230s. Please inspect your container logs for more details., Details: Site container: ekioba-frontend-ccan-20260502 terminated during site startup. Cancelling site startup., DetailsLevel: ERR
2026-05-04T04:03:11.1656867Z Container get processes received unexpected exception.
2026-05-04T04:03:11.2344159Z Container get processes received unexpected exception.
2026-05-04T04:03:11.8669828Z Site startup probe failed after 23.9439667 seconds.
2026-05-04T04:03:12.8947731Z State: Stopping, Action: CancellingStartup, LastError: ContainerTimeout, LastErrorTimestamp: 05/04/2026 04:03:12, LastErrorDetails: Container did not start within expected time limit of 230s. Please inspect your container logs for more details., Details: Site container: ekioba-frontend-ccan-20260502 terminated during site startup. Cancelling site startup., DetailsLevel: ERR
2026-05-04T04:03:12.8957771Z Failed to start site. Revert by stopping site.
2026-05-04T04:03:12.8958609Z State: Stopping, Action: StoppingSite, LastError: ContainerTimeout, LastErrorTimestamp: 05/04/2026 04:03:12, LastErrorDetails: Container did not start within expected time limit of 230s. Please inspect your container logs for more details., Details: Site container: ekioba-frontend-ccan-20260502 terminated during site startup. Cancelling site startup., DetailsLevel: ERR
2026-05-04T04:03:12.8961012Z State: Stopping, Action: StoppingSiteContainers, LastError: ContainerTimeout, LastErrorTimestamp: 05/04/2026 04:03:12, LastErrorDetails: Container did not start within expected time limit of 230s. Please inspect your container logs for more details., Details: Site container: ekioba-frontend-ccan-20260502 terminated during site startup. Cancelling site startup., DetailsLevel: ERR
2026-05-04T04:03:12.8961166Z Site: ekioba-frontend-ccan-20260502 stopped.
2026-05-04T04:03:12.9164375Z State: Stopping, Action: UnmountingVolumes, LastError: ContainerTimeout, LastErrorTimestamp: 05/04/2026 04:03:12, LastErrorDetails: Container did not start within expected time limit of 230s. Please inspect your container logs for more details., Details: Site container: ekioba-frontend-ccan-20260502 terminated during site startup. Cancelling site startup., DetailsLevel: ERR
2026-05-04T04:03:13.6565073Z State: Stopping, Action: StoppingSiteNetworks, LastError: ContainerTimeout, LastErrorTimestamp: 05/04/2026 04:03:12, LastErrorDetails: Container did not start within expected time limit of 230s. Please inspect your container logs for more details., Details: Site container: ekioba-frontend-ccan-20260502 terminated during site startup. Cancelling site startup., DetailsLevel: ERR
2026-05-04T04:03:13.8428144Z Site: ekioba-frontend-ccan-20260502 will be blocked for 4 minutes till 05/04/2026 04:07:13
2026-05-04T04:03:13.8439717Z State: Blocked, Action: StoppingSiteNetworks, LastError: ContainerTimeout, LastErrorTimestamp: 05/04/2026 04:03:12, LastErrorDetails: Container did not start within expected time limit of 230s. Please inspect your container logs for more details., Details: Site: ekioba-frontend-ccan-20260502 will be blocked for 4 minutes till 05/04/2026 04:07:13, DetailsLevel: WARN
2026-05-04T04:03:13.8522165Z State: Stopped, Action: None, LastError: ContainerTimeout, LastErrorTimestamp: 05/04/2026 04:03:12, LastErrorDetails: Container did not start within expected time limit of 230s. Please inspect your container logs for more details., Details: Site stopped at 05/04/2026 04:03:13 (UTC), DetailsLevel: WARN
2026-05-04T04:03:14.1423458Z State: Stopped, Action: None, LastError: ContainerTimeout, LastErrorTimestamp: 05/04/2026 04:03:12, LastErrorDetails: Container did not start within expected time limit of 230s. Please inspect your container logs for more details., Details: Site stopped at 05/04/2026 04:03:13 (UTC), DetailsLevel: WARN
2026-05-04T04:07:13.8435063Z Site: ekioba-frontend-ccan-20260502 is unblocked.
2026-05-04T04:36:58.6607746Z State: Starting, Action: EstablishingSiteNetworks, LastError: ContainerTimeout, LastErrorTimestamp: 05/04/2026 04:03:12, LastErrorDetails: Container did not start within expected time limit of 230s. Please inspect your container logs for more details., Details: Site stopped at 05/04/2026 04:03:13 (UTC), DetailsLevel: WARN
2026-05-04T04:37:00.2201568Z State: Starting, Action: StartingSiteContainers, LastError: ContainerTimeout, LastErrorTimestamp: 05/04/2026 04:03:12, LastErrorDetails: Container did not start within expected time limit of 230s. Please inspect your container logs for more details., Details: Site stopped at 05/04/2026 04:03:13 (UTC), DetailsLevel: WARN
2026-05-04T04:37:00.2203408Z Container start method called.
2026-05-04T04:37:00.2205285Z State: Starting, Action: PullingImage, LastError: ContainerTimeout, LastErrorTimestamp: 05/04/2026 04:03:12, LastErrorDetails: Container did not start within expected time limit of 230s. Please inspect your container logs for more details., Details: Pulling image mcr.microsoft.com/appsvc/python:3.12_20260203.2.tuxprod for ekioba-frontend-ccan-20260502., DetailsLevel: INFO
2026-05-04T04:37:00.2207020Z Establishing network.
2026-05-04T04:37:00.2208423Z Pulling image: appsvc/python:3.12_20260203.2.tuxprod.
2026-05-04T04:37:55.6937052Z Container is starting.
2026-05-04T04:37:55.7001432Z State: Starting, Action: MountingVolumes, LastError: ContainerTimeout, LastErrorTimestamp: 05/04/2026 04:03:12, LastErrorDetails: Container did not start within expected time limit of 230s. Please inspect your container logs for more details., Details: Mounting volumes for ekioba-frontend-ccan-20260502., DetailsLevel: INFO
2026-05-04T04:37:55.7015509Z Establishing user namespace if not established already.
2026-05-04T04:37:55.7023451Z Establishing network if not established already.
2026-05-04T04:37:55.7032298Z Mounting volumes.
2026-05-04T04:37:55.7097131Z Nested mountpoint 
2026-05-04T04:37:55.7126485Z Nested mountpoint volatile/logs
2026-05-04T04:37:55.7395905Z Nested mountpoint 
2026-05-04T04:37:55.7516459Z Nested mountpoint 
2026-05-04T04:37:55.7619644Z Nested mountpoint 
2026-05-04T04:37:56.4069077Z State: Starting, Action: CreatingContainer, LastError: ContainerTimeout, LastErrorTimestamp: 05/04/2026 04:03:12, LastErrorDetails: Container did not start within expected time limit of 230s. Please inspect your container logs for more details., Details: Finished pulling container image and mounting volumes for ekioba-frontend-ccan-20260502. Allocatinng the rest of the container resources to finish container creation., DetailsLevel: INFO
2026-05-04T04:37:56.4078103Z Creating container.
2026-05-04T04:37:56.4079894Z Creating pipes for streaming container io.
2026-05-04T04:37:56.4081333Z Creating stdout named pipe at /podr/container/pipe/81f79488e2d6_ekioba-frontend-ccan-20260502/stdout_8d04cf236d484248af4893a7be3e76fb.
2026-05-04T04:37:56.4083704Z Successfully created stdout named pipe at: /podr/container/pipe/81f79488e2d6_ekioba-frontend-ccan-20260502/stdout_8d04cf236d484248af4893a7be3e76fb.
2026-05-04T04:37:56.4084592Z Opening named pipe /podr/container/pipe/81f79488e2d6_ekioba-frontend-ccan-20260502/stdout_8d04cf236d484248af4893a7be3e76fb for reading in non-blocking mode.
2026-05-04T04:37:56.4085575Z Successfully opened named pipe: /podr/container/pipe/81f79488e2d6_ekioba-frontend-ccan-20260502/stdout_8d04cf236d484248af4893a7be3e76fb.
2026-05-04T04:37:56.4348738Z Successfully removed non-blocking flag from /podr/container/pipe/81f79488e2d6_ekioba-frontend-ccan-20260502/stdout_8d04cf236d484248af4893a7be3e76fb.
2026-05-04T04:37:56.4443340Z Creating stderr named pipe at /podr/container/pipe/81f79488e2d6_ekioba-frontend-ccan-20260502/stderr_f2fdb208214e4d3e84ffe0ef6c8131c6.
2026-05-04T04:37:56.4446620Z Successfully created stderr named pipe at: /podr/container/pipe/81f79488e2d6_ekioba-frontend-ccan-20260502/stderr_f2fdb208214e4d3e84ffe0ef6c8131c6.
2026-05-04T04:37:56.4458187Z Opening named pipe /podr/container/pipe/81f79488e2d6_ekioba-frontend-ccan-20260502/stderr_f2fdb208214e4d3e84ffe0ef6c8131c6 for reading in non-blocking mode.
2026-05-04T04:37:56.4546186Z Successfully opened named pipe: /podr/container/pipe/81f79488e2d6_ekioba-frontend-ccan-20260502/stderr_f2fdb208214e4d3e84ffe0ef6c8131c6.
2026-05-04T04:37:56.4547541Z Successfully removed non-blocking flag from /podr/container/pipe/81f79488e2d6_ekioba-frontend-ccan-20260502/stderr_f2fdb208214e4d3e84ffe0ef6c8131c6.
2026-05-04T04:37:56.4548900Z Creating container with image: appsvc/python:3.12_20260203.2.tuxprod from registry: mcr.microsoft.com and fully qualified image name: mcr.microsoft.com/appsvc/python:3.12_20260203.2.tuxprod
2026-05-04T04:37:56.9698791Z Starting container: 81f79488e2d6_ekioba-frontend-ccan-20260502.
2026-05-04T04:37:57.0552065Z Starting watchers and probes.
2026-05-04T04:37:57.0581401Z Starting metrics collection.
2026-05-04T04:37:57.0670246Z Container is running.
2026-05-04T04:37:57.0693023Z State: Starting, Action: CreatingContainer, LastError: ContainerTimeout, LastErrorTimestamp: 05/04/2026 04:03:12, LastErrorDetails: Container did not start within expected time limit of 230s. Please inspect your container logs for more details., Details: Container ekioba-frontend-ccan-20260502 successfully created and is running., DetailsLevel: INFO
2026-05-04T04:37:57.2969908Z Container start method finished after 57076 ms.
2026-05-04T04:37:57.3259340Z State: Starting, Action: InitiatingSiteWarmUpProbe, LastError: ContainerTimeout, LastErrorTimestamp: 05/04/2026 04:03:12, LastErrorDetails: Container did not start within expected time limit of 230s. Please inspect your container logs for more details., Details: Container ekioba-frontend-ccan-20260502 successfully created and is running., DetailsLevel: INFO
2026-05-04T04:37:57.3259970Z State: Starting, Action: WaitingForSiteWarmUpProbeSuccess, LastError: ContainerTimeout, LastErrorTimestamp: 05/04/2026 04:03:12, LastErrorDetails: Container did not start within expected time limit of 230s. Please inspect your container logs for more details., Details: Pinging warmup path to ensure container is ready to receive requests., DetailsLevel: INFO
2026-05-04T04:38:22.1041442Z Container has finished running with exit code: 127.
2026-05-04T04:38:22.1051592Z Container is terminating. Grace period: 5 seconds.
2026-05-04T04:38:22.1060550Z Stop and delete container. Retry count = 0
2026-05-04T04:38:22.1064134Z Stopping container: 81f79488e2d6_ekioba-frontend-ccan-20260502.
2026-05-04T04:38:22.2115408Z Deleting container: 81f79488e2d6_ekioba-frontend-ccan-20260502. Retry count = 0
2026-05-04T04:38:22.5493744Z Container spec TerminationMessagePolicy  path 
2026-05-04T04:38:22.5499626Z Container is terminated. Total time elapsed: 444 ms.
2026-05-04T04:38:22.5504003Z Site container: ekioba-frontend-ccan-20260502 terminated during site startup.
2026-05-04T04:38:22.5506600Z State: Stopping, Action: CancellingStartup, LastError: ContainerTimeout, LastErrorTimestamp: 05/04/2026 04:03:12, LastErrorDetails: Container did not start within expected time limit of 230s. Please inspect your container logs for more details., Details: Site container: ekioba-frontend-ccan-20260502 terminated during site startup. Cancelling site startup., DetailsLevel: ERR
2026-05-04T04:38:22.8039531Z Site startup probe failed after 25.4677615 seconds.
2026-05-04T04:38:23.2473592Z State: Stopping, Action: CancellingStartup, LastError: ContainerTimeout, LastErrorTimestamp: 05/04/2026 04:38:23, LastErrorDetails: Container did not start within expected time limit of 230s. Please inspect your container logs for more details., Details: Site container: ekioba-frontend-ccan-20260502 terminated during site startup. Cancelling site startup., DetailsLevel: ERR
2026-05-04T04:38:23.3051342Z Failed to start site. Revert by stopping site.
2026-05-04T04:38:23.3053643Z State: Stopping, Action: StoppingSite, LastError: ContainerTimeout, LastErrorTimestamp: 05/04/2026 04:38:23, LastErrorDetails: Container did not start within expected time limit of 230s. Please inspect your container logs for more details., Details: Site container: ekioba-frontend-ccan-20260502 terminated during site startup. Cancelling site startup., DetailsLevel: ERR
2026-05-04T04:38:23.3064845Z State: Stopping, Action: StoppingSiteContainers, LastError: ContainerTimeout, LastErrorTimestamp: 05/04/2026 04:38:23, LastErrorDetails: Container did not start within expected time limit of 230s. Please inspect your container logs for more details., Details: Site container: ekioba-frontend-ccan-20260502 terminated during site startup. Cancelling site startup., DetailsLevel: ERR
2026-05-04T04:38:23.3065194Z Site: ekioba-frontend-ccan-20260502 stopped.
2026-05-04T04:38:23.3258586Z State: Stopping, Action: UnmountingVolumes, LastError: ContainerTimeout, LastErrorTimestamp: 05/04/2026 04:38:23, LastErrorDetails: Container did not start within expected time limit of 230s. Please inspect your container logs for more details., Details: Site container: ekioba-frontend-ccan-20260502 terminated during site startup. Cancelling site startup., DetailsLevel: ERR
2026-05-04T04:38:23.7490310Z State: Stopping, Action: StoppingSiteNetworks, LastError: ContainerTimeout, LastErrorTimestamp: 05/04/2026 04:38:23, LastErrorDetails: Container did not start within expected time limit of 230s. Please inspect your container logs for more details., Details: Site container: ekioba-frontend-ccan-20260502 terminated during site startup. Cancelling site startup., DetailsLevel: ERR
2026-05-04T04:38:24.0120759Z Site: ekioba-frontend-ccan-20260502 will be blocked for 4 minutes till 05/04/2026 04:42:24
2026-05-04T04:38:24.0122530Z State: Blocked, Action: StoppingSiteNetworks, LastError: ContainerTimeout, LastErrorTimestamp: 05/04/2026 04:38:23, LastErrorDetails: Container did not start within expected time limit of 230s. Please inspect your container logs for more details., Details: Site: ekioba-frontend-ccan-20260502 will be blocked for 4 minutes till 05/04/2026 04:42:24, DetailsLevel: WARN
2026-05-04T04:38:24.0228765Z State: Stopped, Action: None, LastError: ContainerTimeout, LastErrorTimestamp: 05/04/2026 04:38:23, LastErrorDetails: Container did not start within expected time limit of 230s. Please inspect your container logs for more details., Details: Site stopped at 05/04/2026 04:38:24 (UTC), DetailsLevel: WARN
2026-05-04T04:38:24.2618494Z State: Stopped, Action: None, LastError: ContainerTimeout, LastErrorTimestamp: 05/04/2026 04:38:23, LastErrorDetails: Container did not start within expected time limit of 230s. Please inspect your container logs for more details., Details: Site stopped at 05/04/2026 04:38:24 (UTC), DetailsLevel: WARN
2026-05-04T04:42:24.0109341Z Site: ekioba-frontend-ccan-20260502 is unblocked.
2026-05-04T05:12:02.2335288Z State: Starting, Action: EstablishingSiteNetworks, LastError: ContainerTimeout, LastErrorTimestamp: 05/04/2026 04:38:23, LastErrorDetails: Container did not start within expected time limit of 230s. Please inspect your container logs for more details., Details: Site stopped at 05/04/2026 04:38:24 (UTC), DetailsLevel: WARN
2026-05-04T05:12:04.3564297Z State: Starting, Action: StartingSiteContainers, LastError: ContainerTimeout, LastErrorTimestamp: 05/04/2026 04:38:23, LastErrorDetails: Container did not start within expected time limit of 230s. Please inspect your container logs for more details., Details: Site stopped at 05/04/2026 04:38:24 (UTC), DetailsLevel: WARN
2026-05-04T05:12:04.3566232Z Container start method called.
2026-05-04T05:12:04.3587414Z State: Starting, Action: PullingImage, LastError: ContainerTimeout, LastErrorTimestamp: 05/04/2026 04:38:23, LastErrorDetails: Container did not start within expected time limit of 230s. Please inspect your container logs for more details., Details: Pulling image mcr.microsoft.com/appsvc/python:3.12_20260203.2.tuxprod for ekioba-frontend-ccan-20260502., DetailsLevel: INFO
2026-05-04T05:12:04.4586587Z Establishing network.
2026-05-04T05:12:04.4589300Z Pulling image: appsvc/python:3.12_20260203.2.tuxprod.
2026-05-04T05:12:49.1965583Z Container is starting.
2026-05-04T05:12:49.1967720Z State: Starting, Action: MountingVolumes, LastError: ContainerTimeout, LastErrorTimestamp: 05/04/2026 04:38:23, LastErrorDetails: Container did not start within expected time limit of 230s. Please inspect your container logs for more details., Details: Mounting volumes for ekioba-frontend-ccan-20260502., DetailsLevel: INFO
2026-05-04T05:12:49.1969258Z Establishing user namespace if not established already.
2026-05-04T05:12:49.1972620Z Establishing network if not established already.
2026-05-04T05:12:49.1978141Z Mounting volumes.
2026-05-04T05:12:49.2029931Z Nested mountpoint 
2026-05-04T05:12:49.2254291Z Nested mountpoint volatile/logs
2026-05-04T05:12:49.2779826Z Nested mountpoint 
2026-05-04T05:12:49.2786160Z Nested mountpoint 
2026-05-04T05:12:49.2867413Z Nested mountpoint 
2026-05-04T05:12:49.7959838Z State: Starting, Action: CreatingContainer, LastError: ContainerTimeout, LastErrorTimestamp: 05/04/2026 04:38:23, LastErrorDetails: Container did not start within expected time limit of 230s. Please inspect your container logs for more details., Details: Finished pulling container image and mounting volumes for ekioba-frontend-ccan-20260502. Allocatinng the rest of the container resources to finish container creation., DetailsLevel: INFO
2026-05-04T05:12:49.7968751Z Creating container.
2026-05-04T05:12:49.7970718Z Creating pipes for streaming container io.
2026-05-04T05:12:49.7975439Z Creating stdout named pipe at /podr/container/pipe/00e340662156_ekioba-frontend-ccan-20260502/stdout_cb026051120b40558c901f71d2b48ba0.
2026-05-04T05:12:49.8138993Z Successfully created stdout named pipe at: /podr/container/pipe/00e340662156_ekioba-frontend-ccan-20260502/stdout_cb026051120b40558c901f71d2b48ba0.
2026-05-04T05:12:49.8141289Z Opening named pipe /podr/container/pipe/00e340662156_ekioba-frontend-ccan-20260502/stdout_cb026051120b40558c901f71d2b48ba0 for reading in non-blocking mode.
2026-05-04T05:12:49.8143458Z Successfully opened named pipe: /podr/container/pipe/00e340662156_ekioba-frontend-ccan-20260502/stdout_cb026051120b40558c901f71d2b48ba0.
2026-05-04T05:12:49.8150257Z Successfully removed non-blocking flag from /podr/container/pipe/00e340662156_ekioba-frontend-ccan-20260502/stdout_cb026051120b40558c901f71d2b48ba0.
2026-05-04T05:12:49.8233856Z Creating stderr named pipe at /podr/container/pipe/00e340662156_ekioba-frontend-ccan-20260502/stderr_1b6ff35bcd634c7b922bf1a46f2f12ac.
2026-05-04T05:12:49.8240417Z Successfully created stderr named pipe at: /podr/container/pipe/00e340662156_ekioba-frontend-ccan-20260502/stderr_1b6ff35bcd634c7b922bf1a46f2f12ac.
2026-05-04T05:12:49.8245940Z Opening named pipe /podr/container/pipe/00e340662156_ekioba-frontend-ccan-20260502/stderr_1b6ff35bcd634c7b922bf1a46f2f12ac for reading in non-blocking mode.
2026-05-04T05:12:49.8250607Z Successfully opened named pipe: /podr/container/pipe/00e340662156_ekioba-frontend-ccan-20260502/stderr_1b6ff35bcd634c7b922bf1a46f2f12ac.
2026-05-04T05:12:49.8254355Z Successfully removed non-blocking flag from /podr/container/pipe/00e340662156_ekioba-frontend-ccan-20260502/stderr_1b6ff35bcd634c7b922bf1a46f2f12ac.
2026-05-04T05:12:49.8261437Z Creating container with image: appsvc/python:3.12_20260203.2.tuxprod from registry: mcr.microsoft.com and fully qualified image name: mcr.microsoft.com/appsvc/python:3.12_20260203.2.tuxprod
2026-05-04T05:12:50.4336921Z Starting container: 00e340662156_ekioba-frontend-ccan-20260502.
2026-05-04T05:12:50.4903104Z Starting watchers and probes.
2026-05-04T05:12:50.4908956Z Starting metrics collection.
2026-05-04T05:12:50.4924658Z Container is running.
2026-05-04T05:12:50.4932563Z State: Starting, Action: CreatingContainer, LastError: ContainerTimeout, LastErrorTimestamp: 05/04/2026 04:38:23, LastErrorDetails: Container did not start within expected time limit of 230s. Please inspect your container logs for more details., Details: Container ekioba-frontend-ccan-20260502 successfully created and is running., DetailsLevel: INFO
2026-05-04T05:12:50.5893959Z Container start method finished after 46224 ms.
2026-05-04T05:12:50.6352332Z State: Starting, Action: InitiatingSiteWarmUpProbe, LastError: ContainerTimeout, LastErrorTimestamp: 05/04/2026 04:38:23, LastErrorDetails: Container did not start within expected time limit of 230s. Please inspect your container logs for more details., Details: Container ekioba-frontend-ccan-20260502 successfully created and is running., DetailsLevel: INFO
2026-05-04T05:12:50.6353208Z State: Starting, Action: WaitingForSiteWarmUpProbeSuccess, LastError: ContainerTimeout, LastErrorTimestamp: 05/04/2026 04:38:23, LastErrorDetails: Container did not start within expected time limit of 230s. Please inspect your container logs for more details., Details: Pinging warmup path to ensure container is ready to receive requests., DetailsLevel: INFO
2026-05-04T05:13:17.3827888Z Container has finished running with exit code: 127.
2026-05-04T05:13:17.3834175Z Container is terminating. Grace period: 5 seconds.
2026-05-04T05:13:17.4017581Z Stop and delete container. Retry count = 0
2026-05-04T05:13:17.4020495Z Stopping container: 00e340662156_ekioba-frontend-ccan-20260502.
2026-05-04T05:13:17.5110695Z Deleting container: 00e340662156_ekioba-frontend-ccan-20260502. Retry count = 0
2026-05-04T05:13:17.8060092Z Container spec TerminationMessagePolicy  path 
2026-05-04T05:13:17.8663425Z Container is terminated. Total time elapsed: 482 ms.
2026-05-04T05:13:17.8680235Z Site container: ekioba-frontend-ccan-20260502 terminated during site startup.
2026-05-04T05:13:17.8757690Z State: Stopping, Action: CancellingStartup, LastError: ContainerTimeout, LastErrorTimestamp: 05/04/2026 04:38:23, LastErrorDetails: Container did not start within expected time limit of 230s. Please inspect your container logs for more details., Details: Site container: ekioba-frontend-ccan-20260502 terminated during site startup. Cancelling site startup., DetailsLevel: ERR
2026-05-04T05:13:17.9762976Z Site startup probe failed after 27.3403195 seconds.
2026-05-04T05:13:18.4740174Z State: Stopping, Action: CancellingStartup, LastError: ContainerTimeout, LastErrorTimestamp: 05/04/2026 05:13:18, LastErrorDetails: Container did not start within expected time limit of 230s. Please inspect your container logs for more details., Details: Site container: ekioba-frontend-ccan-20260502 terminated during site startup. Cancelling site startup., DetailsLevel: ERR
2026-05-04T05:13:18.4819078Z Failed to start site. Revert by stopping site.
2026-05-04T05:13:18.4833194Z State: Stopping, Action: StoppingSite, LastError: ContainerTimeout, LastErrorTimestamp: 05/04/2026 05:13:18, LastErrorDetails: Container did not start within expected time limit of 230s. Please inspect your container logs for more details., Details: Site container: ekioba-frontend-ccan-20260502 terminated during site startup. Cancelling site startup., DetailsLevel: ERR
2026-05-04T05:13:18.4835398Z State: Stopping, Action: StoppingSiteContainers, LastError: ContainerTimeout, LastErrorTimestamp: 05/04/2026 05:13:18, LastErrorDetails: Container did not start within expected time limit of 230s. Please inspect your container logs for more details., Details: Site container: ekioba-frontend-ccan-20260502 terminated during site startup. Cancelling site startup., DetailsLevel: ERR
2026-05-04T05:13:18.4835825Z Site: ekioba-frontend-ccan-20260502 stopped.
2026-05-04T05:13:18.5017491Z State: Stopping, Action: UnmountingVolumes, LastError: ContainerTimeout, LastErrorTimestamp: 05/04/2026 05:13:18, LastErrorDetails: Container did not start within expected time limit of 230s. Please inspect your container logs for more details., Details: Site container: ekioba-frontend-ccan-20260502 terminated during site startup. Cancelling site startup., DetailsLevel: ERR
2026-05-04T05:13:19.0267420Z State: Stopping, Action: StoppingSiteNetworks, LastError: ContainerTimeout, LastErrorTimestamp: 05/04/2026 05:13:18, LastErrorDetails: Container did not start within expected time limit of 230s. Please inspect your container logs for more details., Details: Site container: ekioba-frontend-ccan-20260502 terminated during site startup. Cancelling site startup., DetailsLevel: ERR
2026-05-04T05:13:19.2234032Z Site: ekioba-frontend-ccan-20260502 will be blocked for 4 minutes till 05/04/2026 05:17:19
2026-05-04T05:13:19.2246650Z State: Blocked, Action: StoppingSiteNetworks, LastError: ContainerTimeout, LastErrorTimestamp: 05/04/2026 05:13:18, LastErrorDetails: Container did not start within expected time limit of 230s. Please inspect your container logs for more details., Details: Site: ekioba-frontend-ccan-20260502 will be blocked for 4 minutes till 05/04/2026 05:17:19, DetailsLevel: WARN
2026-05-04T05:13:19.2259142Z State: Stopped, Action: None, LastError: ContainerTimeout, LastErrorTimestamp: 05/04/2026 05:13:18, LastErrorDetails: Container did not start within expected time limit of 230s. Please inspect your container logs for more details., Details: Site stopped at 05/04/2026 05:13:19 (UTC), DetailsLevel: WARN
2026-05-04T05:13:19.3815307Z State: Stopped, Action: None, LastError: ContainerTimeout, LastErrorTimestamp: 05/04/2026 05:13:18, LastErrorDetails: Container did not start within expected time limit of 230s. Please inspect your container logs for more details., Details: Site stopped at 05/04/2026 05:13:19 (UTC), DetailsLevel: WARN
2026-05-04T05:17:19.2304769Z Site: ekioba-frontend-ccan-20260502 is unblocked.
2026-05-04T05:47:02.3046372Z State: Starting, Action: EstablishingSiteNetworks, LastError: ContainerTimeout, LastErrorTimestamp: 05/04/2026 05:13:18, LastErrorDetails: Container did not start within expected time limit of 230s. Please inspect your container logs for more details., Details: Site stopped at 05/04/2026 05:13:19 (UTC), DetailsLevel: WARN
2026-05-04T05:47:03.6215506Z State: Starting, Action: StartingSiteContainers, LastError: ContainerTimeout, LastErrorTimestamp: 05/04/2026 05:13:18, LastErrorDetails: Container did not start within expected time limit of 230s. Please inspect your container logs for more details., Details: Site stopped at 05/04/2026 05:13:19 (UTC), DetailsLevel: WARN
2026-05-04T05:47:03.6312121Z Container start method called.
2026-05-04T05:47:03.6378690Z State: Starting, Action: PullingImage, LastError: ContainerTimeout, LastErrorTimestamp: 05/04/2026 05:13:18, LastErrorDetails: Container did not start within expected time limit of 230s. Please inspect your container logs for more details., Details: Pulling image mcr.microsoft.com/appsvc/python:3.12_20260203.2.tuxprod for ekioba-frontend-ccan-20260502., DetailsLevel: INFO
2026-05-04T05:47:03.6380484Z Establishing network.
2026-05-04T05:47:03.6386757Z Pulling image: appsvc/python:3.12_20260203.2.tuxprod.
2026-05-04T05:47:47.2171688Z Container is starting.
2026-05-04T05:47:47.2174714Z State: Starting, Action: MountingVolumes, LastError: ContainerTimeout, LastErrorTimestamp: 05/04/2026 05:13:18, LastErrorDetails: Container did not start within expected time limit of 230s. Please inspect your container logs for more details., Details: Mounting volumes for ekioba-frontend-ccan-20260502., DetailsLevel: INFO
2026-05-04T05:47:47.2176655Z Establishing user namespace if not established already.
2026-05-04T05:47:47.2178791Z Establishing network if not established already.
2026-05-04T05:47:47.2180855Z Mounting volumes.
2026-05-04T05:47:47.2182618Z Nested mountpoint 
2026-05-04T05:47:47.2381958Z Nested mountpoint volatile/logs
2026-05-04T05:47:47.2688637Z Nested mountpoint 
2026-05-04T05:47:47.2897808Z Nested mountpoint 
2026-05-04T05:47:47.3070982Z Nested mountpoint 
2026-05-04T05:47:47.8053563Z State: Starting, Action: CreatingContainer, LastError: ContainerTimeout, LastErrorTimestamp: 05/04/2026 05:13:18, LastErrorDetails: Container did not start within expected time limit of 230s. Please inspect your container logs for more details., Details: Finished pulling container image and mounting volumes for ekioba-frontend-ccan-20260502. Allocatinng the rest of the container resources to finish container creation., DetailsLevel: INFO
2026-05-04T05:47:47.8058838Z Creating container.
2026-05-04T05:47:47.8223212Z Creating pipes for streaming container io.
2026-05-04T05:47:47.8227499Z Creating stdout named pipe at /podr/container/pipe/9281620608a2_ekioba-frontend-ccan-20260502/stdout_dc0366ecc79546f687b0762076987ee3.
2026-05-04T05:47:47.8250281Z Successfully created stdout named pipe at: /podr/container/pipe/9281620608a2_ekioba-frontend-ccan-20260502/stdout_dc0366ecc79546f687b0762076987ee3.
2026-05-04T05:47:47.8255625Z Opening named pipe /podr/container/pipe/9281620608a2_ekioba-frontend-ccan-20260502/stdout_dc0366ecc79546f687b0762076987ee3 for reading in non-blocking mode.
2026-05-04T05:47:47.8261487Z Successfully opened named pipe: /podr/container/pipe/9281620608a2_ekioba-frontend-ccan-20260502/stdout_dc0366ecc79546f687b0762076987ee3.
2026-05-04T05:47:47.8437415Z Successfully removed non-blocking flag from /podr/container/pipe/9281620608a2_ekioba-frontend-ccan-20260502/stdout_dc0366ecc79546f687b0762076987ee3.
2026-05-04T05:47:47.8448262Z Creating stderr named pipe at /podr/container/pipe/9281620608a2_ekioba-frontend-ccan-20260502/stderr_317b5a25d99a4abaaf999c3f8192fb56.
2026-05-04T05:47:47.8450020Z Successfully created stderr named pipe at: /podr/container/pipe/9281620608a2_ekioba-frontend-ccan-20260502/stderr_317b5a25d99a4abaaf999c3f8192fb56.
2026-05-04T05:47:47.8557277Z Opening named pipe /podr/container/pipe/9281620608a2_ekioba-frontend-ccan-20260502/stderr_317b5a25d99a4abaaf999c3f8192fb56 for reading in non-blocking mode.
2026-05-04T05:47:47.8631698Z Successfully opened named pipe: /podr/container/pipe/9281620608a2_ekioba-frontend-ccan-20260502/stderr_317b5a25d99a4abaaf999c3f8192fb56.
2026-05-04T05:47:47.8633107Z Successfully removed non-blocking flag from /podr/container/pipe/9281620608a2_ekioba-frontend-ccan-20260502/stderr_317b5a25d99a4abaaf999c3f8192fb56.
2026-05-04T05:47:47.8646277Z Creating container with image: appsvc/python:3.12_20260203.2.tuxprod from registry: mcr.microsoft.com and fully qualified image name: mcr.microsoft.com/appsvc/python:3.12_20260203.2.tuxprod
2026-05-04T05:47:48.3269142Z Starting container: 9281620608a2_ekioba-frontend-ccan-20260502.
2026-05-04T05:47:48.4367834Z Starting watchers and probes.
2026-05-04T05:47:48.4372444Z Starting metrics collection.
2026-05-04T05:47:48.4466172Z Container is running.
2026-05-04T05:47:48.4470081Z State: Starting, Action: CreatingContainer, LastError: ContainerTimeout, LastErrorTimestamp: 05/04/2026 05:13:18, LastErrorDetails: Container did not start within expected time limit of 230s. Please inspect your container logs for more details., Details: Container ekioba-frontend-ccan-20260502 successfully created and is running., DetailsLevel: INFO
2026-05-04T05:47:48.8162290Z Container start method finished after 45184 ms.
2026-05-04T05:47:48.8165560Z State: Starting, Action: InitiatingSiteWarmUpProbe, LastError: ContainerTimeout, LastErrorTimestamp: 05/04/2026 05:13:18, LastErrorDetails: Container did not start within expected time limit of 230s. Please inspect your container logs for more details., Details: Container ekioba-frontend-ccan-20260502 successfully created and is running., DetailsLevel: INFO
2026-05-04T05:47:48.8165858Z State: Starting, Action: WaitingForSiteWarmUpProbeSuccess, LastError: ContainerTimeout, LastErrorTimestamp: 05/04/2026 05:13:18, LastErrorDetails: Container did not start within expected time limit of 230s. Please inspect your container logs for more details., Details: Pinging warmup path to ensure container is ready to receive requests., DetailsLevel: INFO
2026-05-04T05:48:16.8801170Z Container has finished running with exit code: 127.
2026-05-04T05:48:16.8887870Z Container is terminating. Grace period: 5 seconds.
2026-05-04T05:48:16.9010566Z Stop and delete container. Retry count = 0
2026-05-04T05:48:16.9086845Z Stopping container: 9281620608a2_ekioba-frontend-ccan-20260502.
2026-05-04T05:48:17.0204732Z Deleting container: 9281620608a2_ekioba-frontend-ccan-20260502. Retry count = 0
2026-05-04T05:48:17.8305369Z Container spec TerminationMessagePolicy  path 
2026-05-04T05:48:17.8397322Z Container is terminated. Total time elapsed: 950 ms.
2026-05-04T05:48:17.8410526Z Site container: ekioba-frontend-ccan-20260502 terminated during site startup.
2026-05-04T05:48:17.8411694Z State: Stopping, Action: CancellingStartup, LastError: ContainerTimeout, LastErrorTimestamp: 05/04/2026 05:13:18, LastErrorDetails: Container did not start within expected time limit of 230s. Please inspect your container logs for more details., Details: Site container: ekioba-frontend-ccan-20260502 terminated during site startup. Cancelling site startup., DetailsLevel: ERR
2026-05-04T05:48:18.0473280Z Site startup probe failed after 29.1619885 seconds.
2026-05-04T05:48:18.5161307Z State: Stopping, Action: CancellingStartup, LastError: ContainerTimeout, LastErrorTimestamp: 05/04/2026 05:48:18, LastErrorDetails: Container did not start within expected time limit of 230s. Please inspect your container logs for more details., Details: Site container: ekioba-frontend-ccan-20260502 terminated during site startup. Cancelling site startup., DetailsLevel: ERR
2026-05-04T05:48:18.5343354Z Failed to start site. Revert by stopping site.
2026-05-04T05:48:18.5349567Z State: Stopping, Action: StoppingSite, LastError: ContainerTimeout, LastErrorTimestamp: 05/04/2026 05:48:18, LastErrorDetails: Container did not start within expected time limit of 230s. Please inspect your container logs for more details., Details: Site container: ekioba-frontend-ccan-20260502 terminated during site startup. Cancelling site startup., DetailsLevel: ERR
2026-05-04T05:48:18.5362521Z State: Stopping, Action: StoppingSiteContainers, LastError: ContainerTimeout, LastErrorTimestamp: 05/04/2026 05:48:18, LastErrorDetails: Container did not start within expected time limit of 230s. Please inspect your container logs for more details., Details: Site container: ekioba-frontend-ccan-20260502 terminated during site startup. Cancelling site startup., DetailsLevel: ERR
2026-05-04T05:48:18.5362673Z Site: ekioba-frontend-ccan-20260502 stopped.
2026-05-04T05:48:18.5543186Z State: Stopping, Action: UnmountingVolumes, LastError: ContainerTimeout, LastErrorTimestamp: 05/04/2026 05:48:18, LastErrorDetails: Container did not start within expected time limit of 230s. Please inspect your container logs for more details., Details: Site container: ekioba-frontend-ccan-20260502 terminated during site startup. Cancelling site startup., DetailsLevel: ERR
2026-05-04T05:48:18.9281846Z State: Stopping, Action: StoppingSiteNetworks, LastError: ContainerTimeout, LastErrorTimestamp: 05/04/2026 05:48:18, LastErrorDetails: Container did not start within expected time limit of 230s. Please inspect your container logs for more details., Details: Site container: ekioba-frontend-ccan-20260502 terminated during site startup. Cancelling site startup., DetailsLevel: ERR
2026-05-04T05:48:19.2213649Z Site: ekioba-frontend-ccan-20260502 will be blocked for 4 minutes till 05/04/2026 05:52:19
2026-05-04T05:48:19.2217059Z State: Blocked, Action: StoppingSiteNetworks, LastError: ContainerTimeout, LastErrorTimestamp: 05/04/2026 05:48:18, LastErrorDetails: Container did not start within expected time limit of 230s. Please inspect your container logs for more details., Details: Site: ekioba-frontend-ccan-20260502 will be blocked for 4 minutes till 05/04/2026 05:52:19, DetailsLevel: WARN
2026-05-04T05:48:19.2220038Z State: Stopped, Action: None, LastError: ContainerTimeout, LastErrorTimestamp: 05/04/2026 05:48:18, LastErrorDetails: Container did not start within expected time limit of 230s. Please inspect your container logs for more details., Details: Site stopped at 05/04/2026 05:48:19 (UTC), DetailsLevel: WARN
2026-05-04T05:48:19.4841076Z State: Stopped, Action: None, LastError: ContainerTimeout, LastErrorTimestamp: 05/04/2026 05:48:18, LastErrorDetails: Container did not start within expected time limit of 230s. Please inspect your container logs for more details., Details: Site stopped at 05/04/2026 05:48:19 (UTC), DetailsLevel: WARN
2026-05-04T05:52:19.2251642Z Site: ekioba-frontend-ccan-20260502 is unblocked.
2026-05-04T06:22:05.8184352Z State: Starting, Action: EstablishingSiteNetworks, LastError: ContainerTimeout, LastErrorTimestamp: 05/04/2026 05:48:18, LastErrorDetails: Container did not start within expected time limit of 230s. Please inspect your container logs for more details., Details: Site stopped at 05/04/2026 05:48:19 (UTC), DetailsLevel: WARN
2026-05-04T06:22:07.5796089Z State: Starting, Action: StartingSiteContainers, LastError: ContainerTimeout, LastErrorTimestamp: 05/04/2026 05:48:18, LastErrorDetails: Container did not start within expected time limit of 230s. Please inspect your container logs for more details., Details: Site stopped at 05/04/2026 05:48:19 (UTC), DetailsLevel: WARN
2026-05-04T06:22:07.5800838Z Container start method called.
2026-05-04T06:22:07.5801825Z State: Starting, Action: PullingImage, LastError: ContainerTimeout, LastErrorTimestamp: 05/04/2026 05:48:18, LastErrorDetails: Container did not start within expected time limit of 230s. Please inspect your container logs for more details., Details: Pulling image mcr.microsoft.com/appsvc/python:3.12_20260203.2.tuxprod for ekioba-frontend-ccan-20260502., DetailsLevel: INFO
2026-05-04T06:22:07.5803367Z Establishing network.
2026-05-04T06:22:07.5804877Z Pulling image: appsvc/python:3.12_20260203.2.tuxprod.
2026-05-04T06:22:52.7773810Z Container is starting.
2026-05-04T06:22:52.7850673Z State: Starting, Action: MountingVolumes, LastError: ContainerTimeout, LastErrorTimestamp: 05/04/2026 05:48:18, LastErrorDetails: Container did not start within expected time limit of 230s. Please inspect your container logs for more details., Details: Mounting volumes for ekioba-frontend-ccan-20260502., DetailsLevel: INFO
2026-05-04T06:22:52.7853933Z Establishing user namespace if not established already.
2026-05-04T06:22:52.7860900Z Establishing network if not established already.
2026-05-04T06:22:52.7932530Z Mounting volumes.
2026-05-04T06:22:52.7935583Z Nested mountpoint 
2026-05-04T06:22:52.8594698Z Nested mountpoint volatile/logs
2026-05-04T06:22:52.8821640Z Nested mountpoint 
2026-05-04T06:22:52.8914234Z Nested mountpoint 
2026-05-04T06:22:52.9074393Z Nested mountpoint 
2026-05-04T06:22:53.4983663Z State: Starting, Action: CreatingContainer, LastError: ContainerTimeout, LastErrorTimestamp: 05/04/2026 05:48:18, LastErrorDetails: Container did not start within expected time limit of 230s. Please inspect your container logs for more details., Details: Finished pulling container image and mounting volumes for ekioba-frontend-ccan-20260502. Allocatinng the rest of the container resources to finish container creation., DetailsLevel: INFO
2026-05-04T06:22:53.4990205Z Creating container.
2026-05-04T06:22:53.5260661Z Creating pipes for streaming container io.
2026-05-04T06:22:53.5569866Z Creating stdout named pipe at /podr/container/pipe/940fc8456fd7_ekioba-frontend-ccan-20260502/stdout_eb345ea876e24aa1abfa57a0a0dc53ac.
2026-05-04T06:22:53.5661595Z Successfully created stdout named pipe at: /podr/container/pipe/940fc8456fd7_ekioba-frontend-ccan-20260502/stdout_eb345ea876e24aa1abfa57a0a0dc53ac.
2026-05-04T06:22:53.5671031Z Opening named pipe /podr/container/pipe/940fc8456fd7_ekioba-frontend-ccan-20260502/stdout_eb345ea876e24aa1abfa57a0a0dc53ac for reading in non-blocking mode.
2026-05-04T06:22:53.5682620Z Successfully opened named pipe: /podr/container/pipe/940fc8456fd7_ekioba-frontend-ccan-20260502/stdout_eb345ea876e24aa1abfa57a0a0dc53ac.
2026-05-04T06:22:53.5749396Z Successfully removed non-blocking flag from /podr/container/pipe/940fc8456fd7_ekioba-frontend-ccan-20260502/stdout_eb345ea876e24aa1abfa57a0a0dc53ac.
2026-05-04T06:22:53.5759799Z Creating stderr named pipe at /podr/container/pipe/940fc8456fd7_ekioba-frontend-ccan-20260502/stderr_6d1e76db0a814917b343d52b632a5904.
2026-05-04T06:22:53.5843592Z Successfully created stderr named pipe at: /podr/container/pipe/940fc8456fd7_ekioba-frontend-ccan-20260502/stderr_6d1e76db0a814917b343d52b632a5904.
2026-05-04T06:22:53.5855423Z Opening named pipe /podr/container/pipe/940fc8456fd7_ekioba-frontend-ccan-20260502/stderr_6d1e76db0a814917b343d52b632a5904 for reading in non-blocking mode.
2026-05-04T06:22:53.5863199Z Successfully opened named pipe: /podr/container/pipe/940fc8456fd7_ekioba-frontend-ccan-20260502/stderr_6d1e76db0a814917b343d52b632a5904.
2026-05-04T06:22:53.5865524Z Successfully removed non-blocking flag from /podr/container/pipe/940fc8456fd7_ekioba-frontend-ccan-20260502/stderr_6d1e76db0a814917b343d52b632a5904.
2026-05-04T06:22:53.5867431Z Creating container with image: appsvc/python:3.12_20260203.2.tuxprod from registry: mcr.microsoft.com and fully qualified image name: mcr.microsoft.com/appsvc/python:3.12_20260203.2.tuxprod
2026-05-04T06:22:54.2384860Z Starting container: 940fc8456fd7_ekioba-frontend-ccan-20260502.
2026-05-04T06:22:54.3278110Z Starting watchers and probes.
2026-05-04T06:22:54.3350130Z Starting metrics collection.
2026-05-04T06:22:54.3353354Z Container is running.
2026-05-04T06:22:54.3367014Z State: Starting, Action: CreatingContainer, LastError: ContainerTimeout, LastErrorTimestamp: 05/04/2026 05:48:18, LastErrorDetails: Container did not start within expected time limit of 230s. Please inspect your container logs for more details., Details: Container ekioba-frontend-ccan-20260502 successfully created and is running., DetailsLevel: INFO
2026-05-04T06:22:54.9329027Z Container start method finished after 47346 ms.
2026-05-04T06:22:54.9355164Z State: Starting, Action: InitiatingSiteWarmUpProbe, LastError: ContainerTimeout, LastErrorTimestamp: 05/04/2026 05:48:18, LastErrorDetails: Container did not start within expected time limit of 230s. Please inspect your container logs for more details., Details: Container ekioba-frontend-ccan-20260502 successfully created and is running., DetailsLevel: INFO
2026-05-04T06:22:54.9356181Z State: Starting, Action: WaitingForSiteWarmUpProbeSuccess, LastError: ContainerTimeout, LastErrorTimestamp: 05/04/2026 05:48:18, LastErrorDetails: Container did not start within expected time limit of 230s. Please inspect your container logs for more details., Details: Pinging warmup path to ensure container is ready to receive requests., DetailsLevel: INFO
2026-05-04T06:23:22.5342535Z Container has finished running with exit code: 127.
2026-05-04T06:23:22.5352144Z Container is terminating. Grace period: 5 seconds.
2026-05-04T06:23:22.5436863Z Stop and delete container. Retry count = 0
2026-05-04T06:23:22.5442166Z Stopping container: 940fc8456fd7_ekioba-frontend-ccan-20260502.
2026-05-04T06:23:22.6629913Z Deleting container: 940fc8456fd7_ekioba-frontend-ccan-20260502. Retry count = 0
2026-05-04T06:23:23.0242201Z Container spec TerminationMessagePolicy  path 
2026-05-04T06:23:23.0351376Z Container is terminated. Total time elapsed: 498 ms.
2026-05-04T06:23:23.0361527Z Site container: ekioba-frontend-ccan-20260502 terminated during site startup.
2026-05-04T06:23:23.0365933Z State: Stopping, Action: CancellingStartup, LastError: ContainerTimeout, LastErrorTimestamp: 05/04/2026 05:48:18, LastErrorDetails: Container did not start within expected time limit of 230s. Please inspect your container logs for more details., Details: Site container: ekioba-frontend-ccan-20260502 terminated during site startup. Cancelling site startup., DetailsLevel: ERR
2026-05-04T06:23:23.3989523Z Site startup probe failed after 28.453628 seconds.
2026-05-04T06:23:23.7418597Z State: Stopping, Action: CancellingStartup, LastError: ContainerTimeout, LastErrorTimestamp: 05/04/2026 06:23:23, LastErrorDetails: Container did not start within expected time limit of 230s. Please inspect your container logs for more details., Details: Site container: ekioba-frontend-ccan-20260502 terminated during site startup. Cancelling site startup., DetailsLevel: ERR
2026-05-04T06:23:23.7428218Z Failed to start site. Revert by stopping site.
2026-05-04T06:23:23.7428961Z State: Stopping, Action: StoppingSite, LastError: ContainerTimeout, LastErrorTimestamp: 05/04/2026 06:23:23, LastErrorDetails: Container did not start within expected time limit of 230s. Please inspect your container logs for more details., Details: Site container: ekioba-frontend-ccan-20260502 terminated during site startup. Cancelling site startup., DetailsLevel: ERR
2026-05-04T06:23:23.7491514Z State: Stopping, Action: StoppingSiteContainers, LastError: ContainerTimeout, LastErrorTimestamp: 05/04/2026 06:23:23, LastErrorDetails: Container did not start within expected time limit of 230s. Please inspect your container logs for more details., Details: Site container: ekioba-frontend-ccan-20260502 terminated during site startup. Cancelling site startup., DetailsLevel: ERR
2026-05-04T06:23:23.7491748Z Site: ekioba-frontend-ccan-20260502 stopped.
2026-05-04T06:23:23.7522930Z State: Stopping, Action: UnmountingVolumes, LastError: ContainerTimeout, LastErrorTimestamp: 05/04/2026 06:23:23, LastErrorDetails: Container did not start within expected time limit of 230s. Please inspect your container logs for more details., Details: Site container: ekioba-frontend-ccan-20260502 terminated during site startup. Cancelling site startup., DetailsLevel: ERR
2026-05-04T06:23:24.3109289Z State: Stopping, Action: StoppingSiteNetworks, LastError: ContainerTimeout, LastErrorTimestamp: 05/04/2026 06:23:23, LastErrorDetails: Container did not start within expected time limit of 230s. Please inspect your container logs for more details., Details: Site container: ekioba-frontend-ccan-20260502 terminated during site startup. Cancelling site startup., DetailsLevel: ERR
2026-05-04T06:23:24.5061706Z Site: ekioba-frontend-ccan-20260502 will be blocked for 4 minutes till 05/04/2026 06:27:24
2026-05-04T06:23:24.5064690Z State: Blocked, Action: StoppingSiteNetworks, LastError: ContainerTimeout, LastErrorTimestamp: 05/04/2026 06:23:23, LastErrorDetails: Container did not start within expected time limit of 230s. Please inspect your container logs for more details., Details: Site: ekioba-frontend-ccan-20260502 will be blocked for 4 minutes till 05/04/2026 06:27:24, DetailsLevel: WARN
2026-05-04T06:23:24.5078162Z State: Stopped, Action: None, LastError: ContainerTimeout, LastErrorTimestamp: 05/04/2026 06:23:23, LastErrorDetails: Container did not start within expected time limit of 230s. Please inspect your container logs for more details., Details: Site stopped at 05/04/2026 06:23:24 (UTC), DetailsLevel: WARN
2026-05-04T06:23:24.7237608Z State: Stopped, Action: None, LastError: ContainerTimeout, LastErrorTimestamp: 05/04/2026 06:23:23, LastErrorDetails: Container did not start within expected time limit of 230s. Please inspect your container logs for more details., Details: Site stopped at 05/04/2026 06:23:24 (UTC), DetailsLevel: WARN
2026-05-04T06:27:24.5064089Z Site: ekioba-frontend-ccan-20260502 is unblocked.
2026-05-04T06:57:07.3121086Z State: Starting, Action: EstablishingSiteNetworks, LastError: ContainerTimeout, LastErrorTimestamp: 05/04/2026 06:23:23, LastErrorDetails: Container did not start within expected time limit of 230s. Please inspect your container logs for more details., Details: Site stopped at 05/04/2026 06:23:24 (UTC), DetailsLevel: WARN
2026-05-04T06:57:09.6598235Z State: Starting, Action: StartingSiteContainers, LastError: ContainerTimeout, LastErrorTimestamp: 05/04/2026 06:23:23, LastErrorDetails: Container did not start within expected time limit of 230s. Please inspect your container logs for more details., Details: Site stopped at 05/04/2026 06:23:24 (UTC), DetailsLevel: WARN
2026-05-04T06:57:09.6600156Z Container start method called.
2026-05-04T06:57:09.6603525Z State: Starting, Action: PullingImage, LastError: ContainerTimeout, LastErrorTimestamp: 05/04/2026 06:23:23, LastErrorDetails: Container did not start within expected time limit of 230s. Please inspect your container logs for more details., Details: Pulling image mcr.microsoft.com/appsvc/python:3.12_20260203.2.tuxprod for ekioba-frontend-ccan-20260502., DetailsLevel: INFO
2026-05-04T06:57:09.6605563Z Establishing network.
2026-05-04T06:57:09.6607144Z Pulling image: appsvc/python:3.12_20260203.2.tuxprod.
2026-05-04T06:57:54.0085074Z Container is starting.
2026-05-04T06:57:54.0255365Z State: Starting, Action: MountingVolumes, LastError: ContainerTimeout, LastErrorTimestamp: 05/04/2026 06:23:23, LastErrorDetails: Container did not start within expected time limit of 230s. Please inspect your container logs for more details., Details: Mounting volumes for ekioba-frontend-ccan-20260502., DetailsLevel: INFO
2026-05-04T06:57:54.0280816Z Establishing user namespace if not established already.
2026-05-04T06:57:54.0284874Z Establishing network if not established already.
2026-05-04T06:57:54.0287714Z Mounting volumes.
2026-05-04T06:57:54.0290264Z Nested mountpoint 
2026-05-04T06:57:54.1240360Z Nested mountpoint volatile/logs
2026-05-04T06:57:54.1563040Z Nested mountpoint 
2026-05-04T06:57:54.1734879Z Nested mountpoint 
2026-05-04T06:57:54.1856200Z Nested mountpoint 
2026-05-04T06:57:54.8143886Z State: Starting, Action: CreatingContainer, LastError: ContainerTimeout, LastErrorTimestamp: 05/04/2026 06:23:23, LastErrorDetails: Container did not start within expected time limit of 230s. Please inspect your container logs for more details., Details: Finished pulling container image and mounting volumes for ekioba-frontend-ccan-20260502. Allocatinng the rest of the container resources to finish container creation., DetailsLevel: INFO
2026-05-04T06:57:54.8148499Z Creating container.
2026-05-04T06:57:54.8152857Z Creating pipes for streaming container io.
2026-05-04T06:57:54.8158713Z Creating stdout named pipe at /podr/container/pipe/df446f3e725d_ekioba-frontend-ccan-20260502/stdout_1ad8cd67b563430db4ac0ed9a89301df.
2026-05-04T06:57:54.8169570Z Successfully created stdout named pipe at: /podr/container/pipe/df446f3e725d_ekioba-frontend-ccan-20260502/stdout_1ad8cd67b563430db4ac0ed9a89301df.
2026-05-04T06:57:54.8177277Z Opening named pipe /podr/container/pipe/df446f3e725d_ekioba-frontend-ccan-20260502/stdout_1ad8cd67b563430db4ac0ed9a89301df for reading in non-blocking mode.
2026-05-04T06:57:54.8335749Z Successfully opened named pipe: /podr/container/pipe/df446f3e725d_ekioba-frontend-ccan-20260502/stdout_1ad8cd67b563430db4ac0ed9a89301df.
2026-05-04T06:57:54.8344148Z Successfully removed non-blocking flag from /podr/container/pipe/df446f3e725d_ekioba-frontend-ccan-20260502/stdout_1ad8cd67b563430db4ac0ed9a89301df.
2026-05-04T06:57:54.8360083Z Creating stderr named pipe at /podr/container/pipe/df446f3e725d_ekioba-frontend-ccan-20260502/stderr_0ae7e9abd7db4ab78e9eba16b302dbdb.
2026-05-04T06:57:54.8364136Z Successfully created stderr named pipe at: /podr/container/pipe/df446f3e725d_ekioba-frontend-ccan-20260502/stderr_0ae7e9abd7db4ab78e9eba16b302dbdb.
2026-05-04T06:57:54.8447729Z Opening named pipe /podr/container/pipe/df446f3e725d_ekioba-frontend-ccan-20260502/stderr_0ae7e9abd7db4ab78e9eba16b302dbdb for reading in non-blocking mode.
2026-05-04T06:57:54.8461480Z Successfully opened named pipe: /podr/container/pipe/df446f3e725d_ekioba-frontend-ccan-20260502/stderr_0ae7e9abd7db4ab78e9eba16b302dbdb.
2026-05-04T06:57:54.8464356Z Successfully removed non-blocking flag from /podr/container/pipe/df446f3e725d_ekioba-frontend-ccan-20260502/stderr_0ae7e9abd7db4ab78e9eba16b302dbdb.
2026-05-04T06:57:54.8544682Z Creating container with image: appsvc/python:3.12_20260203.2.tuxprod from registry: mcr.microsoft.com and fully qualified image name: mcr.microsoft.com/appsvc/python:3.12_20260203.2.tuxprod
2026-05-04T06:57:55.5612219Z Starting container: df446f3e725d_ekioba-frontend-ccan-20260502.
2026-05-04T06:57:55.6579116Z Starting watchers and probes.
2026-05-04T06:57:55.6652395Z Starting metrics collection.
2026-05-04T06:57:55.6659922Z Container is running.
2026-05-04T06:57:55.6662268Z State: Starting, Action: CreatingContainer, LastError: ContainerTimeout, LastErrorTimestamp: 05/04/2026 06:23:23, LastErrorDetails: Container did not start within expected time limit of 230s. Please inspect your container logs for more details., Details: Container ekioba-frontend-ccan-20260502 successfully created and is running., DetailsLevel: INFO
2026-05-04T06:57:55.8257292Z Container start method finished after 46163 ms.
2026-05-04T06:57:55.8561560Z State: Starting, Action: InitiatingSiteWarmUpProbe, LastError: ContainerTimeout, LastErrorTimestamp: 05/04/2026 06:23:23, LastErrorDetails: Container did not start within expected time limit of 230s. Please inspect your container logs for more details., Details: Container ekioba-frontend-ccan-20260502 successfully created and is running., DetailsLevel: INFO
2026-05-04T06:57:55.8648131Z State: Starting, Action: WaitingForSiteWarmUpProbeSuccess, LastError: ContainerTimeout, LastErrorTimestamp: 05/04/2026 06:23:23, LastErrorDetails: Container did not start within expected time limit of 230s. Please inspect your container logs for more details., Details: Pinging warmup path to ensure container is ready to receive requests., DetailsLevel: INFO
2026-05-04T06:58:26.3243686Z Container has finished running with exit code: 127.
2026-05-04T06:58:26.3248221Z Container is terminating. Grace period: 5 seconds.
2026-05-04T06:58:26.3319766Z Stop and delete container. Retry count = 0
2026-05-04T06:58:26.3327558Z Stopping container: df446f3e725d_ekioba-frontend-ccan-20260502.
2026-05-04T06:58:26.3936731Z Deleting container: df446f3e725d_ekioba-frontend-ccan-20260502. Retry count = 0
2026-05-04T06:58:26.7105707Z Container spec TerminationMessagePolicy  path 
2026-05-04T06:58:26.7193359Z Container is terminated. Total time elapsed: 385 ms.
2026-05-04T06:58:26.7201603Z Site container: ekioba-frontend-ccan-20260502 terminated during site startup.
2026-05-04T06:58:26.7213434Z State: Stopping, Action: CancellingStartup, LastError: ContainerTimeout, LastErrorTimestamp: 05/04/2026 06:23:23, LastErrorDetails: Container did not start within expected time limit of 230s. Please inspect your container logs for more details., Details: Site container: ekioba-frontend-ccan-20260502 terminated during site startup. Cancelling site startup., DetailsLevel: ERR
2026-05-04T06:58:26.8365616Z Site startup probe failed after 30.9455568 seconds.
2026-05-04T06:58:27.3889541Z State: Stopping, Action: CancellingStartup, LastError: ContainerTimeout, LastErrorTimestamp: 05/04/2026 06:58:27, LastErrorDetails: Container did not start within expected time limit of 230s. Please inspect your container logs for more details., Details: Site container: ekioba-frontend-ccan-20260502 terminated during site startup. Cancelling site startup., DetailsLevel: ERR
2026-05-04T06:58:27.3982862Z Failed to start site. Revert by stopping site.
2026-05-04T06:58:27.3987660Z State: Stopping, Action: StoppingSite, LastError: ContainerTimeout, LastErrorTimestamp: 05/04/2026 06:58:27, LastErrorDetails: Container did not start within expected time limit of 230s. Please inspect your container logs for more details., Details: Site container: ekioba-frontend-ccan-20260502 terminated during site startup. Cancelling site startup., DetailsLevel: ERR
2026-05-04T06:58:27.3994052Z State: Stopping, Action: StoppingSiteContainers, LastError: ContainerTimeout, LastErrorTimestamp: 05/04/2026 06:58:27, LastErrorDetails: Container did not start within expected time limit of 230s. Please inspect your container logs for more details., Details: Site container: ekioba-frontend-ccan-20260502 terminated during site startup. Cancelling site startup., DetailsLevel: ERR
2026-05-04T06:58:27.3994207Z Site: ekioba-frontend-ccan-20260502 stopped.
2026-05-04T06:58:27.4089254Z State: Stopping, Action: UnmountingVolumes, LastError: ContainerTimeout, LastErrorTimestamp: 05/04/2026 06:58:27, LastErrorDetails: Container did not start within expected time limit of 230s. Please inspect your container logs for more details., Details: Site container: ekioba-frontend-ccan-20260502 terminated during site startup. Cancelling site startup., DetailsLevel: ERR
2026-05-04T06:58:27.9510594Z State: Stopping, Action: StoppingSiteNetworks, LastError: ContainerTimeout, LastErrorTimestamp: 05/04/2026 06:58:27, LastErrorDetails: Container did not start within expected time limit of 230s. Please inspect your container logs for more details., Details: Site container: ekioba-frontend-ccan-20260502 terminated during site startup. Cancelling site startup., DetailsLevel: ERR
2026-05-04T06:58:28.2932362Z Site: ekioba-frontend-ccan-20260502 will be blocked for 4 minutes till 05/04/2026 07:02:28
2026-05-04T06:58:28.2935424Z State: Blocked, Action: StoppingSiteNetworks, LastError: ContainerTimeout, LastErrorTimestamp: 05/04/2026 06:58:27, LastErrorDetails: Container did not start within expected time limit of 230s. Please inspect your container logs for more details., Details: Site: ekioba-frontend-ccan-20260502 will be blocked for 4 minutes till 05/04/2026 07:02:28, DetailsLevel: WARN
2026-05-04T06:58:28.2938387Z State: Stopped, Action: None, LastError: ContainerTimeout, LastErrorTimestamp: 05/04/2026 06:58:27, LastErrorDetails: Container did not start within expected time limit of 230s. Please inspect your container logs for more details., Details: Site stopped at 05/04/2026 06:58:28 (UTC), DetailsLevel: WARN
2026-05-04T06:58:28.5138756Z State: Stopped, Action: None, LastError: ContainerTimeout, LastErrorTimestamp: 05/04/2026 06:58:27, LastErrorDetails: Container did not start within expected time limit of 230s. Please inspect your container logs for more details., Details: Site stopped at 05/04/2026 06:58:28 (UTC), DetailsLevel: WARN
2026-05-04T07:02:28.3091645Z Site: ekioba-frontend-ccan-20260502 is unblocked.
2026-05-04T07:32:08.7452003Z State: Starting, Action: EstablishingSiteNetworks, LastError: ContainerTimeout, LastErrorTimestamp: 05/04/2026 06:58:27, LastErrorDetails: Container did not start within expected time limit of 230s. Please inspect your container logs for more details., Details: Site stopped at 05/04/2026 06:58:28 (UTC), DetailsLevel: WARN
2026-05-04T07:32:10.9600919Z State: Starting, Action: StartingSiteContainers, LastError: ContainerTimeout, LastErrorTimestamp: 05/04/2026 06:58:27, LastErrorDetails: Container did not start within expected time limit of 230s. Please inspect your container logs for more details., Details: Site stopped at 05/04/2026 06:58:28 (UTC), DetailsLevel: WARN
2026-05-04T07:32:10.9631575Z Container start method called.
2026-05-04T07:32:10.9692324Z State: Starting, Action: PullingImage, LastError: ContainerTimeout, LastErrorTimestamp: 05/04/2026 06:58:27, LastErrorDetails: Container did not start within expected time limit of 230s. Please inspect your container logs for more details., Details: Pulling image mcr.microsoft.com/appsvc/python:3.12_20260203.2.tuxprod for ekioba-frontend-ccan-20260502., DetailsLevel: INFO
2026-05-04T07:32:10.9695722Z Establishing network.
2026-05-04T07:32:10.9697069Z Pulling image: appsvc/python:3.12_20260203.2.tuxprod.
2026-05-04T07:32:56.9239288Z Container is starting.
2026-05-04T07:32:56.9272466Z State: Starting, Action: MountingVolumes, LastError: ContainerTimeout, LastErrorTimestamp: 05/04/2026 06:58:27, LastErrorDetails: Container did not start within expected time limit of 230s. Please inspect your container logs for more details., Details: Mounting volumes for ekioba-frontend-ccan-20260502., DetailsLevel: INFO
2026-05-04T07:32:56.9274315Z Establishing user namespace if not established already.
2026-05-04T07:32:56.9279210Z Establishing network if not established already.
2026-05-04T07:32:56.9280927Z Mounting volumes.
2026-05-04T07:32:56.9292017Z Nested mountpoint 
2026-05-04T07:32:56.9803063Z Nested mountpoint volatile/logs
2026-05-04T07:32:57.0271439Z Nested mountpoint 
2026-05-04T07:32:57.0301811Z Nested mountpoint 
2026-05-04T07:32:57.0497991Z Nested mountpoint 
2026-05-04T07:32:57.5141925Z State: Starting, Action: CreatingContainer, LastError: ContainerTimeout, LastErrorTimestamp: 05/04/2026 06:58:27, LastErrorDetails: Container did not start within expected time limit of 230s. Please inspect your container logs for more details., Details: Finished pulling container image and mounting volumes for ekioba-frontend-ccan-20260502. Allocatinng the rest of the container resources to finish container creation., DetailsLevel: INFO
2026-05-04T07:32:57.5153595Z Creating container.
2026-05-04T07:32:57.5164161Z Creating pipes for streaming container io.
2026-05-04T07:32:57.5168508Z Creating stdout named pipe at /podr/container/pipe/dff9221bef87_ekioba-frontend-ccan-20260502/stdout_8ecc89e8d23e45a38ce9f4f3ca09910f.
2026-05-04T07:32:57.5429958Z Successfully created stdout named pipe at: /podr/container/pipe/dff9221bef87_ekioba-frontend-ccan-20260502/stdout_8ecc89e8d23e45a38ce9f4f3ca09910f.
2026-05-04T07:32:57.5433345Z Opening named pipe /podr/container/pipe/dff9221bef87_ekioba-frontend-ccan-20260502/stdout_8ecc89e8d23e45a38ce9f4f3ca09910f for reading in non-blocking mode.
2026-05-04T07:32:57.5435140Z Successfully opened named pipe: /podr/container/pipe/dff9221bef87_ekioba-frontend-ccan-20260502/stdout_8ecc89e8d23e45a38ce9f4f3ca09910f.
2026-05-04T07:32:57.5436123Z Successfully removed non-blocking flag from /podr/container/pipe/dff9221bef87_ekioba-frontend-ccan-20260502/stdout_8ecc89e8d23e45a38ce9f4f3ca09910f.
2026-05-04T07:32:57.5445624Z Creating stderr named pipe at /podr/container/pipe/dff9221bef87_ekioba-frontend-ccan-20260502/stderr_871feef248a94135a5b6144c426ae28b.
2026-05-04T07:32:57.5447892Z Successfully created stderr named pipe at: /podr/container/pipe/dff9221bef87_ekioba-frontend-ccan-20260502/stderr_871feef248a94135a5b6144c426ae28b.
2026-05-04T07:32:57.5458700Z Opening named pipe /podr/container/pipe/dff9221bef87_ekioba-frontend-ccan-20260502/stderr_871feef248a94135a5b6144c426ae28b for reading in non-blocking mode.
2026-05-04T07:32:57.5542706Z Successfully opened named pipe: /podr/container/pipe/dff9221bef87_ekioba-frontend-ccan-20260502/stderr_871feef248a94135a5b6144c426ae28b.
2026-05-04T07:32:57.5544239Z Successfully removed non-blocking flag from /podr/container/pipe/dff9221bef87_ekioba-frontend-ccan-20260502/stderr_871feef248a94135a5b6144c426ae28b.
2026-05-04T07:32:57.5545858Z Creating container with image: appsvc/python:3.12_20260203.2.tuxprod from registry: mcr.microsoft.com and fully qualified image name: mcr.microsoft.com/appsvc/python:3.12_20260203.2.tuxprod
2026-05-04T07:32:58.1933306Z Starting container: dff9221bef87_ekioba-frontend-ccan-20260502.
2026-05-04T07:32:58.2710646Z Starting watchers and probes.
2026-05-04T07:32:58.2712813Z Starting metrics collection.
2026-05-04T07:32:58.2784491Z Container is running.
2026-05-04T07:32:58.2790375Z State: Starting, Action: CreatingContainer, LastError: ContainerTimeout, LastErrorTimestamp: 05/04/2026 06:58:27, LastErrorDetails: Container did not start within expected time limit of 230s. Please inspect your container logs for more details., Details: Container ekioba-frontend-ccan-20260502 successfully created and is running., DetailsLevel: INFO
2026-05-04T07:32:58.3935200Z Container start method finished after 47421 ms.
2026-05-04T07:32:58.3937319Z State: Starting, Action: InitiatingSiteWarmUpProbe, LastError: ContainerTimeout, LastErrorTimestamp: 05/04/2026 06:58:27, LastErrorDetails: Container did not start within expected time limit of 230s. Please inspect your container logs for more details., Details: Container ekioba-frontend-ccan-20260502 successfully created and is running., DetailsLevel: INFO
2026-05-04T07:32:58.3937612Z State: Starting, Action: WaitingForSiteWarmUpProbeSuccess, LastError: ContainerTimeout, LastErrorTimestamp: 05/04/2026 06:58:27, LastErrorDetails: Container did not start within expected time limit of 230s. Please inspect your container logs for more details., Details: Pinging warmup path to ensure container is ready to receive requests., DetailsLevel: INFO
2026-05-04T07:33:22.3413341Z Container has finished running with exit code: 127.
2026-05-04T07:33:22.3419370Z Container is terminating. Grace period: 5 seconds.
2026-05-04T07:33:22.3495284Z Stop and delete container. Retry count = 0
2026-05-04T07:33:22.3501357Z Stopping container: dff9221bef87_ekioba-frontend-ccan-20260502.
2026-05-04T07:33:22.4785085Z Deleting container: dff9221bef87_ekioba-frontend-ccan-20260502. Retry count = 0
2026-05-04T07:33:22.7849299Z Container spec TerminationMessagePolicy  path 
2026-05-04T07:33:22.7866626Z Container is terminated. Total time elapsed: 444 ms.
2026-05-04T07:33:22.7871790Z Site container: ekioba-frontend-ccan-20260502 terminated during site startup.
2026-05-04T07:33:22.7874580Z State: Stopping, Action: CancellingStartup, LastError: ContainerTimeout, LastErrorTimestamp: 05/04/2026 06:58:27, LastErrorDetails: Container did not start within expected time limit of 230s. Please inspect your container logs for more details., Details: Site container: ekioba-frontend-ccan-20260502 terminated during site startup. Cancelling site startup., DetailsLevel: ERR
2026-05-04T07:33:23.3149479Z Site startup probe failed after 24.8738756 seconds.
2026-05-04T07:33:23.7806644Z State: Stopping, Action: CancellingStartup, LastError: ContainerTimeout, LastErrorTimestamp: 05/04/2026 07:33:23, LastErrorDetails: Container did not start within expected time limit of 230s. Please inspect your container logs for more details., Details: Site container: ekioba-frontend-ccan-20260502 terminated during site startup. Cancelling site startup., DetailsLevel: ERR
2026-05-04T07:33:23.7892186Z Failed to start site. Revert by stopping site.
2026-05-04T07:33:23.7893064Z State: Stopping, Action: StoppingSite, LastError: ContainerTimeout, LastErrorTimestamp: 05/04/2026 07:33:23, LastErrorDetails: Container did not start within expected time limit of 230s. Please inspect your container logs for more details., Details: Site container: ekioba-frontend-ccan-20260502 terminated during site startup. Cancelling site startup., DetailsLevel: ERR
2026-05-04T07:33:23.7894811Z State: Stopping, Action: StoppingSiteContainers, LastError: ContainerTimeout, LastErrorTimestamp: 05/04/2026 07:33:23, LastErrorDetails: Container did not start within expected time limit of 230s. Please inspect your container logs for more details., Details: Site container: ekioba-frontend-ccan-20260502 terminated during site startup. Cancelling site startup., DetailsLevel: ERR
2026-05-04T07:33:23.7894957Z Site: ekioba-frontend-ccan-20260502 stopped.
2026-05-04T07:33:23.7989825Z State: Stopping, Action: UnmountingVolumes, LastError: ContainerTimeout, LastErrorTimestamp: 05/04/2026 07:33:23, LastErrorDetails: Container did not start within expected time limit of 230s. Please inspect your container logs for more details., Details: Site container: ekioba-frontend-ccan-20260502 terminated during site startup. Cancelling site startup., DetailsLevel: ERR
2026-05-04T07:33:24.2274337Z State: Stopping, Action: StoppingSiteNetworks, LastError: ContainerTimeout, LastErrorTimestamp: 05/04/2026 07:33:23, LastErrorDetails: Container did not start within expected time limit of 230s. Please inspect your container logs for more details., Details: Site container: ekioba-frontend-ccan-20260502 terminated during site startup. Cancelling site startup., DetailsLevel: ERR
2026-05-04T07:33:24.4832334Z Site: ekioba-frontend-ccan-20260502 will be blocked for 4 minutes till 05/04/2026 07:37:24
2026-05-04T07:33:24.4859630Z State: Blocked, Action: StoppingSiteNetworks, LastError: ContainerTimeout, LastErrorTimestamp: 05/04/2026 07:33:23, LastErrorDetails: Container did not start within expected time limit of 230s. Please inspect your container logs for more details., Details: Site: ekioba-frontend-ccan-20260502 will be blocked for 4 minutes till 05/04/2026 07:37:24, DetailsLevel: WARN
2026-05-04T07:33:24.4936657Z State: Stopped, Action: None, LastError: ContainerTimeout, LastErrorTimestamp: 05/04/2026 07:33:23, LastErrorDetails: Container did not start within expected time limit of 230s. Please inspect your container logs for more details., Details: Site stopped at 05/04/2026 07:33:24 (UTC), DetailsLevel: WARN
2026-05-04T07:33:24.6142224Z State: Stopped, Action: None, LastError: ContainerTimeout, LastErrorTimestamp: 05/04/2026 07:33:23, LastErrorDetails: Container did not start within expected time limit of 230s. Please inspect your container logs for more details., Details: Site stopped at 05/04/2026 07:33:24 (UTC), DetailsLevel: WARN
2026-05-04T07:37:24.4828200Z Site: ekioba-frontend-ccan-20260502 is unblocked.
2026-05-04T07:58:18.8119518Z State: Starting, Action: EstablishingSiteNetworks, LastError: ContainerTimeout, LastErrorTimestamp: 05/04/2026 07:33:23, LastErrorDetails: Container did not start within expected time limit of 230s. Please inspect your container logs for more details., Details: Site stopped at 05/04/2026 07:33:24 (UTC), DetailsLevel: WARN
2026-05-04T07:58:20.9960075Z State: Starting, Action: StartingSiteContainers, LastError: ContainerTimeout, LastErrorTimestamp: 05/04/2026 07:33:23, LastErrorDetails: Container did not start within expected time limit of 230s. Please inspect your container logs for more details., Details: Site stopped at 05/04/2026 07:33:24 (UTC), DetailsLevel: WARN
2026-05-04T07:58:20.9989732Z Container start method called.
2026-05-04T07:58:21.0075545Z State: Starting, Action: PullingImage, LastError: ContainerTimeout, LastErrorTimestamp: 05/04/2026 07:33:23, LastErrorDetails: Container did not start within expected time limit of 230s. Please inspect your container logs for more details., Details: Pulling image mcr.microsoft.com/appsvc/python:3.12_20260203.2.tuxprod for ekioba-frontend-ccan-20260502., DetailsLevel: INFO
2026-05-04T07:58:21.0089217Z Establishing network.
2026-05-04T07:58:21.0160749Z Pulling image: appsvc/python:3.12_20260203.2.tuxprod.
2026-05-04T07:59:05.1137719Z Container is starting.
2026-05-04T07:59:05.1218222Z State: Starting, Action: MountingVolumes, LastError: ContainerTimeout, LastErrorTimestamp: 05/04/2026 07:33:23, LastErrorDetails: Container did not start within expected time limit of 230s. Please inspect your container logs for more details., Details: Mounting volumes for ekioba-frontend-ccan-20260502., DetailsLevel: INFO
2026-05-04T07:59:05.1224518Z Establishing user namespace if not established already.
2026-05-04T07:59:05.1234521Z Establishing network if not established already.
2026-05-04T07:59:05.1298332Z Mounting volumes.
2026-05-04T07:59:05.1335058Z Nested mountpoint 
2026-05-04T07:59:05.2322238Z Nested mountpoint volatile/logs
2026-05-04T07:59:05.2612722Z Nested mountpoint 
2026-05-04T07:59:05.2823461Z Nested mountpoint 
2026-05-04T07:59:05.4511359Z Nested mountpoint 
2026-05-04T07:59:06.0171660Z State: Starting, Action: CreatingContainer, LastError: ContainerTimeout, LastErrorTimestamp: 05/04/2026 07:33:23, LastErrorDetails: Container did not start within expected time limit of 230s. Please inspect your container logs for more details., Details: Finished pulling container image and mounting volumes for ekioba-frontend-ccan-20260502. Allocatinng the rest of the container resources to finish container creation., DetailsLevel: INFO
2026-05-04T07:59:06.0177952Z Creating container.
2026-05-04T07:59:06.0179349Z Creating pipes for streaming container io.
2026-05-04T07:59:06.0183707Z Creating stdout named pipe at /podr/container/pipe/7e659cdc090d_ekioba-frontend-ccan-20260502/stdout_a5d9f9505c814207821475b9dd38f728.
2026-05-04T07:59:06.0262537Z Successfully created stdout named pipe at: /podr/container/pipe/7e659cdc090d_ekioba-frontend-ccan-20260502/stdout_a5d9f9505c814207821475b9dd38f728.
2026-05-04T07:59:06.0264392Z Opening named pipe /podr/container/pipe/7e659cdc090d_ekioba-frontend-ccan-20260502/stdout_a5d9f9505c814207821475b9dd38f728 for reading in non-blocking mode.
2026-05-04T07:59:06.0265747Z Successfully opened named pipe: /podr/container/pipe/7e659cdc090d_ekioba-frontend-ccan-20260502/stdout_a5d9f9505c814207821475b9dd38f728.
2026-05-04T07:59:06.0273140Z Successfully removed non-blocking flag from /podr/container/pipe/7e659cdc090d_ekioba-frontend-ccan-20260502/stdout_a5d9f9505c814207821475b9dd38f728.
2026-05-04T07:59:06.0445593Z Creating stderr named pipe at /podr/container/pipe/7e659cdc090d_ekioba-frontend-ccan-20260502/stderr_e29314011be448eda6f67802a5340f82.
2026-05-04T07:59:06.0460059Z Successfully created stderr named pipe at: /podr/container/pipe/7e659cdc090d_ekioba-frontend-ccan-20260502/stderr_e29314011be448eda6f67802a5340f82.
2026-05-04T07:59:06.0461895Z Opening named pipe /podr/container/pipe/7e659cdc090d_ekioba-frontend-ccan-20260502/stderr_e29314011be448eda6f67802a5340f82 for reading in non-blocking mode.
2026-05-04T07:59:06.0467179Z Successfully opened named pipe: /podr/container/pipe/7e659cdc090d_ekioba-frontend-ccan-20260502/stderr_e29314011be448eda6f67802a5340f82.
2026-05-04T07:59:06.0479163Z Successfully removed non-blocking flag from /podr/container/pipe/7e659cdc090d_ekioba-frontend-ccan-20260502/stderr_e29314011be448eda6f67802a5340f82.
2026-05-04T07:59:06.0561193Z Creating container with image: appsvc/python:3.12_20260203.2.tuxprod from registry: mcr.microsoft.com and fully qualified image name: mcr.microsoft.com/appsvc/python:3.12_20260203.2.tuxprod
2026-05-04T07:59:06.8917079Z Starting container: 7e659cdc090d_ekioba-frontend-ccan-20260502.
2026-05-04T07:59:06.9682119Z Starting watchers and probes.
2026-05-04T07:59:06.9767762Z Starting metrics collection.
2026-05-04T07:59:06.9788360Z Container is running.
2026-05-04T07:59:06.9983559Z State: Starting, Action: CreatingContainer, LastError: ContainerTimeout, LastErrorTimestamp: 05/04/2026 07:33:23, LastErrorDetails: Container did not start within expected time limit of 230s. Please inspect your container logs for more details., Details: Container ekioba-frontend-ccan-20260502 successfully created and is running., DetailsLevel: INFO
2026-05-04T07:59:07.3036342Z Container start method finished after 46304 ms.
2026-05-04T07:59:07.3121673Z State: Starting, Action: InitiatingSiteWarmUpProbe, LastError: ContainerTimeout, LastErrorTimestamp: 05/04/2026 07:33:23, LastErrorDetails: Container did not start within expected time limit of 230s. Please inspect your container logs for more details., Details: Container ekioba-frontend-ccan-20260502 successfully created and is running., DetailsLevel: INFO
2026-05-04T07:59:07.3123882Z State: Starting, Action: WaitingForSiteWarmUpProbeSuccess, LastError: ContainerTimeout, LastErrorTimestamp: 05/04/2026 07:33:23, LastErrorDetails: Container did not start within expected time limit of 230s. Please inspect your container logs for more details., Details: Pinging warmup path to ensure container is ready to receive requests., DetailsLevel: INFO
2026-05-04T07:59:32.5533851Z Container has finished running with exit code: 127.
2026-05-04T07:59:32.5545186Z Container is terminating. Grace period: 5 seconds.
2026-05-04T07:59:32.5735036Z Stop and delete container. Retry count = 0
2026-05-04T07:59:32.5736981Z Stopping container: 7e659cdc090d_ekioba-frontend-ccan-20260502.
2026-05-04T07:59:32.7017037Z Deleting container: 7e659cdc090d_ekioba-frontend-ccan-20260502. Retry count = 0
2026-05-04T07:59:33.0782421Z Container spec TerminationMessagePolicy  path 
2026-05-04T07:59:33.0870897Z Container is terminated. Total time elapsed: 531 ms.
2026-05-04T07:59:33.0875445Z Site container: ekioba-frontend-ccan-20260502 terminated during site startup.
2026-05-04T07:59:33.0952376Z State: Stopping, Action: CancellingStartup, LastError: ContainerTimeout, LastErrorTimestamp: 05/04/2026 07:33:23, LastErrorDetails: Container did not start within expected time limit of 230s. Please inspect your container logs for more details., Details: Site container: ekioba-frontend-ccan-20260502 terminated during site startup. Cancelling site startup., DetailsLevel: ERR
2026-05-04T07:59:33.6025196Z Site startup probe failed after 26.2496152 seconds.
2026-05-04T07:59:33.9875953Z State: Stopping, Action: CancellingStartup, LastError: ContainerTimeout, LastErrorTimestamp: 05/04/2026 07:59:33, LastErrorDetails: Container did not start within expected time limit of 230s. Please inspect your container logs for more details., Details: Site container: ekioba-frontend-ccan-20260502 terminated during site startup. Cancelling site startup., DetailsLevel: ERR
2026-05-04T07:59:34.0252919Z Failed to start site. Revert by stopping site.
2026-05-04T07:59:34.0378954Z State: Stopping, Action: StoppingSite, LastError: ContainerTimeout, LastErrorTimestamp: 05/04/2026 07:59:33, LastErrorDetails: Container did not start within expected time limit of 230s. Please inspect your container logs for more details., Details: Site container: ekioba-frontend-ccan-20260502 terminated during site startup. Cancelling site startup., DetailsLevel: ERR
2026-05-04T07:59:34.0458816Z State: Stopping, Action: StoppingSiteContainers, LastError: ContainerTimeout, LastErrorTimestamp: 05/04/2026 07:59:33, LastErrorDetails: Container did not start within expected time limit of 230s. Please inspect your container logs for more details., Details: Site container: ekioba-frontend-ccan-20260502 terminated during site startup. Cancelling site startup., DetailsLevel: ERR
2026-05-04T07:59:34.0459009Z Site: ekioba-frontend-ccan-20260502 stopped.
2026-05-04T07:59:34.0646582Z State: Stopping, Action: UnmountingVolumes, LastError: ContainerTimeout, LastErrorTimestamp: 05/04/2026 07:59:33, LastErrorDetails: Container did not start within expected time limit of 230s. Please inspect your container logs for more details., Details: Site container: ekioba-frontend-ccan-20260502 terminated during site startup. Cancelling site startup., DetailsLevel: ERR
2026-05-04T07:59:34.7350184Z State: Stopping, Action: StoppingSiteNetworks, LastError: ContainerTimeout, LastErrorTimestamp: 05/04/2026 07:59:33, LastErrorDetails: Container did not start within expected time limit of 230s. Please inspect your container logs for more details., Details: Site container: ekioba-frontend-ccan-20260502 terminated during site startup. Cancelling site startup., DetailsLevel: ERR
2026-05-04T07:59:34.9126965Z Site: ekioba-frontend-ccan-20260502 will be blocked for 4 minutes till 05/04/2026 08:03:34
2026-05-04T07:59:34.9213047Z State: Blocked, Action: StoppingSiteNetworks, LastError: ContainerTimeout, LastErrorTimestamp: 05/04/2026 07:59:33, LastErrorDetails: Container did not start within expected time limit of 230s. Please inspect your container logs for more details., Details: Site: ekioba-frontend-ccan-20260502 will be blocked for 4 minutes till 05/04/2026 08:03:34, DetailsLevel: WARN
2026-05-04T07:59:34.9227045Z State: Stopped, Action: None, LastError: ContainerTimeout, LastErrorTimestamp: 05/04/2026 07:59:33, LastErrorDetails: Container did not start within expected time limit of 230s. Please inspect your container logs for more details., Details: Site stopped at 05/04/2026 07:59:34 (UTC), DetailsLevel: WARN
2026-05-04T07:59:35.5077008Z State: Stopped, Action: None, LastError: ContainerTimeout, LastErrorTimestamp: 05/04/2026 07:59:33, LastErrorDetails: Container did not start within expected time limit of 230s. Please inspect your container logs for more details., Details: Site stopped at 05/04/2026 07:59:34 (UTC), DetailsLevel: WARN
2026-05-04T08:03:34.9153918Z Site: ekioba-frontend-ccan-20260502 is unblocked.
2026-05-04T08:32:12.5192939Z State: Starting, Action: EstablishingSiteNetworks, LastError: ContainerTimeout, LastErrorTimestamp: 05/04/2026 07:59:33, LastErrorDetails: Container did not start within expected time limit of 230s. Please inspect your container logs for more details., Details: Site stopped at 05/04/2026 07:59:34 (UTC), DetailsLevel: WARN
2026-05-04T08:32:15.3829291Z State: Starting, Action: StartingSiteContainers, LastError: ContainerTimeout, LastErrorTimestamp: 05/04/2026 07:59:33, LastErrorDetails: Container did not start within expected time limit of 230s. Please inspect your container logs for more details., Details: Site stopped at 05/04/2026 07:59:34 (UTC), DetailsLevel: WARN
2026-05-04T08:32:15.3909438Z Container start method called.
2026-05-04T08:32:15.3942614Z State: Starting, Action: PullingImage, LastError: ContainerTimeout, LastErrorTimestamp: 05/04/2026 07:59:33, LastErrorDetails: Container did not start within expected time limit of 230s. Please inspect your container logs for more details., Details: Pulling image mcr.microsoft.com/appsvc/python:3.12_20260203.2.tuxprod for ekioba-frontend-ccan-20260502., DetailsLevel: INFO
2026-05-04T08:32:15.4902481Z Establishing network.
2026-05-04T08:32:15.5287547Z Pulling image: appsvc/python:3.12_20260203.2.tuxprod.
2026-05-04T08:32:59.7458078Z Container is starting.
2026-05-04T08:32:59.7484460Z State: Starting, Action: MountingVolumes, LastError: ContainerTimeout, LastErrorTimestamp: 05/04/2026 07:59:33, LastErrorDetails: Container did not start within expected time limit of 230s. Please inspect your container logs for more details., Details: Mounting volumes for ekioba-frontend-ccan-20260502., DetailsLevel: INFO
2026-05-04T08:32:59.7538381Z Establishing user namespace if not established already.
2026-05-04T08:32:59.7542378Z Establishing network if not established already.
2026-05-04T08:32:59.7546983Z Mounting volumes.
2026-05-04T08:32:59.7633875Z Nested mountpoint 
2026-05-04T08:32:59.7953253Z Nested mountpoint volatile/logs
2026-05-04T08:32:59.8152981Z Nested mountpoint 
2026-05-04T08:32:59.8435092Z Nested mountpoint 
2026-05-04T08:32:59.8518277Z Nested mountpoint 
2026-05-04T08:33:00.4667124Z State: Starting, Action: CreatingContainer, LastError: ContainerTimeout, LastErrorTimestamp: 05/04/2026 07:59:33, LastErrorDetails: Container did not start within expected time limit of 230s. Please inspect your container logs for more details., Details: Finished pulling container image and mounting volumes for ekioba-frontend-ccan-20260502. Allocatinng the rest of the container resources to finish container creation., DetailsLevel: INFO
2026-05-04T08:33:00.4672327Z Creating container.
2026-05-04T08:33:00.4677863Z Creating pipes for streaming container io.
2026-05-04T08:33:00.4684678Z Creating stdout named pipe at /podr/container/pipe/e34e59703a87_ekioba-frontend-ccan-20260502/stdout_611d063d1ef64b6db6c823bd0fca983c.
2026-05-04T08:33:00.4859366Z Successfully created stdout named pipe at: /podr/container/pipe/e34e59703a87_ekioba-frontend-ccan-20260502/stdout_611d063d1ef64b6db6c823bd0fca983c.
2026-05-04T08:33:00.4878532Z Opening named pipe /podr/container/pipe/e34e59703a87_ekioba-frontend-ccan-20260502/stdout_611d063d1ef64b6db6c823bd0fca983c for reading in non-blocking mode.
2026-05-04T08:33:00.4949719Z Successfully opened named pipe: /podr/container/pipe/e34e59703a87_ekioba-frontend-ccan-20260502/stdout_611d063d1ef64b6db6c823bd0fca983c.
2026-05-04T08:33:00.4965195Z Successfully removed non-blocking flag from /podr/container/pipe/e34e59703a87_ekioba-frontend-ccan-20260502/stdout_611d063d1ef64b6db6c823bd0fca983c.
2026-05-04T08:33:00.5037447Z Creating stderr named pipe at /podr/container/pipe/e34e59703a87_ekioba-frontend-ccan-20260502/stderr_ffe975ae8b1a4ee1b5cebf53a0c1aa8c.
2026-05-04T08:33:00.5040377Z Successfully created stderr named pipe at: /podr/container/pipe/e34e59703a87_ekioba-frontend-ccan-20260502/stderr_ffe975ae8b1a4ee1b5cebf53a0c1aa8c.
2026-05-04T08:33:00.5041821Z Opening named pipe /podr/container/pipe/e34e59703a87_ekioba-frontend-ccan-20260502/stderr_ffe975ae8b1a4ee1b5cebf53a0c1aa8c for reading in non-blocking mode.
2026-05-04T08:33:00.5043505Z Successfully opened named pipe: /podr/container/pipe/e34e59703a87_ekioba-frontend-ccan-20260502/stderr_ffe975ae8b1a4ee1b5cebf53a0c1aa8c.
2026-05-04T08:33:00.5044497Z Successfully removed non-blocking flag from /podr/container/pipe/e34e59703a87_ekioba-frontend-ccan-20260502/stderr_ffe975ae8b1a4ee1b5cebf53a0c1aa8c.
2026-05-04T08:33:00.5142195Z Creating container with image: appsvc/python:3.12_20260203.2.tuxprod from registry: mcr.microsoft.com and fully qualified image name: mcr.microsoft.com/appsvc/python:3.12_20260203.2.tuxprod
2026-05-04T08:33:01.1161313Z Starting container: e34e59703a87_ekioba-frontend-ccan-20260502.
2026-05-04T08:33:01.2501675Z Starting watchers and probes.
2026-05-04T08:33:01.2603585Z Starting metrics collection.
2026-05-04T08:33:01.2705506Z Container is running.
2026-05-04T08:33:01.2713801Z State: Starting, Action: CreatingContainer, LastError: ContainerTimeout, LastErrorTimestamp: 05/04/2026 07:59:33, LastErrorDetails: Container did not start within expected time limit of 230s. Please inspect your container logs for more details., Details: Container ekioba-frontend-ccan-20260502 successfully created and is running., DetailsLevel: INFO
2026-05-04T08:33:01.9770296Z Container start method finished after 46564 ms.
2026-05-04T08:33:01.9944932Z State: Starting, Action: InitiatingSiteWarmUpProbe, LastError: ContainerTimeout, LastErrorTimestamp: 05/04/2026 07:59:33, LastErrorDetails: Container did not start within expected time limit of 230s. Please inspect your container logs for more details., Details: Container ekioba-frontend-ccan-20260502 successfully created and is running., DetailsLevel: INFO
2026-05-04T08:33:01.9946976Z State: Starting, Action: WaitingForSiteWarmUpProbeSuccess, LastError: ContainerTimeout, LastErrorTimestamp: 05/04/2026 07:59:33, LastErrorDetails: Container did not start within expected time limit of 230s. Please inspect your container logs for more details., Details: Pinging warmup path to ensure container is ready to receive requests., DetailsLevel: INFO
2026-05-04T08:33:28.5463435Z Container has finished running with exit code: 127.
2026-05-04T08:33:28.5638751Z Container is terminating. Grace period: 5 seconds.
2026-05-04T08:33:28.5752657Z Stop and delete container. Retry count = 0
2026-05-04T08:33:28.5760446Z Stopping container: e34e59703a87_ekioba-frontend-ccan-20260502.
2026-05-04T08:33:28.6748693Z Deleting container: e34e59703a87_ekioba-frontend-ccan-20260502. Retry count = 0
2026-05-04T08:33:28.9334278Z Container spec TerminationMessagePolicy  path 
2026-05-04T08:33:28.9439286Z Container is terminated. Total time elapsed: 377 ms.
2026-05-04T08:33:28.9532428Z Site container: ekioba-frontend-ccan-20260502 terminated during site startup.
2026-05-04T08:33:28.9709305Z State: Stopping, Action: CancellingStartup, LastError: ContainerTimeout, LastErrorTimestamp: 05/04/2026 07:59:33, LastErrorDetails: Container did not start within expected time limit of 230s. Please inspect your container logs for more details., Details: Site container: ekioba-frontend-ccan-20260502 terminated during site startup. Cancelling site startup., DetailsLevel: ERR
2026-05-04T08:33:29.5328323Z Site startup probe failed after 27.5285584 seconds.
2026-05-04T08:33:30.1063603Z State: Stopping, Action: CancellingStartup, LastError: ContainerTimeout, LastErrorTimestamp: 05/04/2026 08:33:30, LastErrorDetails: Container did not start within expected time limit of 230s. Please inspect your container logs for more details., Details: Site container: ekioba-frontend-ccan-20260502 terminated during site startup. Cancelling site startup., DetailsLevel: ERR
2026-05-04T08:33:30.1644272Z Failed to start site. Revert by stopping site.
2026-05-04T08:33:30.1906268Z State: Stopping, Action: StoppingSite, LastError: ContainerTimeout, LastErrorTimestamp: 05/04/2026 08:33:30, LastErrorDetails: Container did not start within expected time limit of 230s. Please inspect your container logs for more details., Details: Site container: ekioba-frontend-ccan-20260502 terminated during site startup. Cancelling site startup., DetailsLevel: ERR
2026-05-04T08:33:30.1920218Z State: Stopping, Action: StoppingSiteContainers, LastError: ContainerTimeout, LastErrorTimestamp: 05/04/2026 08:33:30, LastErrorDetails: Container did not start within expected time limit of 230s. Please inspect your container logs for more details., Details: Site container: ekioba-frontend-ccan-20260502 terminated during site startup. Cancelling site startup., DetailsLevel: ERR
2026-05-04T08:33:30.1920405Z Site: ekioba-frontend-ccan-20260502 stopped.
2026-05-04T08:59:29.2592334Z State: Starting, Action: EstablishingSiteNetworks, LastError: ContainerTimeout, LastErrorTimestamp: 05/04/2026 08:33:30, LastErrorDetails: Container did not start within expected time limit of 230s. Please inspect your container logs for more details., Details: Site is blocked due to multiple, consecutive cold start failures. Site scheduled to be unblocked at 05/04/2026 08:37:31, DetailsLevel: WARN
2026-05-04T08:59:31.6656806Z State: Starting, Action: StartingSiteContainers, LastError: ContainerTimeout, LastErrorTimestamp: 05/04/2026 08:33:30, LastErrorDetails: Container did not start within expected time limit of 230s. Please inspect your container logs for more details., Details: Site is blocked due to multiple, consecutive cold start failures. Site scheduled to be unblocked at 05/04/2026 08:37:31, DetailsLevel: WARN
2026-05-04T08:59:31.6726155Z Container start method called.
2026-05-04T08:59:31.6739798Z State: Starting, Action: PullingImage, LastError: ContainerTimeout, LastErrorTimestamp: 05/04/2026 08:33:30, LastErrorDetails: Container did not start within expected time limit of 230s. Please inspect your container logs for more details., Details: Pulling image 10.1.0.5:13209/appsvc/python:3.12_20260203.2.tuxprod for ekioba-frontend-ccan-20260502., DetailsLevel: INFO
2026-05-04T08:59:31.6755709Z Establishing network.
2026-05-04T08:59:31.6857447Z Pulling image: appsvc/python:3.12_20260203.2.tuxprod.
2026-05-04T09:00:13.7470981Z Container is starting.
2026-05-04T09:00:13.7557864Z State: Starting, Action: MountingVolumes, LastError: ContainerTimeout, LastErrorTimestamp: 05/04/2026 08:33:30, LastErrorDetails: Container did not start within expected time limit of 230s. Please inspect your container logs for more details., Details: Mounting volumes for ekioba-frontend-ccan-20260502., DetailsLevel: INFO
2026-05-04T09:00:13.7560110Z Establishing user namespace if not established already.
2026-05-04T09:00:13.7561959Z Establishing network if not established already.
2026-05-04T09:00:13.7564220Z Mounting volumes.
2026-05-04T09:00:13.7650514Z Nested mountpoint 
2026-05-04T09:00:13.8239540Z Nested mountpoint volatile/logs
2026-05-04T09:00:13.8449278Z Nested mountpoint 
2026-05-04T09:00:13.8865768Z Nested mountpoint 
2026-05-04T09:00:13.9031587Z Nested mountpoint 
2026-05-04T09:00:14.5371233Z State: Starting, Action: CreatingContainer, LastError: ContainerTimeout, LastErrorTimestamp: 05/04/2026 08:33:30, LastErrorDetails: Container did not start within expected time limit of 230s. Please inspect your container logs for more details., Details: Finished pulling container image and mounting volumes for ekioba-frontend-ccan-20260502. Allocatinng the rest of the container resources to finish container creation., DetailsLevel: INFO
2026-05-04T09:00:14.5373818Z Creating container.
2026-05-04T09:00:14.5463030Z Creating pipes for streaming container io.
2026-05-04T09:00:14.5556258Z Creating stdout named pipe at /podr/container/pipe/97853844e08c_ekioba-frontend-ccan-20260502/stdout_08fc492bb2724c9bb4f9fe110fa22f97.
2026-05-04T09:00:14.5652476Z Successfully created stdout named pipe at: /podr/container/pipe/97853844e08c_ekioba-frontend-ccan-20260502/stdout_08fc492bb2724c9bb4f9fe110fa22f97.
2026-05-04T09:00:14.5654288Z Opening named pipe /podr/container/pipe/97853844e08c_ekioba-frontend-ccan-20260502/stdout_08fc492bb2724c9bb4f9fe110fa22f97 for reading in non-blocking mode.
2026-05-04T09:00:14.5661782Z Successfully opened named pipe: /podr/container/pipe/97853844e08c_ekioba-frontend-ccan-20260502/stdout_08fc492bb2724c9bb4f9fe110fa22f97.
2026-05-04T09:00:14.5678977Z Successfully removed non-blocking flag from /podr/container/pipe/97853844e08c_ekioba-frontend-ccan-20260502/stdout_08fc492bb2724c9bb4f9fe110fa22f97.
2026-05-04T09:00:14.6172051Z Creating stderr named pipe at /podr/container/pipe/97853844e08c_ekioba-frontend-ccan-20260502/stderr_8c9f81eb46714e688566f15bb326fa61.
2026-05-04T09:00:14.6176606Z Successfully created stderr named pipe at: /podr/container/pipe/97853844e08c_ekioba-frontend-ccan-20260502/stderr_8c9f81eb46714e688566f15bb326fa61.
2026-05-04T09:00:14.6432558Z Opening named pipe /podr/container/pipe/97853844e08c_ekioba-frontend-ccan-20260502/stderr_8c9f81eb46714e688566f15bb326fa61 for reading in non-blocking mode.
2026-05-04T09:00:14.6435127Z Successfully opened named pipe: /podr/container/pipe/97853844e08c_ekioba-frontend-ccan-20260502/stderr_8c9f81eb46714e688566f15bb326fa61.
2026-05-04T09:00:14.6436641Z Successfully removed non-blocking flag from /podr/container/pipe/97853844e08c_ekioba-frontend-ccan-20260502/stderr_8c9f81eb46714e688566f15bb326fa61.
2026-05-04T09:00:14.6445979Z Creating container with image: appsvc/python:3.12_20260203.2.tuxprod from registry: mcr.microsoft.com and fully qualified image name: mcr.microsoft.com/appsvc/python:3.12_20260203.2.tuxprod
2026-05-04T09:00:15.7535024Z Starting container: 97853844e08c_ekioba-frontend-ccan-20260502.
2026-05-04T09:00:15.8353808Z Starting watchers and probes.
2026-05-04T09:00:15.8424362Z Starting metrics collection.
2026-05-04T09:00:15.8444770Z Container is running.
2026-05-04T09:00:15.8513632Z State: Starting, Action: CreatingContainer, LastError: ContainerTimeout, LastErrorTimestamp: 05/04/2026 08:33:30, LastErrorDetails: Container did not start within expected time limit of 230s. Please inspect your container logs for more details., Details: Container ekioba-frontend-ccan-20260502 successfully created and is running., DetailsLevel: INFO
2026-05-04T09:00:16.1363296Z Container start method finished after 44462 ms.
2026-05-04T09:00:16.1551433Z State: Starting, Action: InitiatingSiteWarmUpProbe, LastError: ContainerTimeout, LastErrorTimestamp: 05/04/2026 08:33:30, LastErrorDetails: Container did not start within expected time limit of 230s. Please inspect your container logs for more details., Details: Container ekioba-frontend-ccan-20260502 successfully created and is running., DetailsLevel: INFO
2026-05-04T09:00:16.1557908Z State: Starting, Action: WaitingForSiteWarmUpProbeSuccess, LastError: ContainerTimeout, LastErrorTimestamp: 05/04/2026 08:33:30, LastErrorDetails: Container did not start within expected time limit of 230s. Please inspect your container logs for more details., Details: Pinging warmup path to ensure container is ready to receive requests., DetailsLevel: INFO
2026-05-04T09:01:09.2770672Z Site startup probe succeeded after 53.0347251 seconds.
2026-05-04T09:01:09.6967150Z State: Starting, Action: WarmUpProbeSucceeded, LastError: ContainerTimeout, LastErrorTimestamp: 05/04/2026 08:33:30, LastErrorDetails: Container did not start within expected time limit of 230s. Please inspect your container logs for more details., Details: Site startup probe succeeded after 53.0347251 seconds., DetailsLevel: INFO
2026-05-04T09:01:10.5356352Z Site is running with deployment version: 7ad3af73-9f37-488f-a1cc-c247d35ed2f4
2026-05-04T09:01:10.5585482Z Site started.
2026-05-04T09:01:10.5592497Z State: Started, Action: None, LastError: ContainerTimeout, LastErrorTimestamp: 05/04/2026 08:33:30, LastErrorDetails: Container did not start within expected time limit of 230s. Please inspect your container logs for more details., Details: Site started at 05/04/2026 09:01:10 (UTC), DetailsLevel: INFO
2026-05-04T09:01:10.6466692Z Site is running with patch version PYTHON 3.12.12
2026-05-04T09:20:42.3841667Z State: Starting, Action: EstablishingSiteNetworks, LastError: , LastErrorTimestamp: 01/01/0001 00:00:00, LastErrorDetails: , Details: , DetailsLevel: INFO
2026-05-04T09:20:44.9692847Z State: Starting, Action: StartingSiteContainers, LastError: , LastErrorTimestamp: 01/01/0001 00:00:00, LastErrorDetails: , Details: , DetailsLevel: INFO
2026-05-04T09:20:44.9708479Z Container start method called.
2026-05-04T09:20:44.9755676Z State: Starting, Action: PullingImage, LastError: , LastErrorTimestamp: 01/01/0001 00:00:00, LastErrorDetails: , Details: Pulling image 10.1.0.5:13209/appsvc/python:3.12_20260203.2.tuxprod for ekioba-frontend-ccan-20260502., DetailsLevel: INFO
2026-05-04T09:20:44.9770645Z Establishing network.
2026-05-04T09:20:44.9774519Z Pulling image: appsvc/python:3.12_20260203.2.tuxprod.
2026-05-04T09:21:31.9205634Z Container is starting.
2026-05-04T09:21:31.9207043Z State: Starting, Action: MountingVolumes, LastError: , LastErrorTimestamp: 01/01/0001 00:00:00, LastErrorDetails: , Details: Mounting volumes for ekioba-frontend-ccan-20260502., DetailsLevel: INFO
2026-05-04T09:21:31.9208422Z Establishing user namespace if not established already.
2026-05-04T09:21:31.9209507Z Establishing network if not established already.
2026-05-04T09:21:31.9210681Z Mounting volumes.
2026-05-04T09:21:31.9312430Z Nested mountpoint 
2026-05-04T09:21:32.0109995Z Nested mountpoint volatile/logs
2026-05-04T09:21:32.0291415Z Nested mountpoint 
2026-05-04T09:21:32.0599804Z Nested mountpoint 
2026-05-04T09:21:32.0806349Z Nested mountpoint 
2026-05-04T09:21:32.7866520Z State: Starting, Action: CreatingContainer, LastError: , LastErrorTimestamp: 01/01/0001 00:00:00, LastErrorDetails: , Details: Finished pulling container image and mounting volumes for ekioba-frontend-ccan-20260502. Allocatinng the rest of the container resources to finish container creation., DetailsLevel: INFO
2026-05-04T09:21:32.7877374Z Creating container.
2026-05-04T09:21:32.7890373Z Creating pipes for streaming container io.
2026-05-04T09:21:32.7960214Z Creating stdout named pipe at /podr/container/pipe/be8a991521ba_ekioba-frontend-ccan-20260502/stdout_320626f6491441178fb6ec8a1830d62f.
2026-05-04T09:21:32.8060389Z Successfully created stdout named pipe at: /podr/container/pipe/be8a991521ba_ekioba-frontend-ccan-20260502/stdout_320626f6491441178fb6ec8a1830d62f.
2026-05-04T09:21:32.8068675Z Opening named pipe /podr/container/pipe/be8a991521ba_ekioba-frontend-ccan-20260502/stdout_320626f6491441178fb6ec8a1830d62f for reading in non-blocking mode.
2026-05-04T09:21:32.8081492Z Successfully opened named pipe: /podr/container/pipe/be8a991521ba_ekioba-frontend-ccan-20260502/stdout_320626f6491441178fb6ec8a1830d62f.
2026-05-04T09:21:32.8092347Z Successfully removed non-blocking flag from /podr/container/pipe/be8a991521ba_ekioba-frontend-ccan-20260502/stdout_320626f6491441178fb6ec8a1830d62f.
2026-05-04T09:21:32.8179772Z Creating stderr named pipe at /podr/container/pipe/be8a991521ba_ekioba-frontend-ccan-20260502/stderr_433018c6072d4057a3ce03c5b236312a.
2026-05-04T09:21:32.8251267Z Successfully created stderr named pipe at: /podr/container/pipe/be8a991521ba_ekioba-frontend-ccan-20260502/stderr_433018c6072d4057a3ce03c5b236312a.
2026-05-04T09:21:32.8260321Z Opening named pipe /podr/container/pipe/be8a991521ba_ekioba-frontend-ccan-20260502/stderr_433018c6072d4057a3ce03c5b236312a for reading in non-blocking mode.
2026-05-04T09:21:32.8273647Z Successfully opened named pipe: /podr/container/pipe/be8a991521ba_ekioba-frontend-ccan-20260502/stderr_433018c6072d4057a3ce03c5b236312a.
2026-05-04T09:21:32.8343599Z Successfully removed non-blocking flag from /podr/container/pipe/be8a991521ba_ekioba-frontend-ccan-20260502/stderr_433018c6072d4057a3ce03c5b236312a.
2026-05-04T09:21:32.8368850Z Creating container with image: appsvc/python:3.12_20260203.2.tuxprod from registry: mcr.microsoft.com and fully qualified image name: mcr.microsoft.com/appsvc/python:3.12_20260203.2.tuxprod
2026-05-04T09:21:33.5786965Z Starting container: be8a991521ba_ekioba-frontend-ccan-20260502.
2026-05-04T09:21:33.7149408Z Starting watchers and probes.
2026-05-04T09:21:33.7245589Z Starting metrics collection.
2026-05-04T09:21:33.7253841Z Container is running.
2026-05-04T09:21:33.7257722Z State: Starting, Action: CreatingContainer, LastError: , LastErrorTimestamp: 01/01/0001 00:00:00, LastErrorDetails: , Details: Container ekioba-frontend-ccan-20260502 successfully created and is running., DetailsLevel: INFO
2026-05-04T09:21:33.9793731Z Container start method finished after 49008 ms.
2026-05-04T09:21:33.9796237Z State: Starting, Action: InitiatingSiteWarmUpProbe, LastError: , LastErrorTimestamp: 01/01/0001 00:00:00, LastErrorDetails: , Details: Container ekioba-frontend-ccan-20260502 successfully created and is running., DetailsLevel: INFO
2026-05-04T09:21:34.0263988Z State: Starting, Action: WaitingForSiteWarmUpProbeSuccess, LastError: , LastErrorTimestamp: 01/01/0001 00:00:00, LastErrorDetails: , Details: Pinging warmup path to ensure container is ready to receive requests., DetailsLevel: INFO
2026-05-04T09:22:46.3750118Z Site startup probe succeeded after 72.2798834 seconds.
2026-05-04T09:22:46.5743949Z State: Starting, Action: WarmUpProbeSucceeded, LastError: , LastErrorTimestamp: 01/01/0001 00:00:00, LastErrorDetails: , Details: Site startup probe succeeded after 72.2798834 seconds., DetailsLevel: INFO
2026-05-04T09:22:47.1992480Z Site is running with deployment version: 1b837007-d157-43d8-9b41-1566340082d2
2026-05-04T09:22:47.2170035Z Site started.
2026-05-04T09:22:47.2187290Z State: Started, Action: None, LastError: , LastErrorTimestamp: 01/01/0001 00:00:00, LastErrorDetails: , Details: Site started at 05/04/2026 09:22:47 (UTC), DetailsLevel: INFO
2026-05-04T09:22:47.2366981Z Site is running with patch version PYTHON 3.12.12
2026-05-04T09:23:07.3410328Z State: Stopping, Action: StoppingSite, LastError: ContainerTimeout, LastErrorTimestamp: 05/04/2026 08:33:30, LastErrorDetails: Container did not start within expected time limit of 230s. Please inspect your container logs for more details., Details: Site started at 05/04/2026 09:01:10 (UTC), DetailsLevel: INFO
2026-05-04T09:23:07.3505949Z State: Stopping, Action: StoppingSiteContainers, LastError: ContainerTimeout, LastErrorTimestamp: 05/04/2026 08:33:30, LastErrorDetails: Container did not start within expected time limit of 230s. Please inspect your container logs for more details., Details: Site started at 05/04/2026 09:01:10 (UTC), DetailsLevel: INFO
2026-05-04T09:23:07.3562844Z Container is terminating. Grace period: 5 seconds.
2026-05-04T09:23:07.4152576Z Stop and delete container. Retry count = 0
2026-05-04T09:23:07.4153710Z Stopping container: 97853844e08c_ekioba-frontend-ccan-20260502.
2026-05-04T09:23:12.9684467Z Deleting container: 97853844e08c_ekioba-frontend-ccan-20260502. Retry count = 0
2026-05-04T09:23:14.2539378Z Container spec TerminationMessagePolicy  path 
2026-05-04T09:23:14.2615005Z Container is terminated. Total time elapsed: 6898 ms.
2026-05-04T09:23:14.2653971Z Site: ekioba-frontend-ccan-20260502 stopped.
2026-05-04T09:29:00.2303038Z State: Starting, Action: EstablishingSiteNetworks, LastError: , LastErrorTimestamp: 01/01/0001 00:00:00, LastErrorDetails: , Details: , DetailsLevel: INFO
2026-05-04T09:29:04.2087634Z State: Starting, Action: StartingSiteContainers, LastError: , LastErrorTimestamp: 01/01/0001 00:00:00, LastErrorDetails: , Details: , DetailsLevel: INFO
2026-05-04T09:29:04.2097903Z Container start method called.
2026-05-04T09:29:04.2105626Z State: Starting, Action: PullingImage, LastError: , LastErrorTimestamp: 01/01/0001 00:00:00, LastErrorDetails: , Details: Pulling image 10.1.0.4:13209/appsvc/python:3.12_20260203.2.tuxprod for ekioba-frontend-ccan-20260502., DetailsLevel: INFO
2026-05-04T09:29:04.2173793Z Establishing network.
2026-05-04T09:29:04.2175260Z Pulling image: appsvc/python:3.12_20260203.2.tuxprod.
2026-05-04T09:29:44.8114784Z Container pull image interrupted. Revert by terminate.
2026-05-04T09:29:44.8283002Z Container is terminating. Grace period: 5 seconds.
2026-05-04T09:29:44.8289155Z Container spec TerminationMessagePolicy  path 
2026-05-04T09:29:44.8499109Z Container is terminated. Total time elapsed: 19 ms.
2026-05-04T09:29:44.8501016Z Site container: ekioba-frontend-ccan-20260502 terminated during site startup.
2026-05-04T09:29:44.8591391Z State: Stopping, Action: CancellingStartup, LastError: , LastErrorTimestamp: 01/01/0001 00:00:00, LastErrorDetails: , Details: Site container: ekioba-frontend-ccan-20260502 terminated during site startup. Cancelling site startup., DetailsLevel: ERR
2026-05-04T09:29:44.8688973Z State: Stopping, Action: CancellingStartup, LastError: SiteStartupCancelled, LastErrorTimestamp: 05/04/2026 09:29:44, LastErrorDetails: , Details: Site container: ekioba-frontend-ccan-20260502 terminated during site startup. Cancelling site startup., DetailsLevel: WARN
2026-05-04T09:29:44.8932423Z State: Stopping, Action: StoppingSite, LastError: SiteStartupCancelled, LastErrorTimestamp: 05/04/2026 09:29:44, LastErrorDetails: , Details: Site container: ekioba-frontend-ccan-20260502 terminated during site startup. Cancelling site startup., DetailsLevel: WARN
2026-05-04T09:29:44.8943738Z State: Stopping, Action: StoppingSiteContainers, LastError: SiteStartupCancelled, LastErrorTimestamp: 05/04/2026 09:29:44, LastErrorDetails: , Details: Site container: ekioba-frontend-ccan-20260502 terminated during site startup. Cancelling site startup., DetailsLevel: WARN
2026-05-04T09:29:44.8944103Z Site: ekioba-frontend-ccan-20260502 stopped.
2026-05-04T09:29:47.3624149Z State: Starting, Action: EstablishingSiteNetworks, LastError: , LastErrorTimestamp: 01/01/0001 00:00:00, LastErrorDetails: , Details: , DetailsLevel: INFO
2026-05-04T09:29:51.3664981Z State: Starting, Action: StartingSiteContainers, LastError: , LastErrorTimestamp: 01/01/0001 00:00:00, LastErrorDetails: , Details: , DetailsLevel: INFO
2026-05-04T09:29:51.3669141Z Container start method called.
2026-05-04T09:29:51.3669856Z State: Starting, Action: PullingImage, LastError: , LastErrorTimestamp: 01/01/0001 00:00:00, LastErrorDetails: , Details: Pulling image 10.1.0.4:13209/appsvc/python:3.12_20260203.2.tuxprod for ekioba-frontend-ccan-20260502., DetailsLevel: INFO
2026-05-04T09:29:51.3671146Z Establishing network.
2026-05-04T09:29:51.3672433Z Pulling image: appsvc/python:3.12_20260203.2.tuxprod.
2026-05-04T09:30:25.1809620Z Container pull image interrupted. Revert by terminate.
2026-05-04T09:30:25.1906450Z Container is terminating. Grace period: 5 seconds.
2026-05-04T09:30:25.2191023Z Container spec TerminationMessagePolicy  path 
2026-05-04T09:30:25.2284005Z Container is terminated. Total time elapsed: 28 ms.
2026-05-04T09:30:25.2287269Z Site container: ekioba-frontend-ccan-20260502 terminated during site startup.
2026-05-04T09:30:25.2709743Z State: Stopping, Action: CancellingStartup, LastError: , LastErrorTimestamp: 01/01/0001 00:00:00, LastErrorDetails: , Details: Site container: ekioba-frontend-ccan-20260502 terminated during site startup. Cancelling site startup., DetailsLevel: ERR
2026-05-04T09:30:25.2791255Z State: Stopping, Action: CancellingStartup, LastError: SiteStartupCancelled, LastErrorTimestamp: 05/04/2026 09:30:25, LastErrorDetails: , Details: Site container: ekioba-frontend-ccan-20260502 terminated during site startup. Cancelling site startup., DetailsLevel: WARN
2026-05-04T09:30:25.3488058Z State: Stopping, Action: StoppingSite, LastError: SiteStartupCancelled, LastErrorTimestamp: 05/04/2026 09:30:25, LastErrorDetails: , Details: Site container: ekioba-frontend-ccan-20260502 terminated during site startup. Cancelling site startup., DetailsLevel: WARN
2026-05-04T09:30:25.3875635Z State: Stopping, Action: StoppingSiteContainers, LastError: SiteStartupCancelled, LastErrorTimestamp: 05/04/2026 09:30:25, LastErrorDetails: , Details: Site container: ekioba-frontend-ccan-20260502 terminated during site startup. Cancelling site startup., DetailsLevel: WARN
2026-05-04T09:30:25.3876177Z Site: ekioba-frontend-ccan-20260502 stopped.
2026-05-04T09:30:27.7911006Z State: Starting, Action: EstablishingSiteNetworks, LastError: , LastErrorTimestamp: 01/01/0001 00:00:00, LastErrorDetails: , Details: , DetailsLevel: INFO
2026-05-04T09:30:31.3540451Z State: Starting, Action: StartingSiteContainers, LastError: , LastErrorTimestamp: 01/01/0001 00:00:00, LastErrorDetails: , Details: , DetailsLevel: INFO
2026-05-04T09:30:31.3541608Z Container start method called.
2026-05-04T09:30:31.3542019Z State: Starting, Action: PullingImage, LastError: , LastErrorTimestamp: 01/01/0001 00:00:00, LastErrorDetails: , Details: Pulling image 10.1.0.5:13209/appsvc/python:3.12_20260203.2.tuxprod for ekioba-frontend-ccan-20260502., DetailsLevel: INFO
2026-05-04T09:30:31.3543107Z Establishing network.
2026-05-04T09:30:31.3544101Z Pulling image: appsvc/python:3.12_20260203.2.tuxprod.
2026-05-04T09:30:44.7869897Z Container pull image interrupted. Revert by terminate.
2026-05-04T09:30:44.7871712Z Container is terminating. Grace period: 5 seconds.
2026-05-04T09:30:44.7873537Z Container spec TerminationMessagePolicy  path 
2026-05-04T09:30:44.7878093Z Container is terminated. Total time elapsed: 0 ms.
2026-05-04T09:30:44.7972069Z Site container: ekioba-frontend-ccan-20260502 terminated during site startup.
2026-05-04T09:30:44.7973922Z State: Stopping, Action: CancellingStartup, LastError: , LastErrorTimestamp: 01/01/0001 00:00:00, LastErrorDetails: , Details: Site container: ekioba-frontend-ccan-20260502 terminated during site startup. Cancelling site startup., DetailsLevel: ERR
2026-05-04T09:30:44.8153452Z State: Stopping, Action: CancellingStartup, LastError: SiteStartupCancelled, LastErrorTimestamp: 05/04/2026 09:30:44, LastErrorDetails: , Details: Site container: ekioba-frontend-ccan-20260502 terminated during site startup. Cancelling site startup., DetailsLevel: WARN
2026-05-04T09:30:44.8336265Z State: Stopping, Action: StoppingSite, LastError: SiteStartupCancelled, LastErrorTimestamp: 05/04/2026 09:30:44, LastErrorDetails: , Details: Site container: ekioba-frontend-ccan-20260502 terminated during site startup. Cancelling site startup., DetailsLevel: WARN
2026-05-04T09:30:44.8338540Z State: Stopping, Action: StoppingSiteContainers, LastError: SiteStartupCancelled, LastErrorTimestamp: 05/04/2026 09:30:44, LastErrorDetails: , Details: Site container: ekioba-frontend-ccan-20260502 terminated during site startup. Cancelling site startup., DetailsLevel: WARN
2026-05-04T09:30:44.8338674Z Site: ekioba-frontend-ccan-20260502 stopped.
2026-05-04T09:30:46.1356569Z State: Starting, Action: EstablishingSiteNetworks, LastError: , LastErrorTimestamp: 01/01/0001 00:00:00, LastErrorDetails: , Details: , DetailsLevel: INFO
2026-05-04T09:30:48.3075288Z State: Starting, Action: StartingSiteContainers, LastError: , LastErrorTimestamp: 01/01/0001 00:00:00, LastErrorDetails: , Details: , DetailsLevel: INFO
2026-05-04T09:30:48.3080331Z Container start method called.
2026-05-04T09:30:48.3082958Z State: Starting, Action: PullingImage, LastError: , LastErrorTimestamp: 01/01/0001 00:00:00, LastErrorDetails: , Details: Pulling image 10.1.0.4:13209/appsvc/python:3.12_20260203.2.tuxprod for ekioba-frontend-ccan-20260502., DetailsLevel: INFO
2026-05-04T09:30:48.3086937Z Establishing network.
2026-05-04T09:30:48.3090570Z Pulling image: appsvc/python:3.12_20260203.2.tuxprod.
2026-05-04T09:31:33.8299341Z Container is starting.
2026-05-04T09:31:33.8307959Z State: Starting, Action: MountingVolumes, LastError: , LastErrorTimestamp: 01/01/0001 00:00:00, LastErrorDetails: , Details: Mounting volumes for ekioba-frontend-ccan-20260502., DetailsLevel: INFO
2026-05-04T09:31:33.8312889Z Establishing user namespace if not established already.
2026-05-04T09:31:33.8315010Z Establishing network if not established already.
2026-05-04T09:31:33.8320541Z Mounting volumes.
2026-05-04T09:31:33.8416207Z Nested mountpoint 
2026-05-04T09:31:33.8896425Z Nested mountpoint volatile/logs
2026-05-04T09:31:33.9385010Z Nested mountpoint 
2026-05-04T09:31:33.9710750Z Nested mountpoint 
2026-05-04T09:31:33.9721545Z Nested mountpoint 
2026-05-04T09:31:34.5487683Z State: Starting, Action: CreatingContainer, LastError: , LastErrorTimestamp: 01/01/0001 00:00:00, LastErrorDetails: , Details: Finished pulling container image and mounting volumes for ekioba-frontend-ccan-20260502. Allocatinng the rest of the container resources to finish container creation., DetailsLevel: INFO
2026-05-04T09:31:34.5495161Z Creating container.
2026-05-04T09:31:34.5515056Z Creating pipes for streaming container io.
2026-05-04T09:31:34.5785638Z Creating stdout named pipe at /podr/container/pipe/aedaeda61a10_ekioba-frontend-ccan-20260502/stdout_228f281013e74627b9c0040d4815b8e8.
2026-05-04T09:31:34.5790489Z Successfully created stdout named pipe at: /podr/container/pipe/aedaeda61a10_ekioba-frontend-ccan-20260502/stdout_228f281013e74627b9c0040d4815b8e8.
2026-05-04T09:31:34.5791637Z Opening named pipe /podr/container/pipe/aedaeda61a10_ekioba-frontend-ccan-20260502/stdout_228f281013e74627b9c0040d4815b8e8 for reading in non-blocking mode.
2026-05-04T09:31:34.5792863Z Successfully opened named pipe: /podr/container/pipe/aedaeda61a10_ekioba-frontend-ccan-20260502/stdout_228f281013e74627b9c0040d4815b8e8.
2026-05-04T09:31:34.5793837Z Successfully removed non-blocking flag from /podr/container/pipe/aedaeda61a10_ekioba-frontend-ccan-20260502/stdout_228f281013e74627b9c0040d4815b8e8.
2026-05-04T09:31:34.5796037Z Creating stderr named pipe at /podr/container/pipe/aedaeda61a10_ekioba-frontend-ccan-20260502/stderr_78a9f11e4f644449a199adf6b87a8471.
2026-05-04T09:31:34.5798024Z Successfully created stderr named pipe at: /podr/container/pipe/aedaeda61a10_ekioba-frontend-ccan-20260502/stderr_78a9f11e4f644449a199adf6b87a8471.
2026-05-04T09:31:34.5799276Z Opening named pipe /podr/container/pipe/aedaeda61a10_ekioba-frontend-ccan-20260502/stderr_78a9f11e4f644449a199adf6b87a8471 for reading in non-blocking mode.
2026-05-04T09:31:34.5800395Z Successfully opened named pipe: /podr/container/pipe/aedaeda61a10_ekioba-frontend-ccan-20260502/stderr_78a9f11e4f644449a199adf6b87a8471.
2026-05-04T09:31:34.5801312Z Successfully removed non-blocking flag from /podr/container/pipe/aedaeda61a10_ekioba-frontend-ccan-20260502/stderr_78a9f11e4f644449a199adf6b87a8471.
2026-05-04T09:31:34.5802575Z Creating container with image: appsvc/python:3.12_20260203.2.tuxprod from registry: mcr.microsoft.com and fully qualified image name: mcr.microsoft.com/appsvc/python:3.12_20260203.2.tuxprod
2026-05-04T09:31:35.1620724Z Starting container: aedaeda61a10_ekioba-frontend-ccan-20260502.
2026-05-04T09:31:35.2755413Z Starting watchers and probes.
2026-05-04T09:31:35.2765771Z Starting metrics collection.
2026-05-04T09:31:35.2768910Z Container is running.
2026-05-04T09:31:35.2770337Z State: Starting, Action: CreatingContainer, LastError: , LastErrorTimestamp: 01/01/0001 00:00:00, LastErrorDetails: , Details: Container ekioba-frontend-ccan-20260502 successfully created and is running., DetailsLevel: INFO
2026-05-04T09:31:35.3594814Z Container start method finished after 47051 ms.
2026-05-04T09:31:35.3603167Z State: Starting, Action: InitiatingSiteWarmUpProbe, LastError: , LastErrorTimestamp: 01/01/0001 00:00:00, LastErrorDetails: , Details: Container ekioba-frontend-ccan-20260502 successfully created and is running., DetailsLevel: INFO
2026-05-04T09:31:35.4008524Z State: Starting, Action: WaitingForSiteWarmUpProbeSuccess, LastError: , LastErrorTimestamp: 01/01/0001 00:00:00, LastErrorDetails: , Details: Pinging warmup path to ensure container is ready to receive requests., DetailsLevel: INFO
2026-05-04T09:31:40.5822826Z Site startup probe failed after 5.1224002 seconds.
2026-05-04T09:31:41.8982853Z State: Starting, Action: WaitingForSiteWarmUpProbeSuccess, LastError: ContainerTimeout, LastErrorTimestamp: 05/04/2026 09:31:41, LastErrorDetails: Container did not start within expected time limit of 230s. Please inspect your container logs for more details., Details: Pinging warmup path to ensure container is ready to receive requests., DetailsLevel: ERR
2026-05-04T09:31:41.9613038Z Failed to start site. Revert by stopping site.
2026-05-04T09:31:42.0060616Z State: Stopping, Action: StoppingSite, LastError: ContainerTimeout, LastErrorTimestamp: 05/04/2026 09:31:41, LastErrorDetails: Container did not start within expected time limit of 230s. Please inspect your container logs for more details., Details: Pinging warmup path to ensure container is ready to receive requests., DetailsLevel: ERR
2026-05-04T09:31:42.0082710Z State: Stopping, Action: StoppingSiteContainers, LastError: ContainerTimeout, LastErrorTimestamp: 05/04/2026 09:31:41, LastErrorDetails: Container did not start within expected time limit of 230s. Please inspect your container logs for more details., Details: Pinging warmup path to ensure container is ready to receive requests., DetailsLevel: ERR
2026-05-04T09:31:42.0093244Z Container is terminating. Grace period: 5 seconds.
2026-05-04T09:31:42.1231609Z Stop and delete container. Retry count = 0
2026-05-04T09:31:42.1237879Z Stopping container: aedaeda61a10_ekioba-frontend-ccan-20260502.
2026-05-04T09:31:47.3014105Z Deleting container: aedaeda61a10_ekioba-frontend-ccan-20260502. Retry count = 0
2026-05-04T09:31:47.5493186Z Container spec TerminationMessagePolicy  path 
2026-05-04T09:31:47.5567983Z Container is terminated. Total time elapsed: 5540 ms.
2026-05-04T09:31:47.5581269Z Site container: ekioba-frontend-ccan-20260502 terminated during site startup.
2026-05-04T09:31:47.5589504Z State: Stopping, Action: CancellingStartup, LastError: ContainerTimeout, LastErrorTimestamp: 05/04/2026 09:31:41, LastErrorDetails: Container did not start within expected time limit of 230s. Please inspect your container logs for more details., Details: Site container: ekioba-frontend-ccan-20260502 terminated during site startup. Cancelling site startup., DetailsLevel: ERR
2026-05-04T09:31:47.5599809Z Site: ekioba-frontend-ccan-20260502 stopped.
2026-05-04T09:32:08.7645564Z State: Stopping, Action: StoppingSite, LastError: ContainerTimeout, LastErrorTimestamp: 05/04/2026 08:33:30, LastErrorDetails: Container did not start within expected time limit of 230s. Please inspect your container logs for more details., Details: Site started at 05/04/2026 09:22:47 (UTC), DetailsLevel: INFO
2026-05-04T09:32:08.7685112Z State: Stopping, Action: StoppingSiteContainers, LastError: ContainerTimeout, LastErrorTimestamp: 05/04/2026 08:33:30, LastErrorDetails: Container did not start within expected time limit of 230s. Please inspect your container logs for more details., Details: Site started at 05/04/2026 09:22:47 (UTC), DetailsLevel: INFO
2026-05-04T09:32:08.7687053Z Container is terminating. Grace period: 5 seconds.
2026-05-04T09:32:08.7865147Z Stop and delete container. Retry count = 0
2026-05-04T09:32:08.7867867Z Stopping container: be8a991521ba_ekioba-frontend-ccan-20260502.
2026-05-04T09:32:14.0669968Z Deleting container: be8a991521ba_ekioba-frontend-ccan-20260502. Retry count = 0
2026-05-04T09:32:18.3645012Z Container spec TerminationMessagePolicy  path 
2026-05-04T09:32:18.3660338Z Container is terminated. Total time elapsed: 9595 ms.
2026-05-04T09:32:18.3661879Z Site: ekioba-frontend-ccan-20260502 stopped.
2026-05-04T09:32:40.0570629Z State: Starting, Action: EstablishingSiteNetworks, LastError: ContainerTimeout, LastErrorTimestamp: 05/04/2026 09:31:41, LastErrorDetails: Container did not start within expected time limit of 230s. Please inspect your container logs for more details., Details: Site stopped at 05/04/2026 09:31:48 (UTC), DetailsLevel: ERR
2026-05-04T09:32:43.7852753Z State: Starting, Action: StartingSiteContainers, LastError: ContainerTimeout, LastErrorTimestamp: 05/04/2026 09:31:41, LastErrorDetails: Container did not start within expected time limit of 230s. Please inspect your container logs for more details., Details: Site stopped at 05/04/2026 09:31:48 (UTC), DetailsLevel: ERR
2026-05-04T09:32:43.7854630Z Container start method called.
2026-05-04T09:32:43.7855091Z State: Starting, Action: PullingImage, LastError: ContainerTimeout, LastErrorTimestamp: 05/04/2026 09:31:41, LastErrorDetails: Container did not start within expected time limit of 230s. Please inspect your container logs for more details., Details: Pulling image 10.1.0.5:13209/appsvc/python:3.12_20260203.2.tuxprod for ekioba-frontend-ccan-20260502., DetailsLevel: INFO
2026-05-04T09:32:43.7856255Z Establishing network.
2026-05-04T09:32:43.7858297Z Pulling image: appsvc/python:3.12_20260203.2.tuxprod.
2026-05-04T09:33:27.2504095Z Container is starting.
2026-05-04T09:33:27.2505111Z State: Starting, Action: MountingVolumes, LastError: ContainerTimeout, LastErrorTimestamp: 05/04/2026 09:31:41, LastErrorDetails: Container did not start within expected time limit of 230s. Please inspect your container logs for more details., Details: Mounting volumes for ekioba-frontend-ccan-20260502., DetailsLevel: INFO
2026-05-04T09:33:27.2506083Z Establishing user namespace if not established already.
2026-05-04T09:33:27.2507968Z Establishing network if not established already.
2026-05-04T09:33:27.2510205Z Mounting volumes.
2026-05-04T09:33:27.2511598Z Nested mountpoint 
2026-05-04T09:33:27.2626939Z Nested mountpoint volatile/logs
2026-05-04T09:33:27.3325352Z Nested mountpoint 
2026-05-04T09:33:27.3514406Z Nested mountpoint 
2026-05-04T09:33:27.4365391Z Nested mountpoint 
2026-05-04T09:33:27.7790805Z State: Starting, Action: CreatingContainer, LastError: ContainerTimeout, LastErrorTimestamp: 05/04/2026 09:31:41, LastErrorDetails: Container did not start within expected time limit of 230s. Please inspect your container logs for more details., Details: Finished pulling container image and mounting volumes for ekioba-frontend-ccan-20260502. Allocatinng the rest of the container resources to finish container creation., DetailsLevel: INFO
2026-05-04T09:33:27.7802810Z Creating container.
2026-05-04T09:33:27.7807063Z Creating pipes for streaming container io.
2026-05-04T09:33:27.7879965Z Creating stdout named pipe at /podr/container/pipe/6d36243b4760_ekioba-frontend-ccan-20260502/stdout_a0b2400b40334d7ca11c80ccc0bf536a.
2026-05-04T09:33:27.7889077Z Successfully created stdout named pipe at: /podr/container/pipe/6d36243b4760_ekioba-frontend-ccan-20260502/stdout_a0b2400b40334d7ca11c80ccc0bf536a.
2026-05-04T09:33:27.7894961Z Opening named pipe /podr/container/pipe/6d36243b4760_ekioba-frontend-ccan-20260502/stdout_a0b2400b40334d7ca11c80ccc0bf536a for reading in non-blocking mode.
2026-05-04T09:33:27.7900816Z Successfully opened named pipe: /podr/container/pipe/6d36243b4760_ekioba-frontend-ccan-20260502/stdout_a0b2400b40334d7ca11c80ccc0bf536a.
2026-05-04T09:33:27.7904967Z Successfully removed non-blocking flag from /podr/container/pipe/6d36243b4760_ekioba-frontend-ccan-20260502/stdout_a0b2400b40334d7ca11c80ccc0bf536a.
2026-05-04T09:33:27.7912499Z Creating stderr named pipe at /podr/container/pipe/6d36243b4760_ekioba-frontend-ccan-20260502/stderr_65c8b614287c4b219f18b71af18ff5a3.
2026-05-04T09:33:27.7994815Z Successfully created stderr named pipe at: /podr/container/pipe/6d36243b4760_ekioba-frontend-ccan-20260502/stderr_65c8b614287c4b219f18b71af18ff5a3.
2026-05-04T09:33:27.8001975Z Opening named pipe /podr/container/pipe/6d36243b4760_ekioba-frontend-ccan-20260502/stderr_65c8b614287c4b219f18b71af18ff5a3 for reading in non-blocking mode.
2026-05-04T09:33:27.8011836Z Successfully opened named pipe: /podr/container/pipe/6d36243b4760_ekioba-frontend-ccan-20260502/stderr_65c8b614287c4b219f18b71af18ff5a3.
2026-05-04T09:33:27.8077396Z Successfully removed non-blocking flag from /podr/container/pipe/6d36243b4760_ekioba-frontend-ccan-20260502/stderr_65c8b614287c4b219f18b71af18ff5a3.
2026-05-04T09:33:27.8083269Z Creating container with image: appsvc/python:3.12_20260203.2.tuxprod from registry: mcr.microsoft.com and fully qualified image name: mcr.microsoft.com/appsvc/python:3.12_20260203.2.tuxprod
2026-05-04T09:33:28.2745367Z Starting container: 6d36243b4760_ekioba-frontend-ccan-20260502.
2026-05-04T09:33:28.4547808Z Starting watchers and probes.
2026-05-04T09:33:28.4619822Z Starting metrics collection.
2026-05-04T09:33:28.4632981Z Container is running.
2026-05-04T09:33:28.4639806Z State: Starting, Action: CreatingContainer, LastError: ContainerTimeout, LastErrorTimestamp: 05/04/2026 09:31:41, LastErrorDetails: Container did not start within expected time limit of 230s. Please inspect your container logs for more details., Details: Container ekioba-frontend-ccan-20260502 successfully created and is running., DetailsLevel: INFO
2026-05-04T09:33:28.8105193Z Container start method finished after 45024 ms.
2026-05-04T09:33:28.8696189Z State: Starting, Action: InitiatingSiteWarmUpProbe, LastError: ContainerTimeout, LastErrorTimestamp: 05/04/2026 09:31:41, LastErrorDetails: Container did not start within expected time limit of 230s. Please inspect your container logs for more details., Details: Container ekioba-frontend-ccan-20260502 successfully created and is running., DetailsLevel: INFO
2026-05-04T09:33:28.8699013Z State: Starting, Action: WaitingForSiteWarmUpProbeSuccess, LastError: ContainerTimeout, LastErrorTimestamp: 05/04/2026 09:31:41, LastErrorDetails: Container did not start within expected time limit of 230s. Please inspect your container logs for more details., Details: Pinging warmup path to ensure container is ready to receive requests., DetailsLevel: INFO
2026-05-04T09:34:19.9256863Z Site startup probe succeeded after 51.0517926 seconds.
2026-05-04T09:34:20.0833692Z State: Starting, Action: WarmUpProbeSucceeded, LastError: ContainerTimeout, LastErrorTimestamp: 05/04/2026 09:31:41, LastErrorDetails: Container did not start within expected time limit of 230s. Please inspect your container logs for more details., Details: Site startup probe succeeded after 51.0517926 seconds., DetailsLevel: INFO
2026-05-04T09:34:20.6403647Z Site is running with deployment version: 1b837007-d157-43d8-9b41-1566340082d2
2026-05-04T09:34:20.6428447Z Site started.
2026-05-04T09:34:20.6597937Z State: Started, Action: None, LastError: ContainerTimeout, LastErrorTimestamp: 05/04/2026 09:31:41, LastErrorDetails: Container did not start within expected time limit of 230s. Please inspect your container logs for more details., Details: Site started at 05/04/2026 09:34:20 (UTC), DetailsLevel: INFO
2026-05-04T09:34:20.6911971Z Site is running with patch version PYTHON 3.12.12
2026-05-04T09:34:26.0483189Z State: Starting, Action: EstablishingSiteNetworks, LastError: , LastErrorTimestamp: 01/01/0001 00:00:00, LastErrorDetails: , Details: , DetailsLevel: INFO
2026-05-04T09:34:28.8186035Z State: Starting, Action: StartingSiteContainers, LastError: , LastErrorTimestamp: 01/01/0001 00:00:00, LastErrorDetails: , Details: , DetailsLevel: INFO
2026-05-04T09:34:28.8190544Z Container start method called.
2026-05-04T09:34:28.8191083Z State: Starting, Action: PullingImage, LastError: , LastErrorTimestamp: 01/01/0001 00:00:00, LastErrorDetails: , Details: Pulling image 10.1.0.4:13209/appsvc/python:3.12_20260203.2.tuxprod for ekioba-frontend-ccan-20260502., DetailsLevel: INFO
2026-05-04T09:34:28.8192337Z Establishing network.
2026-05-04T09:34:28.8193478Z Pulling image: appsvc/python:3.12_20260203.2.tuxprod.
2026-05-04T09:35:13.9303982Z Container is starting.
2026-05-04T09:35:13.9305471Z State: Starting, Action: MountingVolumes, LastError: , LastErrorTimestamp: 01/01/0001 00:00:00, LastErrorDetails: , Details: Mounting volumes for ekioba-frontend-ccan-20260502., DetailsLevel: INFO
2026-05-04T09:35:13.9306778Z Establishing user namespace if not established already.
2026-05-04T09:35:13.9307949Z Establishing network if not established already.
2026-05-04T09:35:13.9309209Z Mounting volumes.
2026-05-04T09:35:13.9321157Z Nested mountpoint 
2026-05-04T09:35:13.9994795Z Nested mountpoint volatile/logs
2026-05-04T09:35:14.0197347Z Nested mountpoint 
2026-05-04T09:35:14.0203992Z Nested mountpoint 
2026-05-04T09:35:14.0324220Z Nested mountpoint 
2026-05-04T09:35:14.5239509Z State: Starting, Action: CreatingContainer, LastError: , LastErrorTimestamp: 01/01/0001 00:00:00, LastErrorDetails: , Details: Finished pulling container image and mounting volumes for ekioba-frontend-ccan-20260502. Allocatinng the rest of the container resources to finish container creation., DetailsLevel: INFO
2026-05-04T09:35:14.5240768Z Creating container.
2026-05-04T09:35:14.5242128Z Creating pipes for streaming container io.
2026-05-04T09:35:14.5243049Z Creating stdout named pipe at /podr/container/pipe/4c9184210efc_ekioba-frontend-ccan-20260502/stdout_5223732d5b5d40ce9fda5b59839397e4.
2026-05-04T09:35:14.6853862Z Successfully created stdout named pipe at: /podr/container/pipe/4c9184210efc_ekioba-frontend-ccan-20260502/stdout_5223732d5b5d40ce9fda5b59839397e4.
2026-05-04T09:35:14.6875902Z Opening named pipe /podr/container/pipe/4c9184210efc_ekioba-frontend-ccan-20260502/stdout_5223732d5b5d40ce9fda5b59839397e4 for reading in non-blocking mode.
2026-05-04T09:35:14.6946297Z Successfully opened named pipe: /podr/container/pipe/4c9184210efc_ekioba-frontend-ccan-20260502/stdout_5223732d5b5d40ce9fda5b59839397e4.
2026-05-04T09:35:14.6953222Z Successfully removed non-blocking flag from /podr/container/pipe/4c9184210efc_ekioba-frontend-ccan-20260502/stdout_5223732d5b5d40ce9fda5b59839397e4.
2026-05-04T09:35:14.6965984Z Creating stderr named pipe at /podr/container/pipe/4c9184210efc_ekioba-frontend-ccan-20260502/stderr_661643883fa545b0bce3e3a09d5d6c4c.
2026-05-04T09:35:14.6973971Z Successfully created stderr named pipe at: /podr/container/pipe/4c9184210efc_ekioba-frontend-ccan-20260502/stderr_661643883fa545b0bce3e3a09d5d6c4c.
2026-05-04T09:35:14.6976307Z Opening named pipe /podr/container/pipe/4c9184210efc_ekioba-frontend-ccan-20260502/stderr_661643883fa545b0bce3e3a09d5d6c4c for reading in non-blocking mode.
2026-05-04T09:35:14.6977473Z Successfully opened named pipe: /podr/container/pipe/4c9184210efc_ekioba-frontend-ccan-20260502/stderr_661643883fa545b0bce3e3a09d5d6c4c.
2026-05-04T09:35:14.6978384Z Successfully removed non-blocking flag from /podr/container/pipe/4c9184210efc_ekioba-frontend-ccan-20260502/stderr_661643883fa545b0bce3e3a09d5d6c4c.
2026-05-04T09:35:14.7055581Z Creating container with image: appsvc/python:3.12_20260203.2.tuxprod from registry: mcr.microsoft.com and fully qualified image name: mcr.microsoft.com/appsvc/python:3.12_20260203.2.tuxprod
2026-05-04T09:35:15.8212099Z Starting container: 4c9184210efc_ekioba-frontend-ccan-20260502.
2026-05-04T09:35:15.9555355Z Starting watchers and probes.
2026-05-04T09:35:15.9580927Z Starting metrics collection.
2026-05-04T09:35:15.9586748Z Container is running.
2026-05-04T09:35:15.9588454Z State: Starting, Action: CreatingContainer, LastError: , LastErrorTimestamp: 01/01/0001 00:00:00, LastErrorDetails: , Details: Container ekioba-frontend-ccan-20260502 successfully created and is running., DetailsLevel: INFO
2026-05-04T09:35:16.2425214Z Container start method finished after 47415 ms.
2026-05-04T09:35:16.2455251Z State: Starting, Action: InitiatingSiteWarmUpProbe, LastError: , LastErrorTimestamp: 01/01/0001 00:00:00, LastErrorDetails: , Details: Container ekioba-frontend-ccan-20260502 successfully created and is running., DetailsLevel: INFO
2026-05-04T09:35:16.2457378Z State: Starting, Action: WaitingForSiteWarmUpProbeSuccess, LastError: , LastErrorTimestamp: 01/01/0001 00:00:00, LastErrorDetails: , Details: Pinging warmup path to ensure container is ready to receive requests., DetailsLevel: INFO
2026-05-04T09:36:06.3794124Z Site startup probe succeeded after 50.0750393 seconds.
2026-05-04T09:36:07.0271739Z State: Starting, Action: WarmUpProbeSucceeded, LastError: , LastErrorTimestamp: 01/01/0001 00:00:00, LastErrorDetails: , Details: Site startup probe succeeded after 50.0750393 seconds., DetailsLevel: INFO
2026-05-04T09:36:07.6889394Z Site is running with deployment version: 1b837007-d157-43d8-9b41-1566340082d2
2026-05-04T09:36:07.6962162Z Site started.
2026-05-04T09:36:07.6974159Z State: Started, Action: None, LastError: , LastErrorTimestamp: 01/01/0001 00:00:00, LastErrorDetails: , Details: Site started at 05/04/2026 09:36:07 (UTC), DetailsLevel: INFO
2026-05-04T09:36:07.7047386Z Site is running with patch version PYTHON 3.12.12
2026-05-04T09:36:27.7818328Z State: Stopping, Action: StoppingSite, LastError: ContainerTimeout, LastErrorTimestamp: 05/04/2026 09:31:41, LastErrorDetails: Container did not start within expected time limit of 230s. Please inspect your container logs for more details., Details: Site started at 05/04/2026 09:34:20 (UTC), DetailsLevel: INFO
2026-05-04T09:36:27.7880273Z State: Stopping, Action: StoppingSiteContainers, LastError: ContainerTimeout, LastErrorTimestamp: 05/04/2026 09:31:41, LastErrorDetails: Container did not start within expected time limit of 230s. Please inspect your container logs for more details., Details: Site started at 05/04/2026 09:34:20 (UTC), DetailsLevel: INFO
2026-05-04T09:36:27.7882365Z Container is terminating. Grace period: 5 seconds.
2026-05-04T09:36:27.8115490Z Stop and delete container. Retry count = 0
2026-05-04T09:36:27.8116615Z Stopping container: 6d36243b4760_ekioba-frontend-ccan-20260502.
2026-05-04T09:36:32.9629134Z Deleting container: 6d36243b4760_ekioba-frontend-ccan-20260502. Retry count = 0
2026-05-04T09:36:34.0886700Z Container spec TerminationMessagePolicy  path 
2026-05-04T09:36:34.0958199Z Container is terminated. Total time elapsed: 6300 ms.
2026-05-04T09:36:34.0961167Z Site: ekioba-frontend-ccan-20260502 stopped.
2026-05-04T10:00:49.5322020Z State: Starting, Action: EstablishingSiteNetworks, LastError: , LastErrorTimestamp: 01/01/0001 00:00:00, LastErrorDetails: , Details: , DetailsLevel: INFO
2026-05-04T10:00:51.9696993Z State: Starting, Action: StartingSiteContainers, LastError: , LastErrorTimestamp: 01/01/0001 00:00:00, LastErrorDetails: , Details: , DetailsLevel: INFO
2026-05-04T10:00:51.9785531Z Container start method called.
2026-05-04T10:00:51.9793354Z State: Starting, Action: PullingImage, LastError: , LastErrorTimestamp: 01/01/0001 00:00:00, LastErrorDetails: , Details: Pulling image 10.1.0.5:13209/appsvc/python:3.12_20260203.2.tuxprod for ekioba-frontend-ccan-20260502., DetailsLevel: INFO
2026-05-04T10:00:51.9871145Z Establishing network.
2026-05-04T10:00:51.9883239Z Pulling image: appsvc/python:3.12_20260203.2.tuxprod.
2026-05-04T10:01:44.0568049Z Container is starting.
2026-05-04T10:01:44.0646972Z State: Starting, Action: MountingVolumes, LastError: , LastErrorTimestamp: 01/01/0001 00:00:00, LastErrorDetails: , Details: Mounting volumes for ekioba-frontend-ccan-20260502., DetailsLevel: INFO
2026-05-04T10:01:44.0656380Z Establishing user namespace if not established already.
2026-05-04T10:01:44.0658613Z Establishing network if not established already.
2026-05-04T10:01:44.0664754Z Mounting volumes.
2026-05-04T10:01:44.0757614Z Nested mountpoint 
2026-05-04T10:01:44.1637800Z Nested mountpoint volatile/logs
2026-05-04T10:01:44.1833445Z Nested mountpoint 
2026-05-04T10:01:44.1955360Z Nested mountpoint 
2026-05-04T10:01:44.2059486Z Nested mountpoint 
2026-05-04T10:01:45.4304675Z State: Starting, Action: CreatingContainer, LastError: , LastErrorTimestamp: 01/01/0001 00:00:00, LastErrorDetails: , Details: Finished pulling container image and mounting volumes for ekioba-frontend-ccan-20260502. Allocatinng the rest of the container resources to finish container creation., DetailsLevel: INFO
2026-05-04T10:01:45.4315664Z Creating container.
2026-05-04T10:01:45.4321338Z Creating pipes for streaming container io.
2026-05-04T10:01:45.4689874Z Creating stdout named pipe at /podr/container/pipe/67ac9c3be242_ekioba-frontend-ccan-20260502/stdout_5bcb204c175848358984335aede2516e.
2026-05-04T10:01:45.5184128Z Successfully created stdout named pipe at: /podr/container/pipe/67ac9c3be242_ekioba-frontend-ccan-20260502/stdout_5bcb204c175848358984335aede2516e.
2026-05-04T10:01:45.5365914Z Opening named pipe /podr/container/pipe/67ac9c3be242_ekioba-frontend-ccan-20260502/stdout_5bcb204c175848358984335aede2516e for reading in non-blocking mode.
2026-05-04T10:01:45.5368887Z Successfully opened named pipe: /podr/container/pipe/67ac9c3be242_ekioba-frontend-ccan-20260502/stdout_5bcb204c175848358984335aede2516e.
2026-05-04T10:01:45.8468658Z Successfully removed non-blocking flag from /podr/container/pipe/67ac9c3be242_ekioba-frontend-ccan-20260502/stdout_5bcb204c175848358984335aede2516e.
2026-05-04T10:01:45.8746794Z Creating stderr named pipe at /podr/container/pipe/67ac9c3be242_ekioba-frontend-ccan-20260502/stderr_67278f366be341428264ee00824a5a99.
2026-05-04T10:01:45.8751272Z Successfully created stderr named pipe at: /podr/container/pipe/67ac9c3be242_ekioba-frontend-ccan-20260502/stderr_67278f366be341428264ee00824a5a99.
2026-05-04T10:01:45.8752330Z Opening named pipe /podr/container/pipe/67ac9c3be242_ekioba-frontend-ccan-20260502/stderr_67278f366be341428264ee00824a5a99 for reading in non-blocking mode.
2026-05-04T10:01:45.8753501Z Successfully opened named pipe: /podr/container/pipe/67ac9c3be242_ekioba-frontend-ccan-20260502/stderr_67278f366be341428264ee00824a5a99.
2026-05-04T10:01:45.8754473Z Successfully removed non-blocking flag from /podr/container/pipe/67ac9c3be242_ekioba-frontend-ccan-20260502/stderr_67278f366be341428264ee00824a5a99.
2026-05-04T10:01:45.8854901Z Creating container with image: appsvc/python:3.12_20260203.2.tuxprod from registry: mcr.microsoft.com and fully qualified image name: mcr.microsoft.com/appsvc/python:3.12_20260203.2.tuxprod
2026-05-04T10:01:47.0224153Z Starting container: 67ac9c3be242_ekioba-frontend-ccan-20260502.
2026-05-04T10:01:47.1474114Z Starting watchers and probes.
2026-05-04T10:01:47.1587765Z Starting metrics collection.
2026-05-04T10:01:47.1606290Z Container is running.
2026-05-04T10:01:47.1973989Z State: Starting, Action: CreatingContainer, LastError: , LastErrorTimestamp: 01/01/0001 00:00:00, LastErrorDetails: , Details: Container ekioba-frontend-ccan-20260502 successfully created and is running., DetailsLevel: INFO
2026-05-04T10:01:47.7213421Z Container start method finished after 55634 ms.
2026-05-04T10:01:47.7391991Z State: Starting, Action: InitiatingSiteWarmUpProbe, LastError: , LastErrorTimestamp: 01/01/0001 00:00:00, LastErrorDetails: , Details: Container ekioba-frontend-ccan-20260502 successfully created and is running., DetailsLevel: INFO
2026-05-04T10:01:47.7409918Z State: Starting, Action: WaitingForSiteWarmUpProbeSuccess, LastError: , LastErrorTimestamp: 01/01/0001 00:00:00, LastErrorDetails: , Details: Pinging warmup path to ensure container is ready to receive requests., DetailsLevel: INFO
2026-05-04T10:03:10.1353828Z Site startup probe succeeded after 82.3562608 seconds.
2026-05-04T10:03:11.0382996Z State: Starting, Action: WarmUpProbeSucceeded, LastError: , LastErrorTimestamp: 01/01/0001 00:00:00, LastErrorDetails: , Details: Site startup probe succeeded after 82.3562608 seconds., DetailsLevel: INFO
2026-05-04T10:03:11.8835676Z Site is running with deployment version: 21288a87-5ee2-4147-8585-b4788b3c579e
2026-05-04T10:03:11.8931275Z Site started.
2026-05-04T10:03:11.8934606Z State: Started, Action: None, LastError: , LastErrorTimestamp: 01/01/0001 00:00:00, LastErrorDetails: , Details: Site started at 05/04/2026 10:03:11 (UTC), DetailsLevel: INFO
2026-05-04T10:03:11.9137587Z Site is running with patch version PYTHON 3.12.12
2026-05-04T10:03:32.0823145Z State: Stopping, Action: StoppingSite, LastError: ContainerTimeout, LastErrorTimestamp: 05/04/2026 09:31:41, LastErrorDetails: Container did not start within expected time limit of 230s. Please inspect your container logs for more details., Details: Site started at 05/04/2026 09:36:07 (UTC), DetailsLevel: INFO
2026-05-04T10:03:32.0854795Z State: Stopping, Action: StoppingSiteContainers, LastError: ContainerTimeout, LastErrorTimestamp: 05/04/2026 09:31:41, LastErrorDetails: Container did not start within expected time limit of 230s. Please inspect your container logs for more details., Details: Site started at 05/04/2026 09:36:07 (UTC), DetailsLevel: INFO
2026-05-04T10:03:32.0921713Z Container is terminating. Grace period: 5 seconds.
2026-05-04T10:03:32.1405710Z Stop and delete container. Retry count = 0
2026-05-04T10:03:32.1406785Z Stopping container: 4c9184210efc_ekioba-frontend-ccan-20260502.
2026-05-04T10:03:37.7170133Z Deleting container: 4c9184210efc_ekioba-frontend-ccan-20260502. Retry count = 0
2026-05-04T10:03:40.6233388Z Container spec TerminationMessagePolicy  path 
2026-05-04T10:03:40.6318727Z Container is terminated. Total time elapsed: 8538 ms.
2026-05-04T10:03:40.6630630Z Site: ekioba-frontend-ccan-20260502 stopped.
2026-05-04T10:42:24.5518038Z State: Starting, Action: EstablishingSiteNetworks, LastError: , LastErrorTimestamp: 01/01/0001 00:00:00, LastErrorDetails: , Details: , DetailsLevel: INFO
2026-05-04T10:42:28.8043374Z State: Starting, Action: StartingSiteContainers, LastError: , LastErrorTimestamp: 01/01/0001 00:00:00, LastErrorDetails: , Details: , DetailsLevel: INFO
2026-05-04T10:42:28.8046429Z Container start method called.
2026-05-04T10:42:28.8046932Z State: Starting, Action: PullingImage, LastError: , LastErrorTimestamp: 01/01/0001 00:00:00, LastErrorDetails: , Details: Pulling image 10.1.0.5:13209/appsvc/python:3.12_20260203.2.tuxprod for ekioba-frontend-ccan-20260502., DetailsLevel: INFO
2026-05-04T10:42:28.8048046Z Establishing network.
2026-05-04T10:42:28.8049546Z Pulling image: appsvc/python:3.12_20260203.2.tuxprod.
2026-05-04T10:43:24.7061587Z Container is starting.
2026-05-04T10:43:24.7068449Z State: Starting, Action: MountingVolumes, LastError: , LastErrorTimestamp: 01/01/0001 00:00:00, LastErrorDetails: , Details: Mounting volumes for ekioba-frontend-ccan-20260502., DetailsLevel: INFO
2026-05-04T10:43:24.7250703Z Establishing user namespace if not established already.
2026-05-04T10:43:24.7420864Z Establishing network if not established already.
2026-05-04T10:43:24.7431469Z Mounting volumes.
2026-05-04T10:43:24.7632729Z Nested mountpoint 
2026-05-04T10:43:25.0117310Z Nested mountpoint volatile/logs
2026-05-04T10:43:25.0318993Z Nested mountpoint 
2026-05-04T10:43:25.0500327Z Nested mountpoint 
2026-05-04T10:43:25.2897030Z Nested mountpoint 
2026-05-04T10:43:26.3420532Z State: Starting, Action: CreatingContainer, LastError: , LastErrorTimestamp: 01/01/0001 00:00:00, LastErrorDetails: , Details: Finished pulling container image and mounting volumes for ekioba-frontend-ccan-20260502. Allocatinng the rest of the container resources to finish container creation., DetailsLevel: INFO
2026-05-04T10:43:26.3781600Z Creating container.
2026-05-04T10:43:26.3792798Z Creating pipes for streaming container io.
2026-05-04T10:43:26.3806194Z Creating stdout named pipe at /podr/container/pipe/517a1b719b9b_ekioba-frontend-ccan-20260502/stdout_e430bea024704cd3be5fb9faf86975e9.
2026-05-04T10:43:26.4005257Z Successfully created stdout named pipe at: /podr/container/pipe/517a1b719b9b_ekioba-frontend-ccan-20260502/stdout_e430bea024704cd3be5fb9faf86975e9.
2026-05-04T10:43:26.4087033Z Opening named pipe /podr/container/pipe/517a1b719b9b_ekioba-frontend-ccan-20260502/stdout_e430bea024704cd3be5fb9faf86975e9 for reading in non-blocking mode.
2026-05-04T10:43:26.4099347Z Successfully opened named pipe: /podr/container/pipe/517a1b719b9b_ekioba-frontend-ccan-20260502/stdout_e430bea024704cd3be5fb9faf86975e9.
2026-05-04T10:43:26.4114592Z Successfully removed non-blocking flag from /podr/container/pipe/517a1b719b9b_ekioba-frontend-ccan-20260502/stdout_e430bea024704cd3be5fb9faf86975e9.
2026-05-04T10:43:26.4193726Z Creating stderr named pipe at /podr/container/pipe/517a1b719b9b_ekioba-frontend-ccan-20260502/stderr_1d7f592097154a1d814b5f586813db93.
2026-05-04T10:43:26.4279521Z Successfully created stderr named pipe at: /podr/container/pipe/517a1b719b9b_ekioba-frontend-ccan-20260502/stderr_1d7f592097154a1d814b5f586813db93.
2026-05-04T10:43:26.4283338Z Opening named pipe /podr/container/pipe/517a1b719b9b_ekioba-frontend-ccan-20260502/stderr_1d7f592097154a1d814b5f586813db93 for reading in non-blocking mode.
2026-05-04T10:43:26.4289040Z Successfully opened named pipe: /podr/container/pipe/517a1b719b9b_ekioba-frontend-ccan-20260502/stderr_1d7f592097154a1d814b5f586813db93.
2026-05-04T10:43:26.4290538Z Successfully removed non-blocking flag from /podr/container/pipe/517a1b719b9b_ekioba-frontend-ccan-20260502/stderr_1d7f592097154a1d814b5f586813db93.
2026-05-04T10:43:26.4294777Z Creating container with image: appsvc/python:3.12_20260203.2.tuxprod from registry: mcr.microsoft.com and fully qualified image name: mcr.microsoft.com/appsvc/python:3.12_20260203.2.tuxprod
2026-05-04T10:43:27.6442942Z Starting container: 517a1b719b9b_ekioba-frontend-ccan-20260502.
2026-05-04T10:43:27.8280843Z Starting watchers and probes.
2026-05-04T10:43:27.8365648Z Starting metrics collection.
2026-05-04T10:43:27.8448664Z Container is running.
2026-05-04T10:43:27.8708873Z State: Starting, Action: CreatingContainer, LastError: , LastErrorTimestamp: 01/01/0001 00:00:00, LastErrorDetails: , Details: Container ekioba-frontend-ccan-20260502 successfully created and is running., DetailsLevel: INFO
2026-05-04T10:43:28.1453433Z Container start method finished after 59339 ms.
2026-05-04T10:43:28.3877827Z State: Starting, Action: InitiatingSiteWarmUpProbe, LastError: , LastErrorTimestamp: 01/01/0001 00:00:00, LastErrorDetails: , Details: Container ekioba-frontend-ccan-20260502 successfully created and is running., DetailsLevel: INFO
2026-05-04T10:43:28.3943302Z State: Starting, Action: WaitingForSiteWarmUpProbeSuccess, LastError: , LastErrorTimestamp: 01/01/0001 00:00:00, LastErrorDetails: , Details: Pinging warmup path to ensure container is ready to receive requests., DetailsLevel: INFO
2026-05-04T10:44:22.4367536Z Site startup probe succeeded after 54.0390265 seconds.
2026-05-04T10:44:22.8612661Z State: Starting, Action: WarmUpProbeSucceeded, LastError: , LastErrorTimestamp: 01/01/0001 00:00:00, LastErrorDetails: , Details: Site startup probe succeeded after 54.0390265 seconds., DetailsLevel: INFO
2026-05-04T10:44:23.4053879Z Site is running with deployment version: 21288a87-5ee2-4147-8585-b4788b3c579e
2026-05-04T10:44:23.4070256Z Site started.
2026-05-04T10:44:23.4140611Z State: Started, Action: None, LastError: , LastErrorTimestamp: 01/01/0001 00:00:00, LastErrorDetails: , Details: Site started at 05/04/2026 10:44:23 (UTC), DetailsLevel: INFO
2026-05-04T10:44:23.4149380Z Site is running with patch version PYTHON 3.12.12
2026-05-04T10:44:43.4667840Z State: Stopping, Action: StoppingSite, LastError: ContainerTimeout, LastErrorTimestamp: 05/04/2026 09:31:41, LastErrorDetails: Container did not start within expected time limit of 230s. Please inspect your container logs for more details., Details: Site started at 05/04/2026 10:03:11 (UTC), DetailsLevel: INFO
2026-05-04T10:44:43.4696523Z State: Stopping, Action: StoppingSiteContainers, LastError: ContainerTimeout, LastErrorTimestamp: 05/04/2026 09:31:41, LastErrorDetails: Container did not start within expected time limit of 230s. Please inspect your container logs for more details., Details: Site started at 05/04/2026 10:03:11 (UTC), DetailsLevel: INFO
2026-05-04T10:44:43.4702393Z Container is terminating. Grace period: 5 seconds.
2026-05-04T10:44:43.4938349Z Stop and delete container. Retry count = 0
2026-05-04T10:44:43.4985619Z Stopping container: 67ac9c3be242_ekioba-frontend-ccan-20260502.
2026-05-04T10:44:48.6466803Z Deleting container: 67ac9c3be242_ekioba-frontend-ccan-20260502. Retry count = 0
2026-05-04T10:44:49.8786731Z Container spec TerminationMessagePolicy  path 
2026-05-04T10:44:49.8794381Z Container is terminated. Total time elapsed: 6408 ms.
2026-05-04T10:44:49.8795655Z Site: ekioba-frontend-ccan-20260502 stopped.
2026-05-04T10:49:43.7824769Z State: Starting, Action: EstablishingSiteNetworks, LastError: , LastErrorTimestamp: 01/01/0001 00:00:00, LastErrorDetails: , Details: , DetailsLevel: INFO
2026-05-04T10:49:47.4320214Z State: Starting, Action: StartingSiteContainers, LastError: , LastErrorTimestamp: 01/01/0001 00:00:00, LastErrorDetails: , Details: , DetailsLevel: INFO
2026-05-04T10:49:47.4327860Z Container start method called.
2026-05-04T10:49:47.4328894Z State: Starting, Action: PullingImage, LastError: , LastErrorTimestamp: 01/01/0001 00:00:00, LastErrorDetails: , Details: Pulling image 10.1.0.5:13209/appsvc/python:3.12_20260203.2.tuxprod for ekioba-frontend-ccan-20260502., DetailsLevel: INFO
2026-05-04T10:49:47.4330133Z Establishing network.
2026-05-04T10:49:47.4419011Z Pulling image: appsvc/python:3.12_20260203.2.tuxprod.
2026-05-04T10:50:38.0332814Z Container is starting.
2026-05-04T10:50:38.0352067Z State: Starting, Action: MountingVolumes, LastError: , LastErrorTimestamp: 01/01/0001 00:00:00, LastErrorDetails: , Details: Mounting volumes for ekioba-frontend-ccan-20260502., DetailsLevel: INFO
2026-05-04T10:50:38.0406515Z Establishing user namespace if not established already.
2026-05-04T10:50:38.0408386Z Establishing network if not established already.
2026-05-04T10:50:38.0418294Z Mounting volumes.
2026-05-04T10:50:38.0439041Z Nested mountpoint 
2026-05-04T10:50:38.1295197Z Nested mountpoint volatile/logs
2026-05-04T10:50:38.1424594Z Nested mountpoint 
2026-05-04T10:50:38.1690548Z Nested mountpoint 
2026-05-04T10:50:38.1720813Z Nested mountpoint 
2026-05-04T10:50:38.7364426Z State: Starting, Action: CreatingContainer, LastError: , LastErrorTimestamp: 01/01/0001 00:00:00, LastErrorDetails: , Details: Finished pulling container image and mounting volumes for ekioba-frontend-ccan-20260502. Allocatinng the rest of the container resources to finish container creation., DetailsLevel: INFO
2026-05-04T10:50:38.7379134Z Creating container.
2026-05-04T10:50:38.7437362Z Creating pipes for streaming container io.
2026-05-04T10:50:38.7442286Z Creating stdout named pipe at /podr/container/pipe/8a17a590de94_ekioba-frontend-ccan-20260502/stdout_7ab65f9b187140febd21d305801782e6.
2026-05-04T10:50:38.7582518Z Successfully created stdout named pipe at: /podr/container/pipe/8a17a590de94_ekioba-frontend-ccan-20260502/stdout_7ab65f9b187140febd21d305801782e6.
2026-05-04T10:50:38.7597370Z Opening named pipe /podr/container/pipe/8a17a590de94_ekioba-frontend-ccan-20260502/stdout_7ab65f9b187140febd21d305801782e6 for reading in non-blocking mode.
2026-05-04T10:50:38.7615544Z Successfully opened named pipe: /podr/container/pipe/8a17a590de94_ekioba-frontend-ccan-20260502/stdout_7ab65f9b187140febd21d305801782e6.
2026-05-04T10:50:38.7626867Z Successfully removed non-blocking flag from /podr/container/pipe/8a17a590de94_ekioba-frontend-ccan-20260502/stdout_7ab65f9b187140febd21d305801782e6.
2026-05-04T10:50:38.7724627Z Creating stderr named pipe at /podr/container/pipe/8a17a590de94_ekioba-frontend-ccan-20260502/stderr_c9be66d9065b4e2488348b7bf18e9449.
2026-05-04T10:50:38.7733671Z Successfully created stderr named pipe at: /podr/container/pipe/8a17a590de94_ekioba-frontend-ccan-20260502/stderr_c9be66d9065b4e2488348b7bf18e9449.
2026-05-04T10:50:38.7741995Z Opening named pipe /podr/container/pipe/8a17a590de94_ekioba-frontend-ccan-20260502/stderr_c9be66d9065b4e2488348b7bf18e9449 for reading in non-blocking mode.
2026-05-04T10:50:38.7747466Z Successfully opened named pipe: /podr/container/pipe/8a17a590de94_ekioba-frontend-ccan-20260502/stderr_c9be66d9065b4e2488348b7bf18e9449.
2026-05-04T10:50:38.7755747Z Successfully removed non-blocking flag from /podr/container/pipe/8a17a590de94_ekioba-frontend-ccan-20260502/stderr_c9be66d9065b4e2488348b7bf18e9449.
2026-05-04T10:50:38.7841053Z Creating container with image: appsvc/python:3.12_20260203.2.tuxprod from registry: mcr.microsoft.com and fully qualified image name: mcr.microsoft.com/appsvc/python:3.12_20260203.2.tuxprod
2026-05-04T10:50:39.8712709Z Starting container: 8a17a590de94_ekioba-frontend-ccan-20260502.
2026-05-04T10:50:39.9805707Z Starting watchers and probes.
2026-05-04T10:50:39.9890506Z Starting metrics collection.
2026-05-04T10:50:39.9899810Z Container is running.
2026-05-04T10:50:39.9901130Z State: Starting, Action: CreatingContainer, LastError: , LastErrorTimestamp: 01/01/0001 00:00:00, LastErrorDetails: , Details: Container ekioba-frontend-ccan-20260502 successfully created and is running., DetailsLevel: INFO
2026-05-04T10:50:40.2644805Z Container start method finished after 52831 ms.
2026-05-04T10:50:40.2656878Z State: Starting, Action: InitiatingSiteWarmUpProbe, LastError: , LastErrorTimestamp: 01/01/0001 00:00:00, LastErrorDetails: , Details: Container ekioba-frontend-ccan-20260502 successfully created and is running., DetailsLevel: INFO
2026-05-04T10:50:40.3132189Z State: Starting, Action: WaitingForSiteWarmUpProbeSuccess, LastError: , LastErrorTimestamp: 01/01/0001 00:00:00, LastErrorDetails: , Details: Pinging warmup path to ensure container is ready to receive requests., DetailsLevel: INFO
2026-05-04T10:51:30.4517585Z Site startup probe succeeded after 50.1258126 seconds.
2026-05-04T10:51:30.9529568Z State: Starting, Action: WarmUpProbeSucceeded, LastError: , LastErrorTimestamp: 01/01/0001 00:00:00, LastErrorDetails: , Details: Site startup probe succeeded after 50.1258126 seconds., DetailsLevel: INFO
2026-05-04T10:51:31.8443349Z Site is running with deployment version: 322ec96e-ce71-4998-be07-80d725eaad7e
2026-05-04T10:51:31.8465478Z Site started.
2026-05-04T10:51:31.8468529Z State: Started, Action: None, LastError: , LastErrorTimestamp: 01/01/0001 00:00:00, LastErrorDetails: , Details: Site started at 05/04/2026 10:51:31 (UTC), DetailsLevel: INFO
2026-05-04T10:51:31.8637115Z Site is running with patch version PYTHON 3.12.12
2026-05-04T10:51:51.9548886Z State: Stopping, Action: StoppingSite, LastError: ContainerTimeout, LastErrorTimestamp: 05/04/2026 09:31:41, LastErrorDetails: Container did not start within expected time limit of 230s. Please inspect your container logs for more details., Details: Site started at 05/04/2026 10:44:23 (UTC), DetailsLevel: INFO
2026-05-04T10:51:51.9590387Z State: Stopping, Action: StoppingSiteContainers, LastError: ContainerTimeout, LastErrorTimestamp: 05/04/2026 09:31:41, LastErrorDetails: Container did not start within expected time limit of 230s. Please inspect your container logs for more details., Details: Site started at 05/04/2026 10:44:23 (UTC), DetailsLevel: INFO
2026-05-04T10:51:51.9615439Z Container is terminating. Grace period: 5 seconds.
2026-05-04T10:51:52.0179758Z Stop and delete container. Retry count = 0
2026-05-04T10:51:52.0193176Z Stopping container: 517a1b719b9b_ekioba-frontend-ccan-20260502.
2026-05-04T10:51:57.4240481Z Deleting container: 517a1b719b9b_ekioba-frontend-ccan-20260502. Retry count = 0
2026-05-04T10:51:58.9242286Z Container spec TerminationMessagePolicy  path 
2026-05-04T10:51:58.9250549Z Container is terminated. Total time elapsed: 6963 ms.
2026-05-04T10:51:58.9390613Z Site: ekioba-frontend-ccan-20260502 stopped.
2026-05-04T10:52:30.3898788Z State: Starting, Action: EstablishingSiteNetworks, LastError: , LastErrorTimestamp: 01/01/0001 00:00:00, LastErrorDetails: , Details: , DetailsLevel: INFO
2026-05-04T10:52:34.0712885Z State: Starting, Action: StartingSiteContainers, LastError: , LastErrorTimestamp: 01/01/0001 00:00:00, LastErrorDetails: , Details: , DetailsLevel: INFO
2026-05-04T10:52:34.0714382Z Container start method called.
2026-05-04T10:52:34.0714847Z State: Starting, Action: PullingImage, LastError: , LastErrorTimestamp: 01/01/0001 00:00:00, LastErrorDetails: , Details: Pulling image 10.1.0.5:13209/appsvc/python:3.12_20260203.2.tuxprod for ekioba-frontend-ccan-20260502., DetailsLevel: INFO
2026-05-04T10:52:34.0716045Z Establishing network.
2026-05-04T10:52:34.0717279Z Pulling image: appsvc/python:3.12_20260203.2.tuxprod.
2026-05-04T10:53:30.9388251Z Container is starting.
2026-05-04T10:53:30.9463911Z State: Starting, Action: MountingVolumes, LastError: , LastErrorTimestamp: 01/01/0001 00:00:00, LastErrorDetails: , Details: Mounting volumes for ekioba-frontend-ccan-20260502., DetailsLevel: INFO
2026-05-04T10:53:30.9473204Z Establishing user namespace if not established already.
2026-05-04T10:53:30.9475400Z Establishing network if not established already.
2026-05-04T10:53:30.9478111Z Mounting volumes.
2026-05-04T10:53:30.9480205Z Nested mountpoint 
2026-05-04T10:53:31.0158879Z Nested mountpoint volatile/logs
2026-05-04T10:53:31.0832296Z Nested mountpoint 
2026-05-04T10:53:31.0846974Z Nested mountpoint 
2026-05-04T10:53:31.0939208Z Nested mountpoint 
2026-05-04T10:53:31.7363232Z State: Starting, Action: CreatingContainer, LastError: , LastErrorTimestamp: 01/01/0001 00:00:00, LastErrorDetails: , Details: Finished pulling container image and mounting volumes for ekioba-frontend-ccan-20260502. Allocatinng the rest of the container resources to finish container creation., DetailsLevel: INFO
2026-05-04T10:53:31.7371715Z Creating container.
2026-05-04T10:53:31.7378961Z Creating pipes for streaming container io.
2026-05-04T10:53:31.7383922Z Creating stdout named pipe at /podr/container/pipe/313cfc4bc45d_ekioba-frontend-ccan-20260502/stdout_a73bcae23b714f42a311df903f392c44.
2026-05-04T10:53:31.7454574Z Successfully created stdout named pipe at: /podr/container/pipe/313cfc4bc45d_ekioba-frontend-ccan-20260502/stdout_a73bcae23b714f42a311df903f392c44.
2026-05-04T10:53:31.7458479Z Opening named pipe /podr/container/pipe/313cfc4bc45d_ekioba-frontend-ccan-20260502/stdout_a73bcae23b714f42a311df903f392c44 for reading in non-blocking mode.
2026-05-04T10:53:31.7472562Z Successfully opened named pipe: /podr/container/pipe/313cfc4bc45d_ekioba-frontend-ccan-20260502/stdout_a73bcae23b714f42a311df903f392c44.
2026-05-04T10:53:31.7477859Z Successfully removed non-blocking flag from /podr/container/pipe/313cfc4bc45d_ekioba-frontend-ccan-20260502/stdout_a73bcae23b714f42a311df903f392c44.
2026-05-04T10:53:31.7553025Z Creating stderr named pipe at /podr/container/pipe/313cfc4bc45d_ekioba-frontend-ccan-20260502/stderr_9a0d10721c9347218fad2c993b2327ca.
2026-05-04T10:53:31.7555512Z Successfully created stderr named pipe at: /podr/container/pipe/313cfc4bc45d_ekioba-frontend-ccan-20260502/stderr_9a0d10721c9347218fad2c993b2327ca.
2026-05-04T10:53:31.7556669Z Opening named pipe /podr/container/pipe/313cfc4bc45d_ekioba-frontend-ccan-20260502/stderr_9a0d10721c9347218fad2c993b2327ca for reading in non-blocking mode.
2026-05-04T10:53:31.7558209Z Successfully opened named pipe: /podr/container/pipe/313cfc4bc45d_ekioba-frontend-ccan-20260502/stderr_9a0d10721c9347218fad2c993b2327ca.
2026-05-04T10:53:31.7559159Z Successfully removed non-blocking flag from /podr/container/pipe/313cfc4bc45d_ekioba-frontend-ccan-20260502/stderr_9a0d10721c9347218fad2c993b2327ca.
2026-05-04T10:53:31.7560843Z Creating container with image: appsvc/python:3.12_20260203.2.tuxprod from registry: mcr.microsoft.com and fully qualified image name: mcr.microsoft.com/appsvc/python:3.12_20260203.2.tuxprod
2026-05-04T10:53:32.2632560Z Starting container: 313cfc4bc45d_ekioba-frontend-ccan-20260502.
2026-05-04T10:53:32.3246110Z Starting watchers and probes.
2026-05-04T10:53:32.3320138Z Starting metrics collection.
2026-05-04T10:53:32.3325687Z Container is running.
2026-05-04T10:53:32.3327089Z State: Starting, Action: CreatingContainer, LastError: , LastErrorTimestamp: 01/01/0001 00:00:00, LastErrorDetails: , Details: Container ekioba-frontend-ccan-20260502 successfully created and is running., DetailsLevel: INFO
2026-05-04T10:53:32.6486735Z Container start method finished after 58576 ms.
2026-05-04T10:53:32.6494711Z State: Starting, Action: InitiatingSiteWarmUpProbe, LastError: , LastErrorTimestamp: 01/01/0001 00:00:00, LastErrorDetails: , Details: Container ekioba-frontend-ccan-20260502 successfully created and is running., DetailsLevel: INFO
2026-05-04T10:53:32.6495792Z State: Starting, Action: WaitingForSiteWarmUpProbeSuccess, LastError: , LastErrorTimestamp: 01/01/0001 00:00:00, LastErrorDetails: , Details: Pinging warmup path to ensure container is ready to receive requests., DetailsLevel: INFO
2026-05-04T10:54:16.6472023Z Site startup probe failed after 43.9962191 seconds.
2026-05-04T10:54:18.2504917Z State: Starting, Action: WaitingForSiteWarmUpProbeSuccess, LastError: ContainerTimeout, LastErrorTimestamp: 05/04/2026 10:54:18, LastErrorDetails: Container did not start within expected time limit of 230s. Please inspect your container logs for more details., Details: Pinging warmup path to ensure container is ready to receive requests., DetailsLevel: ERR
2026-05-04T10:54:18.3052741Z Failed to start site. Revert by stopping site.
2026-05-04T10:54:18.3063619Z State: Stopping, Action: StoppingSite, LastError: ContainerTimeout, LastErrorTimestamp: 05/04/2026 10:54:18, LastErrorDetails: Container did not start within expected time limit of 230s. Please inspect your container logs for more details., Details: Pinging warmup path to ensure container is ready to receive requests., DetailsLevel: ERR
2026-05-04T10:54:18.3250484Z State: Stopping, Action: StoppingSiteContainers, LastError: ContainerTimeout, LastErrorTimestamp: 05/04/2026 10:54:18, LastErrorDetails: Container did not start within expected time limit of 230s. Please inspect your container logs for more details., Details: Pinging warmup path to ensure container is ready to receive requests., DetailsLevel: ERR
2026-05-04T10:54:18.3268225Z Container is terminating. Grace period: 5 seconds.
2026-05-04T10:54:18.5060215Z Stop and delete container. Retry count = 0
2026-05-04T10:54:18.5076924Z Stopping container: 313cfc4bc45d_ekioba-frontend-ccan-20260502.
2026-05-04T10:54:23.8236045Z Deleting container: 313cfc4bc45d_ekioba-frontend-ccan-20260502. Retry count = 0
2026-05-04T10:54:26.9050080Z Container spec TerminationMessagePolicy  path 
2026-05-04T10:54:26.9074769Z Container is terminated. Total time elapsed: 8578 ms.
2026-05-04T10:54:26.9148491Z Site container: ekioba-frontend-ccan-20260502 terminated during site startup.
2026-05-04T10:54:26.9151508Z State: Stopping, Action: CancellingStartup, LastError: ContainerTimeout, LastErrorTimestamp: 05/04/2026 10:54:18, LastErrorDetails: Container did not start within expected time limit of 230s. Please inspect your container logs for more details., Details: Site container: ekioba-frontend-ccan-20260502 terminated during site startup. Cancelling site startup., DetailsLevel: ERR
2026-05-04T10:54:26.9168813Z Site: ekioba-frontend-ccan-20260502 stopped.
2026-05-04T10:54:49.3812193Z State: Stopping, Action: StoppingSite, LastError: ContainerTimeout, LastErrorTimestamp: 05/04/2026 09:31:41, LastErrorDetails: Container did not start within expected time limit of 230s. Please inspect your container logs for more details., Details: Site started at 05/04/2026 10:51:31 (UTC), DetailsLevel: INFO
2026-05-04T10:54:49.3865843Z State: Stopping, Action: StoppingSiteContainers, LastError: ContainerTimeout, LastErrorTimestamp: 05/04/2026 09:31:41, LastErrorDetails: Container did not start within expected time limit of 230s. Please inspect your container logs for more details., Details: Site started at 05/04/2026 10:51:31 (UTC), DetailsLevel: INFO
2026-05-04T10:54:49.3879569Z Container is terminating. Grace period: 5 seconds.
2026-05-04T10:54:49.3984169Z Stop and delete container. Retry count = 0
2026-05-04T10:54:49.4066159Z Stopping container: 8a17a590de94_ekioba-frontend-ccan-20260502.
2026-05-04T10:54:54.5773328Z Deleting container: 8a17a590de94_ekioba-frontend-ccan-20260502. Retry count = 0
2026-05-04T10:54:55.7260515Z Container spec TerminationMessagePolicy  path 
2026-05-04T10:54:55.7327259Z Container is terminated. Total time elapsed: 6338 ms.
2026-05-04T10:54:55.7328337Z Site: ekioba-frontend-ccan-20260502 stopped.
2026-05-04T10:58:54.5559682Z State: Starting, Action: EstablishingSiteNetworks, LastError: ContainerTimeout, LastErrorTimestamp: 05/04/2026 10:54:18, LastErrorDetails: Container did not start within expected time limit of 230s. Please inspect your container logs for more details., Details: Site stopped at 05/04/2026 10:54:28 (UTC), DetailsLevel: ERR
2026-05-04T10:58:56.9284158Z State: Starting, Action: StartingSiteContainers, LastError: ContainerTimeout, LastErrorTimestamp: 05/04/2026 10:54:18, LastErrorDetails: Container did not start within expected time limit of 230s. Please inspect your container logs for more details., Details: Site stopped at 05/04/2026 10:54:28 (UTC), DetailsLevel: ERR
2026-05-04T10:58:56.9445535Z Container start method called.
2026-05-04T10:58:56.9462683Z State: Starting, Action: PullingImage, LastError: ContainerTimeout, LastErrorTimestamp: 05/04/2026 10:54:18, LastErrorDetails: Container did not start within expected time limit of 230s. Please inspect your container logs for more details., Details: Pulling image 10.1.0.5:13209/appsvc/python:3.12_20260203.2.tuxprod for ekioba-frontend-ccan-20260502., DetailsLevel: INFO
2026-05-04T10:58:56.9467850Z Establishing network.
2026-05-04T10:58:56.9469521Z Pulling image: appsvc/python:3.12_20260203.2.tuxprod.
2026-05-04T10:59:42.9781914Z Container is starting.
2026-05-04T10:59:42.9809926Z State: Starting, Action: MountingVolumes, LastError: ContainerTimeout, LastErrorTimestamp: 05/04/2026 10:54:18, LastErrorDetails: Container did not start within expected time limit of 230s. Please inspect your container logs for more details., Details: Mounting volumes for ekioba-frontend-ccan-20260502., DetailsLevel: INFO
2026-05-04T10:59:42.9812659Z Establishing user namespace if not established already.
2026-05-04T10:59:42.9895035Z Establishing network if not established already.
2026-05-04T10:59:42.9897056Z Mounting volumes.
2026-05-04T10:59:42.9909382Z Nested mountpoint 
2026-05-04T10:59:43.0786785Z Nested mountpoint volatile/logs
2026-05-04T10:59:43.0972962Z Nested mountpoint 
2026-05-04T10:59:43.1794744Z Nested mountpoint 
2026-05-04T10:59:43.3155943Z Nested mountpoint 
2026-05-04T10:59:43.7460030Z State: Starting, Action: CreatingContainer, LastError: ContainerTimeout, LastErrorTimestamp: 05/04/2026 10:54:18, LastErrorDetails: Container did not start within expected time limit of 230s. Please inspect your container logs for more details., Details: Finished pulling container image and mounting volumes for ekioba-frontend-ccan-20260502. Allocatinng the rest of the container resources to finish container creation., DetailsLevel: INFO
2026-05-04T10:59:43.7518509Z Creating container.
2026-05-04T10:59:43.7525625Z Creating pipes for streaming container io.
2026-05-04T10:59:43.7527635Z Creating stdout named pipe at /podr/container/pipe/cc4efea79187_ekioba-frontend-ccan-20260502/stdout_41e336c7b8c0418abadf40cab1a5bcca.
2026-05-04T10:59:43.7542785Z Successfully created stdout named pipe at: /podr/container/pipe/cc4efea79187_ekioba-frontend-ccan-20260502/stdout_41e336c7b8c0418abadf40cab1a5bcca.
2026-05-04T10:59:43.7554058Z Opening named pipe /podr/container/pipe/cc4efea79187_ekioba-frontend-ccan-20260502/stdout_41e336c7b8c0418abadf40cab1a5bcca for reading in non-blocking mode.
2026-05-04T10:59:43.7619788Z Successfully opened named pipe: /podr/container/pipe/cc4efea79187_ekioba-frontend-ccan-20260502/stdout_41e336c7b8c0418abadf40cab1a5bcca.
2026-05-04T10:59:43.7624178Z Successfully removed non-blocking flag from /podr/container/pipe/cc4efea79187_ekioba-frontend-ccan-20260502/stdout_41e336c7b8c0418abadf40cab1a5bcca.
2026-05-04T10:59:43.7641493Z Creating stderr named pipe at /podr/container/pipe/cc4efea79187_ekioba-frontend-ccan-20260502/stderr_8bd54fe5b9eb4d1aad83dbe4823a58df.
2026-05-04T10:59:43.7648754Z Successfully created stderr named pipe at: /podr/container/pipe/cc4efea79187_ekioba-frontend-ccan-20260502/stderr_8bd54fe5b9eb4d1aad83dbe4823a58df.
2026-05-04T10:59:43.7654109Z Opening named pipe /podr/container/pipe/cc4efea79187_ekioba-frontend-ccan-20260502/stderr_8bd54fe5b9eb4d1aad83dbe4823a58df for reading in non-blocking mode.
2026-05-04T10:59:43.7740305Z Successfully opened named pipe: /podr/container/pipe/cc4efea79187_ekioba-frontend-ccan-20260502/stderr_8bd54fe5b9eb4d1aad83dbe4823a58df.
2026-05-04T10:59:43.7751394Z Successfully removed non-blocking flag from /podr/container/pipe/cc4efea79187_ekioba-frontend-ccan-20260502/stderr_8bd54fe5b9eb4d1aad83dbe4823a58df.
2026-05-04T10:59:43.7824282Z Creating container with image: appsvc/python:3.12_20260203.2.tuxprod from registry: mcr.microsoft.com and fully qualified image name: mcr.microsoft.com/appsvc/python:3.12_20260203.2.tuxprod
2026-05-04T10:59:44.3498318Z Starting container: cc4efea79187_ekioba-frontend-ccan-20260502.
2026-05-04T10:59:44.4165338Z Starting watchers and probes.
2026-05-04T10:59:44.4184439Z Starting metrics collection.
2026-05-04T10:59:44.4258328Z Container is running.
2026-05-04T10:59:44.4259194Z State: Starting, Action: CreatingContainer, LastError: ContainerTimeout, LastErrorTimestamp: 05/04/2026 10:54:18, LastErrorDetails: Container did not start within expected time limit of 230s. Please inspect your container logs for more details., Details: Container ekioba-frontend-ccan-20260502 successfully created and is running., DetailsLevel: INFO
2026-05-04T10:59:44.8699977Z Container start method finished after 47925 ms.
2026-05-04T10:59:44.8816417Z State: Starting, Action: InitiatingSiteWarmUpProbe, LastError: ContainerTimeout, LastErrorTimestamp: 05/04/2026 10:54:18, LastErrorDetails: Container did not start within expected time limit of 230s. Please inspect your container logs for more details., Details: Container ekioba-frontend-ccan-20260502 successfully created and is running., DetailsLevel: INFO
2026-05-04T10:59:44.8817687Z State: Starting, Action: WaitingForSiteWarmUpProbeSuccess, LastError: ContainerTimeout, LastErrorTimestamp: 05/04/2026 10:54:18, LastErrorDetails: Container did not start within expected time limit of 230s. Please inspect your container logs for more details., Details: Pinging warmup path to ensure container is ready to receive requests., DetailsLevel: INFO
2026-05-04T11:00:34.9417582Z Site startup probe succeeded after 50.0319586 seconds.
2026-05-04T11:00:35.1451778Z State: Starting, Action: WarmUpProbeSucceeded, LastError: ContainerTimeout, LastErrorTimestamp: 05/04/2026 10:54:18, LastErrorDetails: Container did not start within expected time limit of 230s. Please inspect your container logs for more details., Details: Site startup probe succeeded after 50.0319586 seconds., DetailsLevel: INFO
2026-05-04T11:00:35.5647184Z Site is running with deployment version: 0417fa15-3994-4853-8f9b-5df28c99a3ec
2026-05-04T11:00:35.5656311Z Site started.
2026-05-04T11:00:35.5716779Z State: Started, Action: None, LastError: ContainerTimeout, LastErrorTimestamp: 05/04/2026 10:54:18, LastErrorDetails: Container did not start within expected time limit of 230s. Please inspect your container logs for more details., Details: Site started at 05/04/2026 11:00:35 (UTC), DetailsLevel: INFO
2026-05-04T11:00:35.6148567Z Site is running with patch version PYTHON 3.12.12
2026-05-04T11:06:37.6313603Z State: Starting, Action: EstablishingSiteNetworks, LastError: , LastErrorTimestamp: 01/01/0001 00:00:00, LastErrorDetails: , Details: , DetailsLevel: INFO
2026-05-04T11:06:39.9257197Z State: Starting, Action: StartingSiteContainers, LastError: , LastErrorTimestamp: 01/01/0001 00:00:00, LastErrorDetails: , Details: , DetailsLevel: INFO
2026-05-04T11:06:39.9348748Z Container start method called.
2026-05-04T11:06:39.9351629Z State: Starting, Action: PullingImage, LastError: , LastErrorTimestamp: 01/01/0001 00:00:00, LastErrorDetails: , Details: Pulling image 10.1.0.4:13209/appsvc/python:3.12_20260203.2.tuxprod for ekioba-frontend-ccan-20260502., DetailsLevel: INFO
2026-05-04T11:06:39.9448450Z Establishing network.
2026-05-04T11:06:39.9450455Z Pulling image: appsvc/python:3.12_20260203.2.tuxprod.
2026-05-04T11:07:33.2383729Z Container is starting.
2026-05-04T11:07:33.2393517Z State: Starting, Action: MountingVolumes, LastError: , LastErrorTimestamp: 01/01/0001 00:00:00, LastErrorDetails: , Details: Mounting volumes for ekioba-frontend-ccan-20260502., DetailsLevel: INFO
2026-05-04T11:07:33.2400730Z Establishing user namespace if not established already.
2026-05-04T11:07:33.2465114Z Establishing network if not established already.
2026-05-04T11:07:33.2466986Z Mounting volumes.
2026-05-04T11:07:33.2558797Z Nested mountpoint 
2026-05-04T11:07:33.3181035Z Nested mountpoint volatile/logs
2026-05-04T11:07:33.3544865Z Nested mountpoint 
2026-05-04T11:07:33.3858823Z Nested mountpoint 
2026-05-04T11:07:33.4059717Z Nested mountpoint 
2026-05-04T11:07:34.8021861Z State: Starting, Action: CreatingContainer, LastError: , LastErrorTimestamp: 01/01/0001 00:00:00, LastErrorDetails: , Details: Finished pulling container image and mounting volumes for ekioba-frontend-ccan-20260502. Allocatinng the rest of the container resources to finish container creation., DetailsLevel: INFO
2026-05-04T11:07:34.8024627Z Creating container.
2026-05-04T11:07:34.8025867Z Creating pipes for streaming container io.
2026-05-04T11:07:34.8115141Z Creating stdout named pipe at /podr/container/pipe/f286e2b2d13e_ekioba-frontend-ccan-20260502/stdout_b737ed66cd6340f5bb1fb118eb18d648.
2026-05-04T11:07:34.8210297Z Successfully created stdout named pipe at: /podr/container/pipe/f286e2b2d13e_ekioba-frontend-ccan-20260502/stdout_b737ed66cd6340f5bb1fb118eb18d648.
2026-05-04T11:07:34.8216574Z Opening named pipe /podr/container/pipe/f286e2b2d13e_ekioba-frontend-ccan-20260502/stdout_b737ed66cd6340f5bb1fb118eb18d648 for reading in non-blocking mode.
2026-05-04T11:07:34.8227224Z Successfully opened named pipe: /podr/container/pipe/f286e2b2d13e_ekioba-frontend-ccan-20260502/stdout_b737ed66cd6340f5bb1fb118eb18d648.
2026-05-04T11:07:34.8232572Z Successfully removed non-blocking flag from /podr/container/pipe/f286e2b2d13e_ekioba-frontend-ccan-20260502/stdout_b737ed66cd6340f5bb1fb118eb18d648.
2026-05-04T11:07:34.8805135Z Creating stderr named pipe at /podr/container/pipe/f286e2b2d13e_ekioba-frontend-ccan-20260502/stderr_d0d765feabcd492bac14b45631bdf1fb.
2026-05-04T11:07:34.8821894Z Successfully created stderr named pipe at: /podr/container/pipe/f286e2b2d13e_ekioba-frontend-ccan-20260502/stderr_d0d765feabcd492bac14b45631bdf1fb.
2026-05-04T11:07:34.8894731Z Opening named pipe /podr/container/pipe/f286e2b2d13e_ekioba-frontend-ccan-20260502/stderr_d0d765feabcd492bac14b45631bdf1fb for reading in non-blocking mode.
2026-05-04T11:07:34.8906244Z Successfully opened named pipe: /podr/container/pipe/f286e2b2d13e_ekioba-frontend-ccan-20260502/stderr_d0d765feabcd492bac14b45631bdf1fb.
2026-05-04T11:07:34.8918768Z Successfully removed non-blocking flag from /podr/container/pipe/f286e2b2d13e_ekioba-frontend-ccan-20260502/stderr_d0d765feabcd492bac14b45631bdf1fb.
2026-05-04T11:07:34.9091618Z Creating container with image: appsvc/python:3.12_20260203.2.tuxprod from registry: mcr.microsoft.com and fully qualified image name: mcr.microsoft.com/appsvc/python:3.12_20260203.2.tuxprod
2026-05-04T11:07:36.8312885Z Starting container: f286e2b2d13e_ekioba-frontend-ccan-20260502.
2026-05-04T11:07:36.9718361Z Starting watchers and probes.
2026-05-04T11:07:36.9931329Z Starting metrics collection.
2026-05-04T11:07:36.9934871Z Container is running.
2026-05-04T11:07:37.0006724Z State: Starting, Action: CreatingContainer, LastError: , LastErrorTimestamp: 01/01/0001 00:00:00, LastErrorDetails: , Details: Container ekioba-frontend-ccan-20260502 successfully created and is running., DetailsLevel: INFO
2026-05-04T11:07:37.2303334Z Container start method finished after 57267 ms.
2026-05-04T11:07:37.2623636Z State: Starting, Action: InitiatingSiteWarmUpProbe, LastError: , LastErrorTimestamp: 01/01/0001 00:00:00, LastErrorDetails: , Details: Container ekioba-frontend-ccan-20260502 successfully created and is running., DetailsLevel: INFO
2026-05-04T11:07:37.2689883Z State: Starting, Action: WaitingForSiteWarmUpProbeSuccess, LastError: , LastErrorTimestamp: 01/01/0001 00:00:00, LastErrorDetails: , Details: Pinging warmup path to ensure container is ready to receive requests., DetailsLevel: INFO
2026-05-04T11:08:36.3054273Z Site startup probe succeeded after 59.0356509 seconds.
2026-05-04T11:08:36.5214421Z State: Starting, Action: WarmUpProbeSucceeded, LastError: , LastErrorTimestamp: 01/01/0001 00:00:00, LastErrorDetails: , Details: Site startup probe succeeded after 59.0356509 seconds., DetailsLevel: INFO
2026-05-04T11:08:38.6254172Z Site is running with deployment version: fe73c320-eb7d-479f-81fb-6f729ef297c5
2026-05-04T11:08:38.6261947Z Site started.
2026-05-04T11:08:38.6276978Z State: Started, Action: None, LastError: , LastErrorTimestamp: 01/01/0001 00:00:00, LastErrorDetails: , Details: Site started at 05/04/2026 11:08:38 (UTC), DetailsLevel: INFO
2026-05-04T11:08:38.6456617Z Site is running with patch version PYTHON 3.12.12
2026-05-04T11:08:58.8506807Z State: Stopping, Action: StoppingSite, LastError: ContainerTimeout, LastErrorTimestamp: 05/04/2026 10:54:18, LastErrorDetails: Container did not start within expected time limit of 230s. Please inspect your container logs for more details., Details: Site started at 05/04/2026 11:00:35 (UTC), DetailsLevel: INFO
2026-05-04T11:08:58.8583996Z State: Stopping, Action: StoppingSiteContainers, LastError: ContainerTimeout, LastErrorTimestamp: 05/04/2026 10:54:18, LastErrorDetails: Container did not start within expected time limit of 230s. Please inspect your container logs for more details., Details: Site started at 05/04/2026 11:00:35 (UTC), DetailsLevel: INFO
2026-05-04T11:08:58.8604385Z Container is terminating. Grace period: 5 seconds.
2026-05-04T11:08:58.8976480Z Stop and delete container. Retry count = 0
2026-05-04T11:08:58.8980785Z Stopping container: cc4efea79187_ekioba-frontend-ccan-20260502.
2026-05-04T11:09:04.0320642Z Deleting container: cc4efea79187_ekioba-frontend-ccan-20260502. Retry count = 0
2026-05-04T11:09:05.4495680Z Container spec TerminationMessagePolicy  path 
2026-05-04T11:09:05.4518987Z Container is terminated. Total time elapsed: 6590 ms.
2026-05-04T11:09:05.4530835Z Site: ekioba-frontend-ccan-20260502 stopped.
2026-05-04T12:43:07.3245943Z State: Starting, Action: EstablishingSiteNetworks, LastError: , LastErrorTimestamp: 01/01/0001 00:00:00, LastErrorDetails: , Details: , DetailsLevel: INFO
2026-05-04T12:43:12.4491622Z State: Starting, Action: StartingSiteContainers, LastError: , LastErrorTimestamp: 01/01/0001 00:00:00, LastErrorDetails: , Details: , DetailsLevel: INFO
2026-05-04T12:43:12.4580743Z Container start method called.
2026-05-04T12:43:12.4581335Z State: Starting, Action: PullingImage, LastError: , LastErrorTimestamp: 01/01/0001 00:00:00, LastErrorDetails: , Details: Pulling image 10.1.0.4:13209/appsvc/python:3.12_20260203.2.tuxprod for ekioba-frontend-ccan-20260502., DetailsLevel: INFO
2026-05-04T12:43:12.4582273Z Establishing network.
2026-05-04T12:43:12.4589538Z Pulling image: appsvc/python:3.12_20260203.2.tuxprod.
2026-05-04T12:44:14.0214537Z Container is starting.
2026-05-04T12:44:14.0342769Z State: Starting, Action: MountingVolumes, LastError: , LastErrorTimestamp: 01/01/0001 00:00:00, LastErrorDetails: , Details: Mounting volumes for ekioba-frontend-ccan-20260502., DetailsLevel: INFO
2026-05-04T12:44:14.0352108Z Establishing user namespace if not established already.
2026-05-04T12:44:14.0397555Z Establishing network if not established already.
2026-05-04T12:44:14.0408351Z Mounting volumes.
2026-05-04T12:44:14.0417805Z Nested mountpoint 
2026-05-04T12:44:14.0894769Z Nested mountpoint volatile/logs
2026-05-04T12:44:14.1195447Z Nested mountpoint 
2026-05-04T12:44:14.2391250Z Nested mountpoint 
2026-05-04T12:44:14.2564945Z Nested mountpoint 
2026-05-04T12:44:14.7238050Z State: Starting, Action: CreatingContainer, LastError: , LastErrorTimestamp: 01/01/0001 00:00:00, LastErrorDetails: , Details: Finished pulling container image and mounting volumes for ekioba-frontend-ccan-20260502. Allocatinng the rest of the container resources to finish container creation., DetailsLevel: INFO
2026-05-04T12:44:14.7244251Z Creating container.
2026-05-04T12:44:14.7261432Z Creating pipes for streaming container io.
2026-05-04T12:44:14.7266672Z Creating stdout named pipe at /podr/container/pipe/145058b72ab2_ekioba-frontend-ccan-20260502/stdout_186684cbdfd14cfd88460a559d717130.
2026-05-04T12:44:14.7331697Z Successfully created stdout named pipe at: /podr/container/pipe/145058b72ab2_ekioba-frontend-ccan-20260502/stdout_186684cbdfd14cfd88460a559d717130.
2026-05-04T12:44:14.7341009Z Opening named pipe /podr/container/pipe/145058b72ab2_ekioba-frontend-ccan-20260502/stdout_186684cbdfd14cfd88460a559d717130 for reading in non-blocking mode.
2026-05-04T12:44:14.7346435Z Successfully opened named pipe: /podr/container/pipe/145058b72ab2_ekioba-frontend-ccan-20260502/stdout_186684cbdfd14cfd88460a559d717130.
2026-05-04T12:44:14.7417071Z Successfully removed non-blocking flag from /podr/container/pipe/145058b72ab2_ekioba-frontend-ccan-20260502/stdout_186684cbdfd14cfd88460a559d717130.
2026-05-04T12:44:14.7439455Z Creating stderr named pipe at /podr/container/pipe/145058b72ab2_ekioba-frontend-ccan-20260502/stderr_10dcfb618faf49ee9a4bbea995b2b440.
2026-05-04T12:44:14.7447387Z Successfully created stderr named pipe at: /podr/container/pipe/145058b72ab2_ekioba-frontend-ccan-20260502/stderr_10dcfb618faf49ee9a4bbea995b2b440.
2026-05-04T12:44:14.7456632Z Opening named pipe /podr/container/pipe/145058b72ab2_ekioba-frontend-ccan-20260502/stderr_10dcfb618faf49ee9a4bbea995b2b440 for reading in non-blocking mode.
2026-05-04T12:44:14.7535535Z Successfully opened named pipe: /podr/container/pipe/145058b72ab2_ekioba-frontend-ccan-20260502/stderr_10dcfb618faf49ee9a4bbea995b2b440.
2026-05-04T12:44:14.7540413Z Successfully removed non-blocking flag from /podr/container/pipe/145058b72ab2_ekioba-frontend-ccan-20260502/stderr_10dcfb618faf49ee9a4bbea995b2b440.
2026-05-04T12:44:14.7623799Z Creating container with image: appsvc/python:3.12_20260203.2.tuxprod from registry: mcr.microsoft.com and fully qualified image name: mcr.microsoft.com/appsvc/python:3.12_20260203.2.tuxprod
2026-05-04T12:44:15.2721453Z Starting container: 145058b72ab2_ekioba-frontend-ccan-20260502.
2026-05-04T12:44:15.3434516Z Starting watchers and probes.
2026-05-04T12:44:15.3443496Z Starting metrics collection.
2026-05-04T12:44:15.3450704Z Container is running.
2026-05-04T12:44:15.3453911Z State: Starting, Action: CreatingContainer, LastError: , LastErrorTimestamp: 01/01/0001 00:00:00, LastErrorDetails: , Details: Container ekioba-frontend-ccan-20260502 successfully created and is running., DetailsLevel: INFO
2026-05-04T12:44:15.5529292Z Container start method finished after 63094 ms.
2026-05-04T12:44:15.6423875Z State: Starting, Action: InitiatingSiteWarmUpProbe, LastError: , LastErrorTimestamp: 01/01/0001 00:00:00, LastErrorDetails: , Details: Container ekioba-frontend-ccan-20260502 successfully created and is running., DetailsLevel: INFO
2026-05-04T12:44:15.6430908Z State: Starting, Action: WaitingForSiteWarmUpProbeSuccess, LastError: , LastErrorTimestamp: 01/01/0001 00:00:00, LastErrorDetails: , Details: Pinging warmup path to ensure container is ready to receive requests., DetailsLevel: INFO
2026-05-04T12:45:06.8900527Z Site startup probe succeeded after 51.1316747 seconds.
2026-05-04T12:45:07.6868633Z State: Starting, Action: WarmUpProbeSucceeded, LastError: , LastErrorTimestamp: 01/01/0001 00:00:00, LastErrorDetails: , Details: Site startup probe succeeded after 51.1316747 seconds., DetailsLevel: INFO
2026-05-04T12:45:08.7291743Z Site is running with deployment version: fe73c320-eb7d-479f-81fb-6f729ef297c5
2026-05-04T12:45:08.7304569Z Site started.
2026-05-04T12:45:08.7307501Z State: Started, Action: None, LastError: , LastErrorTimestamp: 01/01/0001 00:00:00, LastErrorDetails: , Details: Site started at 05/04/2026 12:45:08 (UTC), DetailsLevel: INFO
2026-05-04T12:45:08.7396765Z Site is running with patch version PYTHON 3.12.12
2026-05-04T12:45:28.8148820Z State: Stopping, Action: StoppingSite, LastError: ContainerTimeout, LastErrorTimestamp: 05/04/2026 10:54:18, LastErrorDetails: Container did not start within expected time limit of 230s. Please inspect your container logs for more details., Details: Site started at 05/04/2026 11:08:38 (UTC), DetailsLevel: INFO
2026-05-04T12:45:28.8230462Z State: Stopping, Action: StoppingSiteContainers, LastError: ContainerTimeout, LastErrorTimestamp: 05/04/2026 10:54:18, LastErrorDetails: Container did not start within expected time limit of 230s. Please inspect your container logs for more details., Details: Site started at 05/04/2026 11:08:38 (UTC), DetailsLevel: INFO
2026-05-04T12:45:28.8232117Z Container is terminating. Grace period: 5 seconds.
2026-05-04T12:45:28.8697738Z Stop and delete container. Retry count = 0
2026-05-04T12:45:28.8699601Z Stopping container: f286e2b2d13e_ekioba-frontend-ccan-20260502.
2026-05-04T12:45:34.0121218Z Deleting container: f286e2b2d13e_ekioba-frontend-ccan-20260502. Retry count = 0
2026-05-04T12:45:35.1511069Z Container spec TerminationMessagePolicy  path 
2026-05-04T12:45:35.1519213Z Container is terminated. Total time elapsed: 6327 ms.
2026-05-04T12:45:35.1587104Z Site: ekioba-frontend-ccan-20260502 stopped.
2026-05-04T12:51:13.0250828Z State: Starting, Action: EstablishingSiteNetworks, LastError: , LastErrorTimestamp: 01/01/0001 00:00:00, LastErrorDetails: , Details: , DetailsLevel: INFO
2026-05-04T12:51:16.5988322Z State: Starting, Action: StartingSiteContainers, LastError: , LastErrorTimestamp: 01/01/0001 00:00:00, LastErrorDetails: , Details: , DetailsLevel: INFO
2026-05-04T12:51:16.6162745Z Container start method called.
2026-05-04T12:51:16.6183474Z State: Starting, Action: PullingImage, LastError: , LastErrorTimestamp: 01/01/0001 00:00:00, LastErrorDetails: , Details: Pulling image 10.1.0.4:13209/appsvc/python:3.12_20260203.2.tuxprod for ekioba-frontend-ccan-20260502., DetailsLevel: INFO
2026-05-04T12:51:16.6356585Z Establishing network.
2026-05-04T12:51:16.6363633Z Pulling image: appsvc/python:3.12_20260203.2.tuxprod.
2026-05-04T12:52:06.1364551Z Container is starting.
2026-05-04T12:52:06.1376515Z State: Starting, Action: MountingVolumes, LastError: , LastErrorTimestamp: 01/01/0001 00:00:00, LastErrorDetails: , Details: Mounting volumes for ekioba-frontend-ccan-20260502., DetailsLevel: INFO
2026-05-04T12:52:06.1385878Z Establishing user namespace if not established already.
2026-05-04T12:52:06.1391020Z Establishing network if not established already.
2026-05-04T12:52:06.1397218Z Mounting volumes.
2026-05-04T12:52:06.1498598Z Nested mountpoint 
2026-05-04T12:52:06.2466486Z Nested mountpoint volatile/logs
2026-05-04T12:52:06.2564262Z Nested mountpoint 
2026-05-04T12:52:06.3357893Z Nested mountpoint 
2026-05-04T12:52:06.3456625Z Nested mountpoint 
2026-05-04T12:52:06.8324792Z State: Starting, Action: CreatingContainer, LastError: , LastErrorTimestamp: 01/01/0001 00:00:00, LastErrorDetails: , Details: Finished pulling container image and mounting volumes for ekioba-frontend-ccan-20260502. Allocatinng the rest of the container resources to finish container creation., DetailsLevel: INFO
2026-05-04T12:52:06.8329905Z Creating container.
2026-05-04T12:52:06.8334176Z Creating pipes for streaming container io.
2026-05-04T12:52:06.8346321Z Creating stdout named pipe at /podr/container/pipe/6bf697cafa20_ekioba-frontend-ccan-20260502/stdout_8f1719d98b574e79b6224dc3b91850b6.
2026-05-04T12:52:06.8426498Z Successfully created stdout named pipe at: /podr/container/pipe/6bf697cafa20_ekioba-frontend-ccan-20260502/stdout_8f1719d98b574e79b6224dc3b91850b6.
2026-05-04T12:52:06.8449642Z Opening named pipe /podr/container/pipe/6bf697cafa20_ekioba-frontend-ccan-20260502/stdout_8f1719d98b574e79b6224dc3b91850b6 for reading in non-blocking mode.
2026-05-04T12:52:06.8459472Z Successfully opened named pipe: /podr/container/pipe/6bf697cafa20_ekioba-frontend-ccan-20260502/stdout_8f1719d98b574e79b6224dc3b91850b6.
2026-05-04T12:52:06.8524361Z Successfully removed non-blocking flag from /podr/container/pipe/6bf697cafa20_ekioba-frontend-ccan-20260502/stdout_8f1719d98b574e79b6224dc3b91850b6.
2026-05-04T12:52:06.8544980Z Creating stderr named pipe at /podr/container/pipe/6bf697cafa20_ekioba-frontend-ccan-20260502/stderr_2da66791240b4f9fa6c92258e4b142e0.
2026-05-04T12:52:06.8550855Z Successfully created stderr named pipe at: /podr/container/pipe/6bf697cafa20_ekioba-frontend-ccan-20260502/stderr_2da66791240b4f9fa6c92258e4b142e0.
2026-05-04T12:52:06.8552390Z Opening named pipe /podr/container/pipe/6bf697cafa20_ekioba-frontend-ccan-20260502/stderr_2da66791240b4f9fa6c92258e4b142e0 for reading in non-blocking mode.
2026-05-04T12:52:06.8554727Z Successfully opened named pipe: /podr/container/pipe/6bf697cafa20_ekioba-frontend-ccan-20260502/stderr_2da66791240b4f9fa6c92258e4b142e0.
2026-05-04T12:52:06.8620695Z Successfully removed non-blocking flag from /podr/container/pipe/6bf697cafa20_ekioba-frontend-ccan-20260502/stderr_2da66791240b4f9fa6c92258e4b142e0.
2026-05-04T12:52:06.8636906Z Creating container with image: appsvc/python:3.12_20260203.2.tuxprod from registry: mcr.microsoft.com and fully qualified image name: mcr.microsoft.com/appsvc/python:3.12_20260203.2.tuxprod
2026-05-04T12:52:07.9392022Z Starting container: 6bf697cafa20_ekioba-frontend-ccan-20260502.
2026-05-04T12:52:08.0209145Z Starting watchers and probes.
2026-05-04T12:52:08.0377998Z Starting metrics collection.
2026-05-04T12:52:08.0407906Z Container is running.
2026-05-04T12:52:08.0409088Z State: Starting, Action: CreatingContainer, LastError: , LastErrorTimestamp: 01/01/0001 00:00:00, LastErrorDetails: , Details: Container ekioba-frontend-ccan-20260502 successfully created and is running., DetailsLevel: INFO
2026-05-04T12:52:08.2738957Z Container start method finished after 51657 ms.
2026-05-04T12:52:08.2923889Z State: Starting, Action: InitiatingSiteWarmUpProbe, LastError: , LastErrorTimestamp: 01/01/0001 00:00:00, LastErrorDetails: , Details: Container ekioba-frontend-ccan-20260502 successfully created and is running., DetailsLevel: INFO
2026-05-04T12:52:08.3808149Z State: Starting, Action: WaitingForSiteWarmUpProbeSuccess, LastError: , LastErrorTimestamp: 01/01/0001 00:00:00, LastErrorDetails: , Details: Pinging warmup path to ensure container is ready to receive requests., DetailsLevel: INFO
2026-05-04T12:53:20.4814477Z Site startup probe succeeded after 72.0588913 seconds.
2026-05-04T12:53:20.6368684Z State: Starting, Action: WarmUpProbeSucceeded, LastError: , LastErrorTimestamp: 01/01/0001 00:00:00, LastErrorDetails: , Details: Site startup probe succeeded after 72.0588913 seconds., DetailsLevel: INFO
2026-05-04T12:53:21.0080767Z Site is running with deployment version: 2be30373-cff8-4fd5-86c9-b61647f4101e
2026-05-04T12:53:21.0122172Z Site started.
2026-05-04T12:53:21.0177468Z State: Started, Action: None, LastError: , LastErrorTimestamp: 01/01/0001 00:00:00, LastErrorDetails: , Details: Site started at 05/04/2026 12:53:21 (UTC), DetailsLevel: INFO
2026-05-04T12:53:21.0192966Z Site is running with patch version PYTHON 3.12.12
2026-05-04T12:53:41.1011980Z State: Stopping, Action: StoppingSite, LastError: ContainerTimeout, LastErrorTimestamp: 05/04/2026 10:54:18, LastErrorDetails: Container did not start within expected time limit of 230s. Please inspect your container logs for more details., Details: Site started at 05/04/2026 12:45:08 (UTC), DetailsLevel: INFO
2026-05-04T12:53:41.1066887Z State: Stopping, Action: StoppingSiteContainers, LastError: ContainerTimeout, LastErrorTimestamp: 05/04/2026 10:54:18, LastErrorDetails: Container did not start within expected time limit of 230s. Please inspect your container logs for more details., Details: Site started at 05/04/2026 12:45:08 (UTC), DetailsLevel: INFO
2026-05-04T12:53:41.1089858Z Container is terminating. Grace period: 5 seconds.
2026-05-04T12:53:41.1711373Z Stop and delete container. Retry count = 0
2026-05-04T12:53:41.1719309Z Stopping container: 145058b72ab2_ekioba-frontend-ccan-20260502.
2026-05-04T12:53:46.3556380Z Deleting container: 145058b72ab2_ekioba-frontend-ccan-20260502. Retry count = 0
2026-05-04T12:53:47.4613310Z Container spec TerminationMessagePolicy  path 
2026-05-04T12:53:47.4704789Z Container is terminated. Total time elapsed: 6360 ms.
2026-05-04T12:53:47.4790943Z Site: ekioba-frontend-ccan-20260502 stopped.
